# 2026-09-19T19:51:01+00:00 smc-log start; envelopes: PZ0E=1228.0  PZ1E=450.0  PZ3E=530.0  PZ4E=530.0  PZ5E=300.0  PZ7E=1562.0
19:51:02 PZ0G=304.2  PZ7G=356.1  PZ1G=35.3  PZ3G=101.0  PZ4G=96.6  PZ5G=17.0  PZ0T=0.0  PZ3T=0.0  PZ4T=0.0  PZ7T=0.0  PZ0F=284.0  PZ1F=35.1  PZ3F=97.9  PZ4F=93.6  PG0R=101.0  PG2R=96.6  TG0s=0.0  TG1s=0.0  TG3s=0.0  TG4s=0.0  TG0D=43.0  TG1D=39.0  TG3D=43.0  TG4D=38.0
19:51:07 PZ0G=289.7  PZ7G=353.5  PZ1G=36.5  PZ3G=100.9  PZ4G=96.6  PZ5G=17.0  PZ0T=0.0  PZ3T=0.0  PZ4T=0.0  PZ7T=0.0  PZ0F=292.6  PZ1F=36.5  PZ3F=99.8  PZ4F=95.5  PG0R=100.9  PG2R=96.6  TG0s=0.0  TG1s=0.0  TG3s=0.0  TG4s=0.0  TG0D=43.0  TG1D=38.0  TG3D=42.0  TG4D=38.0
19:51:12 PZ0G=351.2  PZ7G=458.6  PZ1G=78.5  PZ3G=97.1  PZ4G=92.6  PZ5G=17.0  PZ0T=0.0  PZ3T=0.0  PZ4T=0.0  PZ7T=0.0  PZ0F=323.6  PZ1F=59.5  PZ3F=98.4  PZ4F=94.0  PG0R=97.1  PG2R=92.6  TG0s=0.0  TG1s=0.0  TG3s=0.0  TG4s=0.0  TG0D=42.0  TG1D=38.0  TG3D=42.0  TG4D=38.0
19:51:17 PZ0G=319.3  PZ7G=357.9  PZ1G=74.5  PZ3G=86.6  PZ4G=81.7  PZ5G=17.0  PZ0T=0.0  PZ3T=0.0  PZ4T=0.0  PZ7T=0.0  PZ0F=330.6  PZ1F=72.3  PZ3F=93.1  PZ4F=88.9  PG0R=86.6  PG2R=81.7  TG0s=0.0  TG1s=0.0  TG3s=0.0  TG4s=0.0  TG0D=41.0  TG1D=38.0  TG3D=41.0  TG4D=37.0
19:51:22 PZ0G=1079.5  PZ7G=1348.9  PZ1G=86.7  PZ3G=465.1  PZ4G=462.5  PZ5G=17.5  PZ0T=0.0  PZ3T=0.0  PZ4T=0.0  PZ7T=0.0  PZ0F=547.1  PZ1F=75.8  PZ3F=202.3  PZ4F=198.4  PG0R=465.1  PG2R=462.5  TG0s=0.0  TG1s=0.0  TG3s=0.0  TG4s=0.0  TG0D=62.0  TG1D=44.0  TG3D=63.0  TG4D=43.0
19:51:27 PZ0G=1081.3  PZ7G=1337.0  PZ1G=74.2  PZ3G=472.9  PZ4G=469.4  PZ5G=17.5  PZ0T=0.0  PZ3T=0.0  PZ4T=0.0  PZ7T=0.0  PZ0F=874.3  PZ1F=76.0  PZ3F=367.4  PZ4F=363.7  PG0R=472.9  PG2R=469.4  TG0s=0.0  TG1s=0.0  TG3s=0.0  TG4s=0.0  TG0D=64.0  TG1D=46.0  TG3D=65.0  TG4D=45.0
19:51:32 PZ0G=1018.5  PZ7G=1327.4  PZ1G=74.2  PZ3G=440.8  PZ4G=437.5  PZ5G=17.5  PZ0T=0.0  PZ3T=0.0  PZ4T=0.0  PZ7T=0.0  PZ0F=963.9  PZ1F=74.6  PZ3F=413.3  PZ4F=409.8  PG0R=440.8  PG2R=437.5  TG0s=0.0  TG1s=0.0  TG3s=0.0  TG4s=0.0  TG0D=66.0  TG1D=45.0  TG3D=66.0  TG4D=47.0
19:51:37 PZ0G=1038.4  PZ7G=1345.1  PZ1G=75.8  PZ3G=450.4  PZ4G=446.8  PZ5G=17.5  PZ0T=0.0  PZ3T=0.0  PZ4T=0.0  PZ7T=0.0  PZ0F=1006.4  PZ1F=74.3  PZ3F=434.9  PZ4F=431.3  PG0R=450.4  PG2R=446.8  TG0s=0.0  TG1s=0.0  TG3s=0.0  TG4s=0.0  TG0D=66.0  TG1D=48.0  TG3D=66.0  TG4D=49.0
19:51:42 PZ0G=1116.9  PZ7G=1378.2  PZ1G=114.2  PZ3G=471.8  PZ4G=468.0  PZ5G=17.6  PZ0T=0.0  PZ3T=0.0  PZ4T=0.0  PZ7T=0.0  PZ0F=1071.8  PZ1F=97.7  PZ3F=456.8  PZ4F=453.2  PG0R=471.8  PG2R=468.0  TG0s=0.0  TG1s=0.0  TG3s=0.0  TG4s=0.0  TG0D=67.0  TG1D=48.0  TG3D=68.0  TG4D=50.0
19:51:47 PZ0G=1096.8  PZ7G=1359.4  PZ1G=91.0  PZ3G=472.9  PZ4G=468.9  PZ5G=17.5  PZ0T=0.0  PZ3T=0.0  PZ4T=0.0  PZ7T=0.0  PZ0F=1093.8  PZ1F=100.2  PZ3F=466.8  PZ4F=463.1  PG0R=472.9  PG2R=468.9  TG0s=0.0  TG1s=0.0  TG3s=0.0  TG4s=0.0  TG0D=68.0  TG1D=50.0  TG3D=68.0  TG4D=50.0
19:51:52 PZ0G=1047.7  PZ7G=1360.2  PZ1G=88.3  PZ3G=448.7  PZ4G=445.1  PZ5G=17.5  PZ0T=0.0  PZ3T=0.0  PZ4T=0.0  PZ7T=0.0  PZ0F=1089.0  PZ1F=94.3  PZ3F=467.1  PZ4F=463.5  PG0R=448.7  PG2R=445.1  TG0s=0.0  TG1s=0.0  TG3s=0.0  TG4s=0.0  TG0D=68.0  TG1D=50.0  TG3D=69.0  TG4D=50.0
19:51:57 PZ0G=1122.0  PZ7G=1383.2  PZ1G=114.0  PZ3G=474.3  PZ4G=470.7  PZ5G=17.6  PZ0T=0.0  PZ3T=0.0  PZ4T=0.0  PZ7T=0.0  PZ0F=1108.1  PZ1F=106.6  PZ3F=470.8  PZ4F=467.2  PG0R=474.3  PG2R=470.7  TG0s=0.0  TG1s=0.0  TG3s=0.0  TG4s=0.0  TG0D=69.0  TG1D=50.0  TG3D=70.0  TG4D=51.0
19:52:02 PZ0G=1086.4  PZ7G=1345.5  PZ1G=81.2  PZ3G=472.2  PZ4G=468.5  PZ5G=17.5  PZ0T=0.0  PZ3T=0.0  PZ4T=0.0  PZ7T=0.0  PZ0F=1100.1  PZ1F=95.4  PZ3F=472.3  PZ4F=468.6  PG0R=472.2  PG2R=468.5  TG0s=0.0  TG1s=0.0  TG3s=0.0  TG4s=0.0  TG0D=70.0  TG1D=52.0  TG3D=70.0  TG4D=51.0
19:52:07 PZ0G=1119.7  PZ7G=1390.0  PZ1G=113.9  PZ3G=473.2  PZ4G=469.5  PZ5G=17.5  PZ0T=0.0  PZ3T=0.0  PZ4T=0.0  PZ7T=0.0  PZ0F=1102.8  PZ1F=101.3  PZ3F=470.7  PZ4F=467.1  PG0R=473.2  PG2R=469.5  TG0s=0.0  TG1s=0.0  TG3s=0.0  TG4s=0.0  TG0D=71.0  TG1D=52.0  TG3D=71.0  TG4D=52.0
19:52:12 PZ0G=1102.6  PZ7G=1368.1  PZ1G=96.3  PZ3G=472.9  PZ4G=469.4  PZ5G=17.6  PZ0T=0.0  PZ3T=0.0  PZ4T=0.0  PZ7T=0.0  PZ0F=1111.1  PZ1F=106.1  PZ3F=472.6  PZ4F=469.0  PG0R=472.9  PG2R=469.4  TG0s=0.0  TG1s=0.0  TG3s=0.0  TG4s=0.0  TG0D=72.0  TG1D=53.0  TG3D=72.0  TG4D=52.0
19:52:17 PZ0G=742.8  PZ7G=1246.6  PZ1G=75.1  PZ3G=301.0  PZ4G=297.2  PZ5G=17.3  PZ0T=0.0  PZ3T=0.0  PZ4T=0.0  PZ7T=0.0  PZ0F=1030.4  PZ1F=88.7  PZ3F=440.1  PZ4F=436.5  PG0R=301.0  PG2R=297.2  TG0s=0.0  TG1s=0.0  TG3s=0.0  TG4s=0.0  TG0D=64.0  TG1D=50.0  TG3D=64.0  TG4D=52.0
19:52:22 PZ0G=1083.2  PZ7G=1347.0  PZ1G=76.2  PZ3G=472.6  PZ4G=469.3  PZ5G=17.6  PZ0T=0.0  PZ3T=0.0  PZ4T=0.0  PZ7T=0.0  PZ0F=1031.0  PZ1F=82.3  PZ3F=443.3  PZ4F=439.9  PG0R=472.6  PG2R=469.3  TG0s=0.0  TG1s=0.0  TG3s=0.0  TG4s=0.0  TG0D=74.0  TG1D=53.0  TG3D=74.0  TG4D=54.0
19:52:27 PZ0G=1048.7  PZ7G=1346.4  PZ1G=76.1  PZ3G=455.8  PZ4G=451.1  PZ5G=17.5  PZ0T=0.0  PZ3T=0.0  PZ4T=0.0  PZ7T=0.0  PZ0F=1027.2  PZ1F=77.8  PZ3F=443.8  PZ4F=439.9  PG0R=455.8  PG2R=451.1  TG0s=0.0  TG1s=0.0  TG3s=0.0  TG4s=0.0  TG0D=73.0  TG1D=53.0  TG3D=73.0  TG4D=54.0
19:52:32 PZ0G=1122.3  PZ7G=1383.7  PZ1G=114.0  PZ3G=474.5  PZ4G=471.0  PZ5G=17.6  PZ0T=0.0  PZ3T=0.0  PZ4T=0.0  PZ7T=0.0  PZ0F=1072.0  PZ1F=92.9  PZ3F=459.1  PZ4F=455.5  PG0R=474.5  PG2R=471.0  TG0s=0.0  TG1s=0.0  TG3s=0.0  TG4s=0.0  TG0D=73.0  TG1D=54.0  TG3D=72.0  TG4D=55.0
19:52:37 PZ0G=1119.2  PZ7G=1381.7  PZ1G=113.0  PZ3G=473.2  PZ4G=469.8  PZ5G=17.6  PZ0T=0.0  PZ3T=0.0  PZ4T=0.0  PZ7T=0.0  PZ0F=1102.3  PZ1F=104.9  PZ3F=468.7  PZ4F=465.0  PG0R=473.2  PG2R=469.8  TG0s=0.0  TG1s=0.0  TG3s=0.0  TG4s=0.0  TG0D=73.0  TG1D=55.0  TG3D=75.0  TG4D=55.0
19:52:42 PZ0G=1125.9  PZ7G=1383.1  PZ1G=114.4  PZ3G=476.0  PZ4G=472.8  PZ5G=17.6  PZ0T=0.0  PZ3T=0.0  PZ4T=0.0  PZ7T=0.0  PZ0F=1105.5  PZ1F=100.7  PZ3F=472.2  PZ4F=468.8  PG0R=476.0  PG2R=472.8  TG0s=0.0  TG1s=0.0  TG3s=0.0  TG4s=0.0  TG0D=74.0  TG1D=54.0  TG3D=76.0  TG4D=56.0
19:52:47 PZ0G=1096.4  PZ7G=1354.5  PZ1G=84.0  PZ3G=475.9  PZ4G=472.3  PZ5G=17.6  PZ0T=0.0  PZ3T=0.0  PZ4T=0.0  PZ7T=0.0  PZ0F=1104.0  PZ1F=95.7  PZ3F=473.9  PZ4F=470.5  PG0R=475.9  PG2R=472.3  TG0s=0.0  TG1s=0.0  TG3s=0.0  TG4s=0.0  TG0D=76.0  TG1D=53.0  TG3D=75.0  TG4D=56.0
19:52:52 PZ0G=981.5  PZ7G=1329.5  PZ1G=72.7  PZ3G=423.2  PZ4G=419.3  PZ5G=17.5  PZ0T=0.0  PZ3T=0.0  PZ4T=0.0  PZ7T=0.0  PZ0F=1049.3  PZ1F=82.0  PZ3F=453.0  PZ4F=448.9  PG0R=423.2  PG2R=419.3  TG0s=0.0  TG1s=0.0  TG3s=0.0  TG4s=0.0  TG0D=59.0  TG1D=54.0  TG3D=59.0  TG4D=54.0
19:52:57 PZ0G=1027.5  PZ7G=1332.9  PZ1G=73.0  PZ3G=446.3  PZ4G=442.2  PZ5G=17.6  PZ0T=0.0  PZ3T=0.0  PZ4T=0.0  PZ7T=0.0  PZ0F=1038.1  PZ1F=77.1  PZ3F=449.6  PZ4F=445.8  PG0R=446.3  PG2R=442.2  TG0s=0.0  TG1s=0.0  TG3s=0.0  TG4s=0.0  TG0D=75.0  TG1D=56.0  TG3D=76.0  TG4D=57.0
19:53:02 PZ0G=993.6  PZ7G=1340.0  PZ1G=75.7  PZ3G=427.6  PZ4G=423.8  PZ5G=17.5  PZ0T=0.0  PZ3T=0.0  PZ4T=0.0  PZ7T=0.0  PZ0F=1038.7  PZ1F=75.7  PZ3F=450.6  PZ4F=446.8  PG0R=427.6  PG2R=423.8  TG0s=0.0  TG1s=0.0  TG3s=0.0  TG4s=0.0  TG0D=75.0  TG1D=55.0  TG3D=76.0  TG4D=56.0
19:53:07 PZ0G=985.2  PZ7G=1332.5  PZ1G=74.2  PZ3G=424.3  PZ4G=420.1  PZ5G=17.5  PZ0T=0.0  PZ3T=0.0  PZ4T=0.0  PZ7T=0.0  PZ0F=1039.0  PZ1F=74.6  PZ3F=451.3  PZ4F=447.4  PG0R=424.3  PG2R=420.1  TG0s=0.0  TG1s=0.0  TG3s=0.0  TG4s=0.0  TG0D=75.0  TG1D=55.0  TG3D=76.0  TG4D=58.0
19:53:12 PZ0G=982.5  PZ7G=1329.7  PZ1G=74.2  PZ3G=422.7  PZ4G=419.0  PZ5G=17.6  PZ0T=0.0  PZ3T=0.0  PZ4T=0.0  PZ7T=0.0  PZ0F=1036.3  PZ1F=74.2  PZ3F=450.1  PZ4F=446.2  PG0R=422.7  PG2R=419.0  TG0s=0.0  TG1s=0.0  TG3s=0.0  TG4s=0.0  TG0D=75.0  TG1D=55.0  TG3D=76.0  TG4D=56.0
19:53:18 PZ0G=1087.3  PZ7G=1347.9  PZ1G=73.0  PZ3G=476.6  PZ4G=472.8  PZ5G=17.6  PZ0T=0.0  PZ3T=0.0  PZ4T=0.0  PZ7T=0.0  PZ0F=1040.5  PZ1F=73.9  PZ3F=452.4  PZ4F=448.3  PG0R=476.6  PG2R=472.8  TG0s=0.0  TG1s=0.0  TG3s=0.0  TG4s=0.0  TG0D=76.0  TG1D=57.0  TG3D=76.0  TG4D=57.0
19:53:23 PZ0G=988.5  PZ7G=1338.4  PZ1G=73.9  PZ3G=427.0  PZ4G=420.9  PZ5G=17.6  PZ0T=0.0  PZ3T=0.0  PZ4T=0.0  PZ7T=0.0  PZ0F=1038.3  PZ1F=73.7  PZ3F=451.6  PZ4F=447.3  PG0R=427.0  PG2R=420.9  TG0s=0.0  TG1s=0.0  TG3s=0.0  TG4s=0.0  TG0D=71.0  TG1D=55.0  TG3D=73.0  TG4D=56.0
19:53:28 PZ0G=931.1  PZ7G=1278.0  PZ1G=75.9  PZ3G=396.7  PZ4G=391.1  PZ5G=17.5  PZ0T=0.0  PZ3T=0.0  PZ4T=0.0  PZ7T=0.0  PZ0F=1013.4  PZ1F=74.2  PZ3F=438.7  PZ4F=434.3  PG0R=396.7  PG2R=391.1  TG0s=0.0  TG1s=0.0  TG3s=0.0  TG4s=0.0  TG0D=76.0  TG1D=56.0  TG3D=77.0  TG4D=58.0
19:53:33 PZ0G=1005.1  PZ7G=1335.7  PZ1G=74.8  PZ3G=434.2  PZ4G=429.6  PZ5G=17.6  PZ0T=0.0  PZ3T=0.0  PZ4T=0.0  PZ7T=0.0  PZ0F=1025.8  PZ1F=74.3  PZ3F=445.0  PZ4F=440.6  PG0R=434.2  PG2R=429.6  TG0s=0.0  TG1s=0.0  TG3s=0.0  TG4s=0.0  TG0D=75.0  TG1D=57.0  TG3D=76.0  TG4D=57.0
19:53:38 PZ0G=1087.0  PZ7G=1344.1  PZ1G=72.9  PZ3G=476.6  PZ4G=472.6  PZ5G=17.6  PZ0T=0.0  PZ3T=0.0  PZ4T=0.0  PZ7T=0.0  PZ0F=1045.7  PZ1F=73.8  PZ3F=455.3  PZ4F=451.1  PG0R=476.6  PG2R=472.6  TG0s=0.0  TG1s=0.0  TG3s=0.0  TG4s=0.0  TG0D=77.0  TG1D=58.0  TG3D=78.0  TG4D=58.0
19:53:43 PZ0G=1086.9  PZ7G=1344.6  PZ1G=72.7  PZ3G=476.4  PZ4G=472.7  PZ5G=17.6  PZ0T=0.0  PZ3T=0.0  PZ4T=0.0  PZ7T=0.0  PZ0F=990.8  PZ1F=75.1  PZ3F=426.7  PZ4F=422.3  PG0R=476.4  PG2R=472.7  TG0s=0.0  TG1s=0.0  TG3s=0.0  TG4s=0.0  TG0D=78.0  TG1D=57.0  TG3D=79.0  TG4D=57.0
19:53:48 PZ0G=1090.9  PZ7G=1345.2  PZ1G=73.5  PZ3G=478.1  PZ4G=474.3  PZ5G=17.6  PZ0T=0.0  PZ3T=0.0  PZ4T=0.0  PZ7T=0.0  PZ0F=966.7  PZ1F=75.6  PZ3F=414.4  PZ4F=409.8  PG0R=478.1  PG2R=474.3  TG0s=0.0  TG1s=0.0  TG3s=0.0  TG4s=0.0  TG0D=77.0  TG1D=57.0  TG3D=78.0  TG4D=57.0
19:53:53 PZ0G=1084.4  PZ7G=1342.5  PZ1G=73.0  PZ3G=475.2  PZ4G=471.3  PZ5G=17.6  PZ0T=0.0  PZ3T=0.0  PZ4T=0.0  PZ7T=0.0  PZ0F=1009.0  PZ1F=74.8  PZ3F=436.1  PZ4F=431.9  PG0R=475.2  PG2R=471.3  TG0s=0.0  TG1s=0.0  TG3s=0.0  TG4s=0.0  TG0D=70.0  TG1D=58.0  TG3D=72.0  TG4D=58.0
19:53:58 PZ0G=851.1  PZ7G=1276.8  PZ1G=77.4  PZ3G=354.8  PZ4G=350.3  PZ5G=17.5  PZ0T=0.0  PZ3T=0.0  PZ4T=0.0  PZ7T=0.0  PZ0F=996.9  PZ1F=75.1  PZ3F=429.8  PZ4F=425.6  PG0R=354.8  PG2R=350.3  TG0s=0.0  TG1s=0.0  TG3s=0.0  TG4s=0.0  TG0D=74.0  TG1D=56.0  TG3D=77.0  TG4D=56.0
19:54:03 PZ0G=1090.4  PZ7G=1341.9  PZ1G=73.5  PZ3G=478.0  PZ4G=474.0  PZ5G=17.6  PZ0T=0.0  PZ3T=0.0  PZ4T=0.0  PZ7T=0.0  PZ0F=1027.5  PZ1F=74.4  PZ3F=445.8  PZ4F=441.3  PG0R=478.0  PG2R=474.0  TG0s=0.0  TG1s=0.0  TG3s=0.0  TG4s=0.0  TG0D=77.0  TG1D=57.0  TG3D=79.0  TG4D=58.0
19:54:08 PZ0G=1090.9  PZ7G=1344.7  PZ1G=73.1  PZ3G=478.5  PZ4G=474.4  PZ5G=17.6  PZ0T=0.0  PZ3T=0.0  PZ4T=0.0  PZ7T=0.0  PZ0F=992.5  PZ1F=75.1  PZ3F=427.7  PZ4F=423.2  PG0R=478.5  PG2R=474.4  TG0s=0.0  TG1s=0.0  TG3s=0.0  TG4s=0.0  TG0D=78.0  TG1D=57.0  TG3D=78.0  TG4D=59.0
19:54:13 PZ0G=997.9  PZ7G=1336.1  PZ1G=75.1  PZ3G=430.2  PZ4G=426.0  PZ5G=17.6  PZ0T=0.0  PZ3T=0.0  PZ4T=0.0  PZ7T=0.0  PZ0F=1017.1  PZ1F=74.6  PZ3F=440.2  PZ4F=436.0  PG0R=430.2  PG2R=426.0  TG0s=0.0  TG1s=0.0  TG3s=0.0  TG4s=0.0  TG0D=77.0  TG1D=58.0  TG3D=79.0  TG4D=59.0
19:54:18 PZ0G=1089.3  PZ7G=1343.6  PZ1G=73.2  PZ3G=477.5  PZ4G=473.6  PZ5G=17.7  PZ0T=0.0  PZ3T=0.0  PZ4T=0.0  PZ7T=0.0  PZ0F=1032.1  PZ1F=74.3  PZ3F=448.0  PZ4F=443.8  PG0R=477.5  PG2R=473.6  TG0s=0.0  TG1s=0.0  TG3s=0.0  TG4s=0.0  TG0D=76.0  TG1D=57.0  TG3D=77.0  TG4D=59.0
19:54:23 PZ0G=994.7  PZ7G=1334.9  PZ1G=75.5  PZ3G=428.3  PZ4G=424.1  PZ5G=17.6  PZ0T=0.0  PZ3T=0.0  PZ4T=0.0  PZ7T=0.0  PZ0F=1030.4  PZ1F=74.4  PZ3F=447.1  PZ4F=442.8  PG0R=428.3  PG2R=424.1  TG0s=0.0  TG1s=0.0  TG3s=0.0  TG4s=0.0  TG0D=78.0  TG1D=58.0  TG3D=79.0  TG4D=59.0
19:54:28 PZ0G=1043.2  PZ7G=1338.2  PZ1G=73.9  PZ3G=453.6  PZ4G=449.4  PZ5G=17.6  PZ0T=0.0  PZ3T=0.0  PZ4T=0.0  PZ7T=0.0  PZ0F=1036.4  PZ1F=74.3  PZ3F=450.3  PZ4F=445.8  PG0R=453.6  PG2R=449.4  TG0s=0.0  TG1s=0.0  TG3s=0.0  TG4s=0.0  TG0D=78.0  TG1D=58.0  TG3D=77.0  TG4D=59.0
19:54:33 PZ0G=1089.7  PZ7G=1345.6  PZ1G=73.4  PZ3G=477.6  PZ4G=473.7  PZ5G=17.7  PZ0T=0.0  PZ3T=0.0  PZ4T=0.0  PZ7T=0.0  PZ0F=1015.9  PZ1F=74.6  PZ3F=439.8  PZ4F=435.3  PG0R=477.6  PG2R=473.7  TG0s=0.0  TG1s=0.0  TG3s=0.0  TG4s=0.0  TG0D=79.0  TG1D=58.0  TG3D=80.0  TG4D=59.0
19:54:38 PZ0G=1090.5  PZ7G=1342.4  PZ1G=73.5  PZ3G=478.0  PZ4G=474.1  PZ5G=17.7  PZ0T=0.0  PZ3T=0.0  PZ4T=0.0  PZ7T=0.0  PZ0F=1027.7  PZ1F=74.7  PZ3F=445.7  PZ4F=441.4  PG0R=478.0  PG2R=474.1  TG0s=0.0  TG1s=0.0  TG3s=0.0  TG4s=0.0  TG0D=78.0  TG1D=59.0  TG3D=80.0  TG4D=58.0
19:54:43 PZ0G=945.0  PZ7G=1159.6  PZ1G=90.4  PZ3G=399.8  PZ4G=387.8  PZ5G=17.6  PZ0T=0.0  PZ3T=0.0  PZ4T=0.0  PZ7T=0.0  PZ0F=951.2  PZ1F=80.2  PZ3F=405.4  PZ4F=398.5  PG0R=399.8  PG2R=387.8  TG0s=0.0  TG1s=0.0  TG3s=0.0  TG4s=0.0  TG0D=72.0  TG1D=59.0  TG3D=75.0  TG4D=60.0
19:54:48 PZ0G=941.7  PZ7G=1178.5  PZ1G=92.7  PZ3G=400.4  PZ4G=381.5  PZ5G=17.6  PZ0T=0.0  PZ3T=0.0  PZ4T=0.0  PZ7T=0.0  PZ0F=947.6  PZ1F=88.1  PZ3F=402.0  PZ4F=390.5  PG0R=400.4  PG2R=381.5  TG0s=0.0  TG1s=0.0  TG3s=0.0  TG4s=0.0  TG0D=72.0  TG1D=59.0  TG3D=74.0  TG4D=60.0
19:54:53 PZ0G=919.9  PZ7G=1179.3  PZ1G=91.7  PZ3G=388.7  PZ4G=372.0  PZ5G=17.6  PZ0T=0.0  PZ3T=0.0  PZ4T=0.0  PZ7T=0.0  PZ0F=937.6  PZ1F=90.9  PZ3F=395.9  PZ4F=383.7  PG0R=388.7  PG2R=372.0  TG0s=0.0  TG1s=0.0  TG3s=0.0  TG4s=0.0  TG0D=71.0  TG1D=58.0  TG3D=69.0  TG4D=58.0
19:54:58 PZ0G=961.3  PZ7G=1190.2  PZ1G=90.9  PZ3G=407.5  PZ4G=396.1  PZ5G=17.6  PZ0T=0.0  PZ3T=0.0  PZ4T=0.0  PZ7T=0.0  PZ0F=950.8  PZ1F=91.1  PZ3F=402.1  PZ4F=390.7  PG0R=407.5  PG2R=396.1  TG0s=0.0  TG1s=0.0  TG3s=0.0  TG4s=0.0  TG0D=73.0  TG1D=59.0  TG3D=76.0  TG4D=60.0
19:55:03 PZ0G=961.9  PZ7G=1171.4  PZ1G=91.3  PZ3G=407.3  PZ4G=396.6  PZ5G=17.6  PZ0T=0.0  PZ3T=0.0  PZ4T=0.0  PZ7T=0.0  PZ0F=956.0  PZ1F=91.8  PZ3F=404.7  PZ4F=392.8  PG0R=407.3  PG2R=396.6  TG0s=0.0  TG1s=0.0  TG3s=0.0  TG4s=0.0  TG0D=72.0  TG1D=59.0  TG3D=75.0  TG4D=60.0
19:55:08 PZ0G=960.7  PZ7G=1200.3  PZ1G=91.5  PZ3G=406.6  PZ4G=396.0  PZ5G=17.6  PZ0T=0.0  PZ3T=0.0  PZ4T=0.0  PZ7T=0.0  PZ0F=957.2  PZ1F=91.7  PZ3F=405.0  PZ4F=393.7  PG0R=406.6  PG2R=396.0  TG0s=0.0  TG1s=0.0  TG3s=0.0  TG4s=0.0  TG0D=73.0  TG1D=59.0  TG3D=76.0  TG4D=60.0
19:55:13 PZ0G=958.3  PZ7G=1201.6  PZ1G=91.1  PZ3G=405.8  PZ4G=394.6  PZ5G=17.6  PZ0T=0.0  PZ3T=0.0  PZ4T=0.0  PZ7T=0.0  PZ0F=953.3  PZ1F=91.5  PZ3F=403.0  PZ4F=391.8  PG0R=405.8  PG2R=394.6  TG0s=0.0  TG1s=0.0  TG3s=0.0  TG4s=0.0  TG0D=74.0  TG1D=58.0  TG3D=73.0  TG4D=60.0
19:55:18 PZ0G=961.8  PZ7G=1225.6  PZ1G=92.8  PZ3G=407.9  PZ4G=394.4  PZ5G=17.6  PZ0T=0.0  PZ3T=0.0  PZ4T=0.0  PZ7T=0.0  PZ0F=957.6  PZ1F=91.8  PZ3F=405.2  PZ4F=393.8  PG0R=407.9  PG2R=394.4  TG0s=0.0  TG1s=0.0  TG3s=0.0  TG4s=0.0  TG0D=73.0  TG1D=58.0  TG3D=75.0  TG4D=60.0
19:55:23 PZ0G=956.7  PZ7G=1213.6  PZ1G=92.1  PZ3G=404.2  PZ4G=393.6  PZ5G=17.6  PZ0T=0.0  PZ3T=0.0  PZ4T=0.0  PZ7T=0.0  PZ0F=959.5  PZ1F=92.3  PZ3F=405.8  PZ4F=394.8  PG0R=404.2  PG2R=393.6  TG0s=0.0  TG1s=0.0  TG3s=0.0  TG4s=0.0  TG0D=75.0  TG1D=58.0  TG3D=74.0  TG4D=59.0
19:55:28 PZ0G=960.4  PZ7G=1190.8  PZ1G=92.6  PZ3G=405.5  PZ4G=395.6  PZ5G=17.6  PZ0T=0.0  PZ3T=0.0  PZ4T=0.0  PZ7T=0.0  PZ0F=957.8  PZ1F=92.4  PZ3F=404.6  PZ4F=394.0  PG0R=405.5  PG2R=395.6  TG0s=0.0  TG1s=0.0  TG3s=0.0  TG4s=0.0  TG0D=72.0  TG1D=59.0  TG3D=75.0  TG4D=60.0
19:55:34 PZ0G=959.5  PZ7G=1181.1  PZ1G=91.0  PZ3G=405.4  PZ4G=396.4  PZ5G=17.6  PZ0T=0.0  PZ3T=0.0  PZ4T=0.0  PZ7T=0.0  PZ0F=955.2  PZ1F=91.8  PZ3F=403.5  PZ4F=393.0  PG0R=405.4  PG2R=396.4  TG0s=0.0  TG1s=0.0  TG3s=0.0  TG4s=0.0  TG0D=74.0  TG1D=59.0  TG3D=76.0  TG4D=59.0
19:55:39 PZ0G=960.8  PZ7G=1165.6  PZ1G=91.8  PZ3G=406.7  PZ4G=395.8  PZ5G=17.6  PZ0T=0.0  PZ3T=0.0  PZ4T=0.0  PZ7T=0.0  PZ0F=959.5  PZ1F=91.8  PZ3F=406.0  PZ4F=394.9  PG0R=406.7  PG2R=395.8  TG0s=0.0  TG1s=0.0  TG3s=0.0  TG4s=0.0  TG0D=71.0  TG1D=59.0  TG3D=75.0  TG4D=59.0
19:55:44 PZ0G=957.8  PZ7G=1176.7  PZ1G=91.5  PZ3G=403.8  PZ4G=395.6  PZ5G=17.6  PZ0T=0.0  PZ3T=0.0  PZ4T=0.0  PZ7T=0.0  PZ0F=958.2  PZ1F=91.8  PZ3F=405.4  PZ4F=394.1  PG0R=403.8  PG2R=395.6  TG0s=0.0  TG1s=0.0  TG3s=0.0  TG4s=0.0  TG0D=72.0  TG1D=59.0  TG3D=75.0  TG4D=61.0
19:55:49 PZ0G=909.7  PZ7G=1176.2  PZ1G=92.8  PZ3G=383.5  PZ4G=366.0  PZ5G=17.6  PZ0T=0.0  PZ3T=0.0  PZ4T=0.0  PZ7T=0.0  PZ0F=949.5  PZ1F=91.8  PZ3F=401.5  PZ4F=389.3  PG0R=383.5  PG2R=366.0  TG0s=0.0  TG1s=0.0  TG3s=0.0  TG4s=0.0  TG0D=73.0  TG1D=59.0  TG3D=76.0  TG4D=60.0
19:55:54 PZ0G=956.1  PZ7G=1186.3  PZ1G=91.8  PZ3G=402.1  PZ4G=395.3  PZ5G=17.6  PZ0T=0.0  PZ3T=0.0  PZ4T=0.0  PZ7T=0.0  PZ0F=955.0  PZ1F=91.6  PZ3F=403.5  PZ4F=393.1  PG0R=402.1  PG2R=395.3  TG0s=0.0  TG1s=0.0  TG3s=0.0  TG4s=0.0  TG0D=73.0  TG1D=59.0  TG3D=75.0  TG4D=60.0
19:55:59 PZ0G=961.7  PZ7G=1208.3  PZ1G=91.8  PZ3G=407.4  PZ4G=395.9  PZ5G=17.6  PZ0T=0.0  PZ3T=0.0  PZ4T=0.0  PZ7T=0.0  PZ0F=957.9  PZ1F=91.8  PZ3F=405.0  PZ4F=394.3  PG0R=407.4  PG2R=395.9  TG0s=0.0  TG1s=0.0  TG3s=0.0  TG4s=0.0  TG0D=73.0  TG1D=59.0  TG3D=76.0  TG4D=60.0
19:56:04 PZ0G=914.9  PZ7G=1306.5  PZ1G=76.7  PZ3G=387.8  PZ4G=383.1  PZ5G=17.5  PZ0T=0.0  PZ3T=0.0  PZ4T=0.0  PZ7T=0.0  PZ0F=930.5  PZ1F=86.2  PZ3F=393.1  PZ4F=384.0  PG0R=387.8  PG2R=383.1  TG0s=0.0  TG1s=0.0  TG3s=0.0  TG4s=0.0  TG0D=62.0  TG1D=56.0  TG3D=63.0  TG4D=58.0
19:56:09 PZ0G=953.2  PZ7G=1188.0  PZ1G=90.6  PZ3G=404.3  PZ4G=391.4  PZ5G=17.6  PZ0T=0.0  PZ3T=0.0  PZ4T=0.0  PZ7T=0.0  PZ0F=948.1  PZ1F=88.6  PZ3F=401.7  PZ4F=390.9  PG0R=404.3  PG2R=391.4  TG0s=0.0  TG1s=0.0  TG3s=0.0  TG4s=0.0  TG0D=73.0  TG1D=58.0  TG3D=73.0  TG4D=60.0
19:56:14 PZ0G=960.8  PZ7G=1209.6  PZ1G=90.7  PZ3G=407.1  PZ4G=396.2  PZ5G=17.6  PZ0T=0.0  PZ3T=0.0  PZ4T=0.0  PZ7T=0.0  PZ0F=955.4  PZ1F=89.8  PZ3F=404.8  PZ4F=393.9  PG0R=407.1  PG2R=396.2  TG0s=0.0  TG1s=0.0  TG3s=0.0  TG4s=0.0  TG0D=72.0  TG1D=58.0  TG3D=74.0  TG4D=60.0
19:56:19 PZ0G=959.7  PZ7G=1196.5  PZ1G=91.5  PZ3G=406.8  PZ4G=394.6  PZ5G=17.6  PZ0T=0.0  PZ3T=0.0  PZ4T=0.0  PZ7T=0.0  PZ0F=950.4  PZ1F=90.5  PZ3F=402.2  PZ4F=390.9  PG0R=406.8  PG2R=394.6  TG0s=0.0  TG1s=0.0  TG3s=0.0  TG4s=0.0  TG0D=74.0  TG1D=58.0  TG3D=76.0  TG4D=59.0
19:56:24 PZ0G=957.8  PZ7G=1214.6  PZ1G=90.6  PZ3G=404.2  PZ4G=396.1  PZ5G=17.6  PZ0T=0.0  PZ3T=0.0  PZ4T=0.0  PZ7T=0.0  PZ0F=955.3  PZ1F=90.6  PZ3F=403.8  PZ4F=394.1  PG0R=404.2  PG2R=396.1  TG0s=0.0  TG1s=0.0  TG3s=0.0  TG4s=0.0  TG0D=74.0  TG1D=58.0  TG3D=74.0  TG4D=59.0
19:56:29 PZ0G=958.4  PZ7G=1176.5  PZ1G=91.1  PZ3G=405.1  PZ4G=395.2  PZ5G=17.6  PZ0T=0.0  PZ3T=0.0  PZ4T=0.0  PZ7T=0.0  PZ0F=957.3  PZ1F=90.6  PZ3F=405.4  PZ4F=394.5  PG0R=405.1  PG2R=395.2  TG0s=0.0  TG1s=0.0  TG3s=0.0  TG4s=0.0  TG0D=72.0  TG1D=58.0  TG3D=74.0  TG4D=60.0
19:56:34 PZ0G=956.0  PZ7G=1166.2  PZ1G=90.5  PZ3G=403.8  PZ4G=394.8  PZ5G=17.6  PZ0T=0.0  PZ3T=0.0  PZ4T=0.0  PZ7T=0.0  PZ0F=956.8  PZ1F=91.0  PZ3F=405.0  PZ4F=394.0  PG0R=403.8  PG2R=394.8  TG0s=0.0  TG1s=0.0  TG3s=0.0  TG4s=0.0  TG0D=74.0  TG1D=59.0  TG3D=72.0  TG4D=59.0
19:56:39 PZ0G=960.0  PZ7G=1204.4  PZ1G=90.6  PZ3G=406.8  PZ4G=395.8  PZ5G=17.6  PZ0T=0.0  PZ3T=0.0  PZ4T=0.0  PZ7T=0.0  PZ0F=955.1  PZ1F=90.7  PZ3F=404.4  PZ4F=393.1  PG0R=406.8  PG2R=395.8  TG0s=0.0  TG1s=0.0  TG3s=0.0  TG4s=0.0  TG0D=71.0  TG1D=59.0  TG3D=74.0  TG4D=61.0
19:56:44 PZ0G=961.7  PZ7G=1202.1  PZ1G=91.4  PZ3G=407.8  PZ4G=395.9  PZ5G=17.6  PZ0T=0.0  PZ3T=0.0  PZ4T=0.0  PZ7T=0.0  PZ0F=958.6  PZ1F=90.8  PZ3F=406.2  PZ4F=394.8  PG0R=407.8  PG2R=395.9  TG0s=0.0  TG1s=0.0  TG3s=0.0  TG4s=0.0  TG0D=73.0  TG1D=59.0  TG3D=75.0  TG4D=59.0
19:56:49 PZ0G=957.7  PZ7G=1164.4  PZ1G=91.3  PZ3G=406.1  PZ4G=393.5  PZ5G=17.6  PZ0T=0.0  PZ3T=0.0  PZ4T=0.0  PZ7T=0.0  PZ0F=956.9  PZ1F=91.6  PZ3F=404.7  PZ4F=393.7  PG0R=406.1  PG2R=393.5  TG0s=0.0  TG1s=0.0  TG3s=0.0  TG4s=0.0  TG0D=74.0  TG1D=57.0  TG3D=74.0  TG4D=59.0
19:56:54 PZ0G=957.5  PZ7G=1201.1  PZ1G=91.5  PZ3G=406.8  PZ4G=392.4  PZ5G=17.6  PZ0T=0.0  PZ3T=0.0  PZ4T=0.0  PZ7T=0.0  PZ0F=951.4  PZ1F=91.6  PZ3F=402.6  PZ4F=390.3  PG0R=406.8  PG2R=392.4  TG0s=0.0  TG1s=0.0  TG3s=0.0  TG4s=0.0  TG0D=72.0  TG1D=59.0  TG3D=74.0  TG4D=59.0
19:56:59 PZ0G=960.5  PZ7G=1176.9  PZ1G=89.9  PZ3G=407.6  PZ4G=396.1  PZ5G=17.6  PZ0T=0.0  PZ3T=0.0  PZ4T=0.0  PZ7T=0.0  PZ0F=956.9  PZ1F=91.0  PZ3F=405.5  PZ4F=393.6  PG0R=407.6  PG2R=396.1  TG0s=0.0  TG1s=0.0  TG3s=0.0  TG4s=0.0  TG0D=74.0  TG1D=59.0  TG3D=74.0  TG4D=59.0
19:57:04 PZ0G=961.3  PZ7G=1188.6  PZ1G=90.5  PZ3G=408.3  PZ4G=395.6  PZ5G=17.6  PZ0T=0.0  PZ3T=0.0  PZ4T=0.0  PZ7T=0.0  PZ0F=959.7  PZ1F=90.7  PZ3F=406.9  PZ4F=395.4  PG0R=408.3  PG2R=395.6  TG0s=0.0  TG1s=0.0  TG3s=0.0  TG4s=0.0  TG0D=74.0  TG1D=59.0  TG3D=74.0  TG4D=59.0
19:57:09 PZ0G=959.9  PZ7G=1183.4  PZ1G=90.3  PZ3G=407.6  PZ4G=395.4  PZ5G=17.6  PZ0T=0.0  PZ3T=0.0  PZ4T=0.0  PZ7T=0.0  PZ0F=958.6  PZ1F=90.5  PZ3F=406.6  PZ4F=394.7  PG0R=407.6  PG2R=395.4  TG0s=0.0  TG1s=0.0  TG3s=0.0  TG4s=0.0  TG0D=73.0  TG1D=58.0  TG3D=75.0  TG4D=60.0
19:57:14 PZ0G=958.7  PZ7G=1177.8  PZ1G=89.1  PZ3G=407.3  PZ4G=395.5  PZ5G=17.6  PZ0T=0.0  PZ3T=0.0  PZ4T=0.0  PZ7T=0.0  PZ0F=953.7  PZ1F=90.0  PZ3F=404.2  PZ4F=392.6  PG0R=407.3  PG2R=395.5  TG0s=0.0  TG1s=0.0  TG3s=0.0  TG4s=0.0  TG0D=72.0  TG1D=58.0  TG3D=74.0  TG4D=59.0
19:57:19 PZ0G=959.2  PZ7G=1189.4  PZ1G=89.1  PZ3G=408.2  PZ4G=395.1  PZ5G=17.6  PZ0T=0.0  PZ3T=0.0  PZ4T=0.0  PZ7T=0.0  PZ0F=958.0  PZ1F=89.7  PZ3F=406.7  PZ4F=394.7  PG0R=408.2  PG2R=395.1  TG0s=0.0  TG1s=0.0  TG3s=0.0  TG4s=0.0  TG0D=72.0  TG1D=59.0  TG3D=75.0  TG4D=60.0
19:57:24 PZ0G=959.8  PZ7G=1176.4  PZ1G=90.1  PZ3G=406.9  PZ4G=395.9  PZ5G=17.6  PZ0T=0.0  PZ3T=0.0  PZ4T=0.0  PZ7T=0.0  PZ0F=954.7  PZ1F=89.6  PZ3F=404.9  PZ4F=393.3  PG0R=406.9  PG2R=395.9  TG0s=0.0  TG1s=0.0  TG3s=0.0  TG4s=0.0  TG0D=74.0  TG1D=59.0  TG3D=73.0  TG4D=60.0
19:57:29 PZ0G=959.5  PZ7G=1196.0  PZ1G=89.0  PZ3G=407.7  PZ4G=395.8  PZ5G=17.6  PZ0T=0.0  PZ3T=0.0  PZ4T=0.0  PZ7T=0.0  PZ0F=954.9  PZ1F=89.8  PZ3F=405.1  PZ4F=392.9  PG0R=407.7  PG2R=395.8  TG0s=0.0  TG1s=0.0  TG3s=0.0  TG4s=0.0  TG0D=72.0  TG1D=59.0  TG3D=74.0  TG4D=59.0
19:57:34 PZ0G=959.9  PZ7G=1185.1  PZ1G=90.1  PZ3G=407.2  PZ4G=395.8  PZ5G=17.6  PZ0T=0.0  PZ3T=0.0  PZ4T=0.0  PZ7T=0.0  PZ0F=956.4  PZ1F=89.8  PZ3F=405.8  PZ4F=393.9  PG0R=407.2  PG2R=395.8  TG0s=0.0  TG1s=0.0  TG3s=0.0  TG4s=0.0  TG0D=73.0  TG1D=59.0  TG3D=74.0  TG4D=59.0
19:57:39 PZ0G=961.1  PZ7G=1144.6  PZ1G=90.7  PZ3G=407.5  PZ4G=396.0  PZ5G=17.6  PZ0T=0.0  PZ3T=0.0  PZ4T=0.0  PZ7T=0.0  PZ0F=955.2  PZ1F=90.3  PZ3F=404.9  PZ4F=393.0  PG0R=407.5  PG2R=396.0  TG0s=0.0  TG1s=0.0  TG3s=0.0  TG4s=0.0  TG0D=71.0  TG1D=59.0  TG3D=75.0  TG4D=60.0
19:57:45 PZ0G=956.7  PZ7G=1195.1  PZ1G=91.2  PZ3G=403.7  PZ4G=394.8  PZ5G=17.6  PZ0T=0.0  PZ3T=0.0  PZ4T=0.0  PZ7T=0.0  PZ0F=958.1  PZ1F=90.6  PZ3F=405.9  PZ4F=394.7  PG0R=403.7  PG2R=394.8  TG0s=0.0  TG1s=0.0  TG3s=0.0  TG4s=0.0  TG0D=72.0  TG1D=59.0  TG3D=73.0  TG4D=60.0
19:57:50 PZ0G=930.4  PZ7G=1165.2  PZ1G=92.3  PZ3G=395.0  PZ4G=375.9  PZ5G=17.6  PZ0T=0.0  PZ3T=0.0  PZ4T=0.0  PZ7T=0.0  PZ0F=951.5  PZ1F=90.6  PZ3F=403.1  PZ4F=390.9  PG0R=395.0  PG2R=375.9  TG0s=0.0  TG1s=0.0  TG3s=0.0  TG4s=0.0  TG0D=72.0  TG1D=59.0  TG3D=76.0  TG4D=59.0
19:57:55 PZ0G=961.6  PZ7G=1201.5  PZ1G=91.5  PZ3G=407.7  PZ4G=395.5  PZ5G=17.6  PZ0T=0.0  PZ3T=0.0  PZ4T=0.0  PZ7T=0.0  PZ0F=957.9  PZ1F=90.4  PZ3F=406.5  PZ4F=394.1  PG0R=407.7  PG2R=395.5  TG0s=0.0  TG1s=0.0  TG3s=0.0  TG4s=0.0  TG0D=74.0  TG1D=59.0  TG3D=74.0  TG4D=59.0
19:58:00 PZ0G=801.8  PZ7G=1136.9  PZ1G=91.6  PZ3G=326.5  PZ4G=314.8  PZ5G=17.5  PZ0T=0.0  PZ3T=0.0  PZ4T=0.0  PZ7T=0.0  PZ0F=943.3  PZ1F=88.4  PZ3F=399.2  PZ4F=388.6  PG0R=326.5  PG2R=314.8  TG0s=0.0  TG1s=0.0  TG3s=0.0  TG4s=0.0  TG0D=62.0  TG1D=55.0  TG3D=69.0  TG4D=57.0
19:58:05 PZ0G=958.9  PZ7G=1162.5  PZ1G=90.6  PZ3G=406.8  PZ4G=394.7  PZ5G=17.6  PZ0T=0.0  PZ3T=0.0  PZ4T=0.0  PZ7T=0.0  PZ0F=946.7  PZ1F=87.2  PZ3F=401.6  PZ4F=390.8  PG0R=406.8  PG2R=394.7  TG0s=0.0  TG1s=0.0  TG3s=0.0  TG4s=0.0  TG0D=74.0  TG1D=58.0  TG3D=75.0  TG4D=60.0
19:58:10 PZ0G=958.9  PZ7G=1198.2  PZ1G=90.3  PZ3G=406.5  PZ4G=395.2  PZ5G=17.6  PZ0T=0.0  PZ3T=0.0  PZ4T=0.0  PZ7T=0.0  PZ0F=943.5  PZ1F=88.8  PZ3F=399.2  PZ4F=388.4  PG0R=406.5  PG2R=395.2  TG0s=0.0  TG1s=0.0  TG3s=0.0  TG4s=0.0  TG0D=74.0  TG1D=58.0  TG3D=70.0  TG4D=58.0
19:58:15 PZ0G=956.8  PZ7G=1180.6  PZ1G=90.7  PZ3G=405.8  PZ4G=393.4  PZ5G=17.6  PZ0T=0.0  PZ3T=0.0  PZ4T=0.0  PZ7T=0.0  PZ0F=951.0  PZ1F=89.7  PZ3F=403.4  PZ4F=391.0  PG0R=405.8  PG2R=393.4  TG0s=0.0  TG1s=0.0  TG3s=0.0  TG4s=0.0  TG0D=74.0  TG1D=59.0  TG3D=73.0  TG4D=60.0
19:58:20 PZ0G=962.6  PZ7G=1186.1  PZ1G=91.7  PZ3G=408.5  PZ4G=395.7  PZ5G=17.6  PZ0T=0.0  PZ3T=0.0  PZ4T=0.0  PZ7T=0.0  PZ0F=956.2  PZ1F=90.5  PZ3F=405.7  PZ4F=393.2  PG0R=408.5  PG2R=395.7  TG0s=0.0  TG1s=0.0  TG3s=0.0  TG4s=0.0  TG0D=73.0  TG1D=59.0  TG3D=76.0  TG4D=60.0
19:58:25 PZ0G=958.7  PZ7G=1201.6  PZ1G=91.1  PZ3G=406.8  PZ4G=394.0  PZ5G=17.6  PZ0T=0.0  PZ3T=0.0  PZ4T=0.0  PZ7T=0.0  PZ0F=955.2  PZ1F=90.1  PZ3F=404.7  PZ4F=393.5  PG0R=406.8  PG2R=394.0  TG0s=0.0  TG1s=0.0  TG3s=0.0  TG4s=0.0  TG0D=72.0  TG1D=59.0  TG3D=75.0  TG4D=60.0
19:58:30 PZ0G=949.5  PZ7G=1158.8  PZ1G=90.8  PZ3G=400.1  PZ4G=391.6  PZ5G=17.6  PZ0T=0.0  PZ3T=0.0  PZ4T=0.0  PZ7T=0.0  PZ0F=950.8  PZ1F=90.2  PZ3F=401.9  PZ4F=391.7  PG0R=400.1  PG2R=391.6  TG0s=0.0  TG1s=0.0  TG3s=0.0  TG4s=0.0  TG0D=71.0  TG1D=58.0  TG3D=73.0  TG4D=60.0
19:58:35 PZ0G=960.7  PZ7G=1186.0  PZ1G=91.2  PZ3G=407.9  PZ4G=394.9  PZ5G=17.6  PZ0T=0.0  PZ3T=0.0  PZ4T=0.0  PZ7T=0.0  PZ0F=958.1  PZ1F=90.7  PZ3F=405.9  PZ4F=394.4  PG0R=407.9  PG2R=394.9  TG0s=0.0  TG1s=0.0  TG3s=0.0  TG4s=0.0  TG0D=73.0  TG1D=58.0  TG3D=73.0  TG4D=60.0
19:58:40 PZ0G=963.3  PZ7G=1167.3  PZ1G=90.4  PZ3G=408.6  PZ4G=397.4  PZ5G=17.6  PZ0T=0.0  PZ3T=0.0  PZ4T=0.0  PZ7T=0.0  PZ0F=959.9  PZ1F=90.3  PZ3F=407.2  PZ4F=395.6  PG0R=408.6  PG2R=397.4  TG0s=0.0  TG1s=0.0  TG3s=0.0  TG4s=0.0  TG0D=74.0  TG1D=59.0  TG3D=76.0  TG4D=60.0
19:58:45 PZ0G=961.2  PZ7G=1148.5  PZ1G=90.5  PZ3G=407.4  PZ4G=396.4  PZ5G=17.6  PZ0T=0.0  PZ3T=0.0  PZ4T=0.0  PZ7T=0.0  PZ0F=959.1  PZ1F=90.3  PZ3F=406.8  PZ4F=395.2  PG0R=407.4  PG2R=396.4  TG0s=0.0  TG1s=0.0  TG3s=0.0  TG4s=0.0  TG0D=74.0  TG1D=59.0  TG3D=76.0  TG4D=59.0
19:58:50 PZ0G=961.8  PZ7G=1175.1  PZ1G=90.5  PZ3G=408.9  PZ4G=395.6  PZ5G=17.6  PZ0T=0.0  PZ3T=0.0  PZ4T=0.0  PZ7T=0.0  PZ0F=957.1  PZ1F=90.8  PZ3F=405.9  PZ4F=393.5  PG0R=408.9  PG2R=395.6  TG0s=0.0  TG1s=0.0  TG3s=0.0  TG4s=0.0  TG0D=73.0  TG1D=59.0  TG3D=75.0  TG4D=59.0
19:58:55 PZ0G=965.9  PZ7G=1185.2  PZ1G=90.6  PZ3G=410.5  PZ4G=398.2  PZ5G=17.6  PZ0T=0.0  PZ3T=0.0  PZ4T=0.0  PZ7T=0.0  PZ0F=960.3  PZ1F=90.8  PZ3F=407.5  PZ4F=395.3  PG0R=410.5  PG2R=398.2  TG0s=0.0  TG1s=0.0  TG3s=0.0  TG4s=0.0  TG0D=73.0  TG1D=59.0  TG3D=73.0  TG4D=60.0
19:59:00 PZ0G=961.8  PZ7G=1204.6  PZ1G=91.0  PZ3G=408.1  PZ4G=395.9  PZ5G=17.6  PZ0T=0.0  PZ3T=0.0  PZ4T=0.0  PZ7T=0.0  PZ0F=961.8  PZ1F=90.9  PZ3F=408.0  PZ4F=395.9  PG0R=408.1  PG2R=395.9  TG0s=0.0  TG1s=0.0  TG3s=0.0  TG4s=0.0  TG0D=72.0  TG1D=58.0  TG3D=75.0  TG4D=59.0
19:59:05 PZ0G=961.2  PZ7G=1172.8  PZ1G=90.1  PZ3G=408.1  PZ4G=396.2  PZ5G=17.6  PZ0T=0.0  PZ3T=0.0  PZ4T=0.0  PZ7T=0.0  PZ0F=959.9  PZ1F=90.9  PZ3F=407.1  PZ4F=395.0  PG0R=408.1  PG2R=396.2  TG0s=0.0  TG1s=0.0  TG3s=0.0  TG4s=0.0  TG0D=71.0  TG1D=59.0  TG3D=74.0  TG4D=59.0
19:59:10 PZ0G=963.3  PZ7G=1195.6  PZ1G=90.7  PZ3G=410.1  PZ4G=395.9  PZ5G=17.6  PZ0T=0.0  PZ3T=0.0  PZ4T=0.0  PZ7T=0.0  PZ0F=958.3  PZ1F=91.0  PZ3F=406.7  PZ4F=393.8  PG0R=410.1  PG2R=395.9  TG0s=0.0  TG1s=0.0  TG3s=0.0  TG4s=0.0  TG0D=74.0  TG1D=58.0  TG3D=75.0  TG4D=60.0
19:59:15 PZ0G=960.0  PZ7G=1190.3  PZ1G=90.3  PZ3G=407.9  PZ4G=395.1  PZ5G=17.6  PZ0T=0.0  PZ3T=0.0  PZ4T=0.0  PZ7T=0.0  PZ0F=961.5  PZ1F=90.8  PZ3F=408.2  PZ4F=395.6  PG0R=407.9  PG2R=395.1  TG0s=0.0  TG1s=0.0  TG3s=0.0  TG4s=0.0  TG0D=73.0  TG1D=58.0  TG3D=74.0  TG4D=60.0
19:59:20 PZ0G=962.0  PZ7G=1202.2  PZ1G=89.6  PZ3G=408.9  PZ4G=396.8  PZ5G=17.6  PZ0T=0.0  PZ3T=0.0  PZ4T=0.0  PZ7T=0.0  PZ0F=958.9  PZ1F=90.3  PZ3F=407.0  PZ4F=394.8  PG0R=408.9  PG2R=396.8  TG0s=0.0  TG1s=0.0  TG3s=0.0  TG4s=0.0  TG0D=73.0  TG1D=58.0  TG3D=75.0  TG4D=60.0
19:59:25 PZ0G=673.7  PZ7G=1097.4  PZ1G=88.4  PZ3G=262.6  PZ4G=251.7  PZ5G=17.4  PZ0T=0.0  PZ3T=0.0  PZ4T=0.0  PZ7T=0.0  PZ0F=894.0  PZ1F=89.8  PZ3F=374.4  PZ4F=361.9  PG0R=262.6  PG2R=251.7  TG0s=0.0  TG1s=0.0  TG3s=0.0  TG4s=0.0  TG0D=60.0  TG1D=56.0  TG3D=63.0  TG4D=58.0
19:59:30 PZ0G=653.5  PZ7G=1078.0  PZ1G=86.6  PZ3G=253.6  PZ4G=242.0  PZ5G=17.4  PZ0T=0.0  PZ3T=0.0  PZ4T=0.0  PZ7T=0.0  PZ0F=747.0  PZ1F=88.1  PZ3F=299.9  PZ4F=288.9  PG0R=253.6  PG2R=242.0  TG0s=0.0  TG1s=0.0  TG3s=0.0  TG4s=0.0  TG0D=61.0  TG1D=54.0  TG3D=63.0  TG4D=56.0
19:59:35 PZ0G=658.7  PZ7G=1081.1  PZ1G=86.5  PZ3G=254.5  PZ4G=246.6  PZ5G=17.4  PZ0T=0.0  PZ3T=0.0  PZ4T=0.0  PZ7T=0.0  PZ0F=694.9  PZ1F=87.1  PZ3F=273.1  PZ4F=264.0  PG0R=254.5  PG2R=246.6  TG0s=0.0  TG1s=0.0  TG3s=0.0  TG4s=0.0  TG0D=59.0  TG1D=54.0  TG3D=60.0  TG4D=55.0
19:59:40 PZ0G=654.3  PZ7G=1058.2  PZ1G=86.6  PZ3G=254.0  PZ4G=242.4  PZ5G=17.4  PZ0T=0.0  PZ3T=0.0  PZ4T=0.0  PZ7T=0.0  PZ0F=670.6  PZ1F=87.1  PZ3F=261.1  PZ4F=251.5  PG0R=254.0  PG2R=242.4  TG0s=0.0  TG1s=0.0  TG3s=0.0  TG4s=0.0  TG0D=64.0  TG1D=54.0  TG3D=60.0  TG4D=53.0
19:59:45 PZ0G=653.9  PZ7G=1084.8  PZ1G=86.4  PZ3G=252.6  PZ4G=243.6  PZ5G=17.4  PZ0T=0.0  PZ3T=0.0  PZ4T=0.0  PZ7T=0.0  PZ0F=661.4  PZ1F=86.8  PZ3F=256.3  PZ4F=247.0  PG0R=252.6  PG2R=243.6  TG0s=0.0  TG1s=0.0  TG3s=0.0  TG4s=0.0  TG0D=63.0  TG1D=53.0  TG3D=60.0  TG4D=53.0
19:59:50 PZ0G=655.3  PZ7G=1073.2  PZ1G=85.8  PZ3G=253.1  PZ4G=245.0  PZ5G=17.4  PZ0T=0.0  PZ3T=0.0  PZ4T=0.0  PZ7T=0.0  PZ0F=659.5  PZ1F=86.7  PZ3F=255.5  PZ4F=245.9  PG0R=253.1  PG2R=245.0  TG0s=0.0  TG1s=0.0  TG3s=0.0  TG4s=0.0  TG0D=60.0  TG1D=52.0  TG3D=59.0  TG4D=52.0
19:59:55 PZ0G=654.6  PZ7G=1063.3  PZ1G=86.6  PZ3G=251.8  PZ4G=244.9  PZ5G=17.4  PZ0T=0.0  PZ3T=0.0  PZ4T=0.0  PZ7T=0.0  PZ0F=657.4  PZ1F=86.6  PZ3F=253.8  PZ4F=245.9  PG0R=251.8  PG2R=244.9  TG0s=0.0  TG1s=0.0  TG3s=0.0  TG4s=0.0  TG0D=60.0  TG1D=52.0  TG3D=58.0  TG4D=52.0
20:00:01 PZ0G=331.5  PZ7G=797.0  PZ1G=75.5  PZ3G=93.8  PZ4G=86.2  PZ5G=17.1  PZ0T=0.0  PZ3T=0.0  PZ4T=0.0  PZ7T=0.0  PZ0F=569.5  PZ1F=83.5  PZ3F=211.1  PZ4F=202.5  PG0R=93.8  PG2R=86.2  TG0s=0.0  TG1s=0.0  TG3s=0.0  TG4s=0.0  TG0D=52.0  TG1D=48.0  TG3D=52.0  TG4D=49.0
20:00:06 PZ0G=646.9  PZ7G=1062.4  PZ1G=87.8  PZ3G=247.2  PZ4G=240.5  PZ5G=17.4  PZ0T=0.0  PZ3T=0.0  PZ4T=0.0  PZ7T=0.0  PZ0F=617.6  PZ1F=85.7  PZ3F=233.6  PZ4F=226.4  PG0R=247.2  PG2R=240.5  TG0s=0.0  TG1s=0.0  TG3s=0.0  TG4s=0.0  TG0D=56.0  TG1D=52.0  TG3D=60.0  TG4D=52.0
20:00:11 PZ0G=644.2  PZ7G=1080.3  PZ1G=88.1  PZ3G=246.4  PZ4G=238.3  PZ5G=17.3  PZ0T=0.0  PZ3T=0.0  PZ4T=0.0  PZ7T=0.0  PZ0F=636.2  PZ1F=86.7  PZ3F=243.5  PZ4F=234.3  PG0R=246.4  PG2R=238.3  TG0s=0.0  TG1s=0.0  TG3s=0.0  TG4s=0.0  TG0D=57.0  TG1D=52.0  TG3D=62.0  TG4D=53.0
20:00:16 PZ0G=640.4  PZ7G=1050.7  PZ1G=87.7  PZ3G=246.4  PZ4G=234.9  PZ5G=17.3  PZ0T=0.0  PZ3T=0.0  PZ4T=0.0  PZ7T=0.0  PZ0F=641.8  PZ1F=87.0  PZ3F=246.6  PZ4F=236.8  PG0R=246.4  PG2R=234.9  TG0s=0.0  TG1s=0.0  TG3s=0.0  TG4s=0.0  TG0D=57.0  TG1D=51.0  TG3D=56.0  TG4D=50.0
20:00:21 PZ0G=641.4  PZ7G=1050.7  PZ1G=87.4  PZ3G=243.8  PZ4G=238.6  PZ5G=17.4  PZ0T=0.0  PZ3T=0.0  PZ4T=0.0  PZ7T=0.0  PZ0F=644.1  PZ1F=86.9  PZ3F=246.7  PZ4F=239.0  PG0R=243.8  PG2R=238.6  TG0s=0.0  TG1s=0.0  TG3s=0.0  TG4s=0.0  TG0D=59.0  TG1D=50.0  TG3D=61.0  TG4D=51.0
20:00:26 PZ0G=648.8  PZ7G=1073.8  PZ1G=88.3  PZ3G=249.0  PZ4G=240.1  PZ5G=17.4  PZ0T=0.0  PZ3T=0.0  PZ4T=0.0  PZ7T=0.0  PZ0F=612.9  PZ1F=85.7  PZ3F=231.2  PZ4F=223.9  PG0R=249.0  PG2R=240.1  TG0s=0.0  TG1s=0.0  TG3s=0.0  TG4s=0.0  TG0D=59.0  TG1D=51.0  TG3D=56.0  TG4D=51.0
20:00:31 PZ0G=637.1  PZ7G=1058.6  PZ1G=88.6  PZ3G=241.0  PZ4G=236.2  PZ5G=17.3  PZ0T=0.0  PZ3T=0.0  PZ4T=0.0  PZ7T=0.0  PZ0F=592.6  PZ1F=85.3  PZ3F=221.1  PZ4F=214.1  PG0R=241.0  PG2R=236.2  TG0s=0.0  TG1s=0.0  TG3s=0.0  TG4s=0.0  TG0D=56.0  TG1D=49.0  TG3D=55.0  TG4D=50.0
20:00:36 PZ0G=619.8  PZ7G=1043.5  PZ1G=87.9  PZ3G=233.0  PZ4G=227.3  PZ5G=17.3  PZ0T=0.0  PZ3T=0.0  PZ4T=0.0  PZ7T=0.0  PZ0F=614.2  PZ1F=86.4  PZ3F=231.4  PZ4F=224.7  PG0R=233.0  PG2R=227.3  TG0s=0.0  TG1s=0.0  TG3s=0.0  TG4s=0.0  TG0D=54.0  TG1D=51.0  TG3D=59.0  TG4D=51.0
20:00:41 PZ0G=623.7  PZ7G=1019.6  PZ1G=87.0  PZ3G=237.8  PZ4G=227.3  PZ5G=17.3  PZ0T=0.0  PZ3T=0.0  PZ4T=0.0  PZ7T=0.0  PZ0F=618.5  PZ1F=86.2  PZ3F=234.2  PZ4F=226.3  PG0R=237.8  PG2R=227.3  TG0s=0.0  TG1s=0.0  TG3s=0.0  TG4s=0.0  TG0D=55.0  TG1D=48.0  TG3D=54.0  TG4D=49.0
20:00:46 PZ0G=628.0  PZ7G=1052.0  PZ1G=88.0  PZ3G=239.6  PZ4G=229.0  PZ5G=17.3  PZ0T=0.0  PZ3T=0.0  PZ4T=0.0  PZ7T=0.0  PZ0F=621.5  PZ1F=86.3  PZ3F=236.7  PZ4F=227.0  PG0R=239.6  PG2R=229.0  TG0s=0.0  TG1s=0.0  TG3s=0.0  TG4s=0.0  TG0D=55.0  TG1D=50.0  TG3D=58.0  TG4D=49.0
20:00:51 PZ0G=617.9  PZ7G=1039.8  PZ1G=87.0  PZ3G=234.8  PZ4G=224.6  PZ5G=17.3  PZ0T=0.0  PZ3T=0.0  PZ4T=0.0  PZ7T=0.0  PZ0F=621.0  PZ1F=86.2  PZ3F=236.3  PZ4F=227.0  PG0R=234.8  PG2R=224.6  TG0s=0.0  TG1s=0.0  TG3s=0.0  TG4s=0.0  TG0D=55.0  TG1D=49.0  TG3D=54.0  TG4D=48.0
20:00:56 PZ0G=619.6  PZ7G=1036.4  PZ1G=85.9  PZ3G=233.5  PZ4G=228.6  PZ5G=17.3  PZ0T=0.0  PZ3T=0.0  PZ4T=0.0  PZ7T=0.0  PZ0F=622.5  PZ1F=86.4  PZ3F=235.8  PZ4F=228.9  PG0R=233.5  PG2R=228.6  TG0s=0.0  TG1s=0.0  TG3s=0.0  TG4s=0.0  TG0D=55.0  TG1D=50.0  TG3D=59.0  TG4D=49.0
20:01:01 PZ0G=622.3  PZ7G=1009.5  PZ1G=85.7  PZ3G=235.2  PZ4G=230.0  PZ5G=17.3  PZ0T=0.0  PZ3T=0.0  PZ4T=0.0  PZ7T=0.0  PZ0F=621.2  PZ1F=86.4  PZ3F=234.7  PZ4F=228.6  PG0R=235.2  PG2R=230.0  TG0s=0.0  TG1s=0.0  TG3s=0.0  TG4s=0.0  TG0D=55.0  TG1D=49.0  TG3D=54.0  TG4D=49.0
20:01:06 PZ0G=622.6  PZ7G=1010.9  PZ1G=85.2  PZ3G=239.2  PZ4G=226.7  PZ5G=17.3  PZ0T=0.0  PZ3T=0.0  PZ4T=0.0  PZ7T=0.0  PZ0F=619.0  PZ1F=86.4  PZ3F=234.9  PZ4F=226.2  PG0R=239.2  PG2R=226.7  TG0s=0.0  TG1s=0.0  TG3s=0.0  TG4s=0.0  TG0D=53.0  TG1D=47.0  TG3D=56.0  TG4D=50.0
20:01:11 PZ0G=613.0  PZ7G=1003.5  PZ1G=84.2  PZ3G=236.0  PZ4G=221.2  PZ5G=17.3  PZ0T=0.0  PZ3T=0.0  PZ4T=0.0  PZ7T=0.0  PZ0F=619.0  PZ1F=86.0  PZ3F=236.6  PZ4F=224.9  PG0R=236.0  PG2R=221.2  TG0s=0.0  TG1s=0.0  TG3s=0.0  TG4s=0.0  TG0D=53.0  TG1D=49.0  TG3D=55.0  TG4D=49.0
20:01:16 PZ0G=622.4  PZ7G=1018.6  PZ1G=85.5  PZ3G=238.5  PZ4G=226.8  PZ5G=17.3  PZ0T=0.0  PZ3T=0.0  PZ4T=0.0  PZ7T=0.0  PZ0F=619.9  PZ1F=86.0  PZ3F=236.9  PZ4F=225.4  PG0R=238.5  PG2R=226.8  TG0s=0.0  TG1s=0.0  TG3s=0.0  TG4s=0.0  TG0D=55.0  TG1D=49.0  TG3D=59.0  TG4D=49.0
20:01:21 PZ0G=623.3  PZ7G=1020.4  PZ1G=86.4  PZ3G=236.1  PZ4G=229.4  PZ5G=17.3  PZ0T=0.0  PZ3T=0.0  PZ4T=0.0  PZ7T=0.0  PZ0F=621.3  PZ1F=86.5  PZ3F=236.2  PZ4F=227.1  PG0R=236.1  PG2R=229.4  TG0s=0.0  TG1s=0.0  TG3s=0.0  TG4s=0.0  TG0D=53.0  TG1D=47.0  TG3D=52.0  TG4D=48.0
20:01:26 PZ0G=426.5  PZ7G=931.8  PZ1G=79.1  PZ3G=138.9  PZ4G=133.8  PZ5G=17.2  PZ0T=0.0  PZ3T=0.0  PZ4T=0.0  PZ7T=0.0  PZ0F=575.1  PZ1F=84.7  PZ3F=212.1  PZ4F=206.0  PG0R=138.9  PG2R=133.8  TG0s=0.0  TG1s=0.0  TG3s=0.0  TG4s=0.0  TG0D=48.0  TG1D=44.0  TG3D=48.0  TG4D=45.0
20:01:31 PZ0G=620.3  PZ7G=1049.9  PZ1G=86.6  PZ3G=235.2  PZ4G=227.1  PZ5G=17.3  PZ0T=0.0  PZ3T=0.0  PZ4T=0.0  PZ7T=0.0  PZ0F=593.7  PZ1F=84.8  PZ3F=222.3  PZ4F=215.0  PG0R=235.2  PG2R=227.1  TG0s=0.0  TG1s=0.0  TG3s=0.0  TG4s=0.0  TG0D=54.0  TG1D=48.0  TG3D=57.0  TG4D=49.0
20:01:36 PZ0G=621.9  PZ7G=1069.0  PZ1G=86.2  PZ3G=236.8  PZ4G=227.5  PZ5G=17.3  PZ0T=0.0  PZ3T=0.0  PZ4T=0.0  PZ7T=0.0  PZ0F=613.7  PZ1F=85.8  PZ3F=232.7  PZ4F=223.5  PG0R=236.8  PG2R=227.5  TG0s=0.0  TG1s=0.0  TG3s=0.0  TG4s=0.0  TG0D=53.0  TG1D=47.0  TG3D=57.0  TG4D=49.0
20:01:41 PZ0G=632.5  PZ7G=1049.6  PZ1G=85.6  PZ3G=242.5  PZ4G=233.0  PZ5G=17.3  PZ0T=0.0  PZ3T=0.0  PZ4T=0.0  PZ7T=0.0  PZ0F=619.9  PZ1F=85.7  PZ3F=236.2  PZ4F=226.3  PG0R=242.5  PG2R=233.0  TG0s=0.0  TG1s=0.0  TG3s=0.0  TG4s=0.0  TG0D=55.0  TG1D=47.0  TG3D=54.0  TG4D=47.0
20:01:46 PZ0G=614.5  PZ7G=1060.2  PZ1G=85.8  PZ3G=231.9  PZ4G=225.2  PZ5G=17.3  PZ0T=0.0  PZ3T=0.0  PZ4T=0.0  PZ7T=0.0  PZ0F=621.3  PZ1F=85.7  PZ3F=236.7  PZ4F=227.3  PG0R=231.9  PG2R=225.2  TG0s=0.0  TG1s=0.0  TG3s=0.0  TG4s=0.0  TG0D=51.0  TG1D=47.0  TG3D=53.0  TG4D=48.0
20:01:51 PZ0G=623.1  PZ7G=1065.1  PZ1G=85.7  PZ3G=237.5  PZ4G=228.5  PZ5G=17.3  PZ0T=0.0  PZ3T=0.0  PZ4T=0.0  PZ7T=0.0  PZ0F=621.2  PZ1F=85.9  PZ3F=236.6  PZ4F=227.0  PG0R=237.5  PG2R=228.5  TG0s=0.0  TG1s=0.0  TG3s=0.0  TG4s=0.0  TG0D=55.0  TG1D=47.0  TG3D=58.0  TG4D=47.0
20:01:56 PZ0G=618.5  PZ7G=1047.4  PZ1G=86.2  PZ3G=234.5  PZ4G=226.2  PZ5G=17.3  PZ0T=0.0  PZ3T=0.0  PZ4T=0.0  PZ7T=0.0  PZ0F=618.7  PZ1F=86.4  PZ3F=234.4  PZ4F=226.2  PG0R=234.5  PG2R=226.2  TG0s=0.0  TG1s=0.0  TG3s=0.0  TG4s=0.0  TG0D=51.0  TG1D=47.0  TG3D=52.0  TG4D=48.0
20:02:01 PZ0G=602.5  PZ7G=1034.3  PZ1G=86.2  PZ3G=227.3  PZ4G=217.3  PZ5G=17.3  PZ0T=0.0  PZ3T=0.0  PZ4T=0.0  PZ7T=0.0  PZ0F=610.0  PZ1F=86.2  PZ3F=230.0  PZ4F=222.3  PG0R=227.3  PG2R=217.3  TG0s=0.0  TG1s=0.0  TG3s=0.0  TG4s=0.0  TG0D=54.0  TG1D=47.0  TG3D=57.0  TG4D=47.0
20:02:06 PZ0G=328.8  PZ7G=768.3  PZ1G=74.8  PZ3G=93.0  PZ4G=84.9  PZ5G=17.1  PZ0T=0.0  PZ3T=0.0  PZ4T=0.0  PZ7T=0.0  PZ0F=533.4  PZ1F=83.4  PZ3F=192.6  PZ4F=184.6  PG0R=93.0  PG2R=84.9  TG0s=0.0  TG1s=0.0  TG3s=0.0  TG4s=0.0  TG0D=46.0  TG1D=44.0  TG3D=46.0  TG4D=44.0
20:02:12 PZ0G=841.6  PZ7G=1283.1  PZ1G=77.2  PZ3G=350.0  PZ4G=345.8  PZ5G=17.4  PZ0T=0.0  PZ3T=0.0  PZ4T=0.0  PZ7T=0.0  PZ0F=816.4  PZ1F=77.9  PZ3F=337.6  PZ4F=332.2  PG0R=350.0  PG2R=345.8  TG0s=0.0  TG1s=0.0  TG3s=0.0  TG4s=0.0  TG0D=69.0  TG1D=48.0  TG3D=70.0  TG4D=49.0
20:02:17 PZ0G=611.7  PZ7G=1022.0  PZ1G=87.4  PZ3G=230.7  PZ4G=222.0  PZ5G=17.3  PZ0T=0.0  PZ3T=0.0  PZ4T=0.0  PZ7T=0.0  PZ0F=722.9  PZ1F=82.0  PZ3F=288.0  PZ4F=282.6  PG0R=230.7  PG2R=222.0  TG0s=0.0  TG1s=0.0  TG3s=0.0  TG4s=0.0  TG0D=51.0  TG1D=48.0  TG3D=55.0  TG4D=49.0
20:02:22 PZ0G=607.1  PZ7G=1021.4  PZ1G=86.8  PZ3G=228.0  PZ4G=220.6  PZ5G=17.3  PZ0T=0.0  PZ3T=0.0  PZ4T=0.0  PZ7T=0.0  PZ0F=652.2  PZ1F=84.6  PZ3F=251.9  PZ4F=244.7  PG0R=228.0  PG2R=220.6  TG0s=0.0  TG1s=0.0  TG3s=0.0  TG4s=0.0  TG0D=52.0  TG1D=48.0  TG3D=54.0  TG4D=46.0
20:02:27 PZ0G=596.7  PZ7G=1028.7  PZ1G=86.7  PZ3G=221.9  PZ4G=216.5  PZ5G=17.2  PZ0T=0.0  PZ3T=0.0  PZ4T=0.0  PZ7T=0.0  PZ0F=620.0  PZ1F=85.4  PZ3F=234.8  PZ4F=228.2  PG0R=221.9  PG2R=216.5  TG0s=0.0  TG1s=0.0  TG3s=0.0  TG4s=0.0  TG0D=51.0  TG1D=46.0  TG3D=54.0  TG4D=47.0
20:02:32 PZ0G=598.3  PZ7G=1025.6  PZ1G=86.3  PZ3G=223.1  PZ4G=216.8  PZ5G=17.3  PZ0T=0.0  PZ3T=0.0  PZ4T=0.0  PZ7T=0.0  PZ0F=607.7  PZ1F=85.2  PZ3F=228.9  PZ4F=221.9  PG0R=223.1  PG2R=216.8  TG0s=0.0  TG1s=0.0  TG3s=0.0  TG4s=0.0  TG0D=53.0  TG1D=47.0  TG3D=51.0  TG4D=46.0
20:02:37 PZ0G=605.6  PZ7G=1009.4  PZ1G=86.6  PZ3G=229.2  PZ4G=218.0  PZ5G=17.3  PZ0T=0.0  PZ3T=0.0  PZ4T=0.0  PZ7T=0.0  PZ0F=604.9  PZ1F=85.4  PZ3F=227.8  PZ4F=220.0  PG0R=229.2  PG2R=218.0  TG0s=0.0  TG1s=0.0  TG3s=0.0  TG4s=0.0  TG0D=55.0  TG1D=47.0  TG3D=54.0  TG4D=46.0
20:02:42 Traceback (most recent call last):
  File "/root/rocm-tests/bench/smc-read.py", line 12, in <module>
    m=json.load(open(MAP)) if os.path.exists(MAP) else build_map()
      ^^^^^^^^^^^^^^^^^^^^
  File "/usr/lib/python3.12/json/__init__.py", line 293, in load
    return loads(fp.read(),
           ^^^^^^^^^^^^^^^^
  File "/usr/lib/python3.12/json/__init__.py", line 346, in loads
    return _default_decoder.decode(s)
           ^^^^^^^^^^^^^^^^^^^^^^^^^^
  File "/usr/lib/python3.12/json/decoder.py", line 340, in decode
    raise JSONDecodeError("Extra data", s, end)
json.decoder.JSONDecodeError: Extra data: line 1 column 13979 (char 13978)
20:02:47 Traceback (most recent call last):
  File "/root/rocm-tests/bench/smc-read.py", line 12, in <module>
    m=json.load(open(MAP)) if os.path.exists(MAP) else build_map()
      ^^^^^^^^^^^^^^^^^^^^
  File "/usr/lib/python3.12/json/__init__.py", line 293, in load
    return loads(fp.read(),
           ^^^^^^^^^^^^^^^^
  File "/usr/lib/python3.12/json/__init__.py", line 346, in loads
    return _default_decoder.decode(s)
           ^^^^^^^^^^^^^^^^^^^^^^^^^^
  File "/usr/lib/python3.12/json/decoder.py", line 340, in decode
    raise JSONDecodeError("Extra data", s, end)
json.decoder.JSONDecodeError: Extra data: line 1 column 13979 (char 13978)
20:02:52 Traceback (most recent call last):
  File "/root/rocm-tests/bench/smc-read.py", line 12, in <module>
    m=json.load(open(MAP)) if os.path.exists(MAP) else build_map()
      ^^^^^^^^^^^^^^^^^^^^
  File "/usr/lib/python3.12/json/__init__.py", line 293, in load
    return loads(fp.read(),
           ^^^^^^^^^^^^^^^^
  File "/usr/lib/python3.12/json/__init__.py", line 346, in loads
    return _default_decoder.decode(s)
           ^^^^^^^^^^^^^^^^^^^^^^^^^^
  File "/usr/lib/python3.12/json/decoder.py", line 340, in decode
    raise JSONDecodeError("Extra data", s, end)
json.decoder.JSONDecodeError: Extra data: line 1 column 13979 (char 13978)
20:02:57 Traceback (most recent call last):
  File "/root/rocm-tests/bench/smc-read.py", line 12, in <module>
    m=json.load(open(MAP)) if os.path.exists(MAP) else build_map()
      ^^^^^^^^^^^^^^^^^^^^
  File "/usr/lib/python3.12/json/__init__.py", line 293, in load
    return loads(fp.read(),
           ^^^^^^^^^^^^^^^^
  File "/usr/lib/python3.12/json/__init__.py", line 346, in loads
    return _default_decoder.decode(s)
           ^^^^^^^^^^^^^^^^^^^^^^^^^^
  File "/usr/lib/python3.12/json/decoder.py", line 340, in decode
    raise JSONDecodeError("Extra data", s, end)
json.decoder.JSONDecodeError: Extra data: line 1 column 13979 (char 13978)
20:03:02 Traceback (most recent call last):
  File "/root/rocm-tests/bench/smc-read.py", line 12, in <module>
    m=json.load(open(MAP)) if os.path.exists(MAP) else build_map()
      ^^^^^^^^^^^^^^^^^^^^
  File "/usr/lib/python3.12/json/__init__.py", line 293, in load
    return loads(fp.read(),
           ^^^^^^^^^^^^^^^^
  File "/usr/lib/python3.12/json/__init__.py", line 346, in loads
    return _default_decoder.decode(s)
           ^^^^^^^^^^^^^^^^^^^^^^^^^^
  File "/usr/lib/python3.12/json/decoder.py", line 340, in decode
    raise JSONDecodeError("Extra data", s, end)
json.decoder.JSONDecodeError: Extra data: line 1 column 13979 (char 13978)
20:03:07 Traceback (most recent call last):
  File "/root/rocm-tests/bench/smc-read.py", line 12, in <module>
    m=json.load(open(MAP)) if os.path.exists(MAP) else build_map()
      ^^^^^^^^^^^^^^^^^^^^
  File "/usr/lib/python3.12/json/__init__.py", line 293, in load
    return loads(fp.read(),
           ^^^^^^^^^^^^^^^^
  File "/usr/lib/python3.12/json/__init__.py", line 346, in loads
    return _default_decoder.decode(s)
           ^^^^^^^^^^^^^^^^^^^^^^^^^^
  File "/usr/lib/python3.12/json/decoder.py", line 340, in decode
    raise JSONDecodeError("Extra data", s, end)
json.decoder.JSONDecodeError: Extra data: line 1 column 13979 (char 13978)
20:03:12 Traceback (most recent call last):
  File "/root/rocm-tests/bench/smc-read.py", line 12, in <module>
    m=json.load(open(MAP)) if os.path.exists(MAP) else build_map()
      ^^^^^^^^^^^^^^^^^^^^
  File "/usr/lib/python3.12/json/__init__.py", line 293, in load
    return loads(fp.read(),
           ^^^^^^^^^^^^^^^^
  File "/usr/lib/python3.12/json/__init__.py", line 346, in loads
    return _default_decoder.decode(s)
           ^^^^^^^^^^^^^^^^^^^^^^^^^^
  File "/usr/lib/python3.12/json/decoder.py", line 340, in decode
    raise JSONDecodeError("Extra data", s, end)
json.decoder.JSONDecodeError: Extra data: line 1 column 13979 (char 13978)
20:03:17 Traceback (most recent call last):
  File "/root/rocm-tests/bench/smc-read.py", line 12, in <module>
    m=json.load(open(MAP)) if os.path.exists(MAP) else build_map()
      ^^^^^^^^^^^^^^^^^^^^
  File "/usr/lib/python3.12/json/__init__.py", line 293, in load
    return loads(fp.read(),
           ^^^^^^^^^^^^^^^^
  File "/usr/lib/python3.12/json/__init__.py", line 346, in loads
    return _default_decoder.decode(s)
           ^^^^^^^^^^^^^^^^^^^^^^^^^^
  File "/usr/lib/python3.12/json/decoder.py", line 340, in decode
    raise JSONDecodeError("Extra data", s, end)
json.decoder.JSONDecodeError: Extra data: line 1 column 13979 (char 13978)
20:03:23 Traceback (most recent call last):
  File "/root/rocm-tests/bench/smc-read.py", line 12, in <module>
    m=json.load(open(MAP)) if os.path.exists(MAP) else build_map()
      ^^^^^^^^^^^^^^^^^^^^
  File "/usr/lib/python3.12/json/__init__.py", line 293, in load
    return loads(fp.read(),
           ^^^^^^^^^^^^^^^^
  File "/usr/lib/python3.12/json/__init__.py", line 346, in loads
    return _default_decoder.decode(s)
           ^^^^^^^^^^^^^^^^^^^^^^^^^^
  File "/usr/lib/python3.12/json/decoder.py", line 340, in decode
    raise JSONDecodeError("Extra data", s, end)
json.decoder.JSONDecodeError: Extra data: line 1 column 13979 (char 13978)
20:03:28 Traceback (most recent call last):
  File "/root/rocm-tests/bench/smc-read.py", line 12, in <module>
    m=json.load(open(MAP)) if os.path.exists(MAP) else build_map()
      ^^^^^^^^^^^^^^^^^^^^
  File "/usr/lib/python3.12/json/__init__.py", line 293, in load
    return loads(fp.read(),
           ^^^^^^^^^^^^^^^^
  File "/usr/lib/python3.12/json/__init__.py", line 346, in loads
    return _default_decoder.decode(s)
           ^^^^^^^^^^^^^^^^^^^^^^^^^^
  File "/usr/lib/python3.12/json/decoder.py", line 340, in decode
    raise JSONDecodeError("Extra data", s, end)
json.decoder.JSONDecodeError: Extra data: line 1 column 13979 (char 13978)
20:03:33 Traceback (most recent call last):
  File "/root/rocm-tests/bench/smc-read.py", line 12, in <module>
    m=json.load(open(MAP)) if os.path.exists(MAP) else build_map()
      ^^^^^^^^^^^^^^^^^^^^
  File "/usr/lib/python3.12/json/__init__.py", line 293, in load
    return loads(fp.read(),
           ^^^^^^^^^^^^^^^^
  File "/usr/lib/python3.12/json/__init__.py", line 346, in loads
    return _default_decoder.decode(s)
           ^^^^^^^^^^^^^^^^^^^^^^^^^^
  File "/usr/lib/python3.12/json/decoder.py", line 340, in decode
    raise JSONDecodeError("Extra data", s, end)
json.decoder.JSONDecodeError: Extra data: line 1 column 13979 (char 13978)
20:03:38 Traceback (most recent call last):
  File "/root/rocm-tests/bench/smc-read.py", line 12, in <module>
    m=json.load(open(MAP)) if os.path.exists(MAP) else build_map()
      ^^^^^^^^^^^^^^^^^^^^
  File "/usr/lib/python3.12/json/__init__.py", line 293, in load
    return loads(fp.read(),
           ^^^^^^^^^^^^^^^^
  File "/usr/lib/python3.12/json/__init__.py", line 346, in loads
    return _default_decoder.decode(s)
           ^^^^^^^^^^^^^^^^^^^^^^^^^^
  File "/usr/lib/python3.12/json/decoder.py", line 340, in decode
    raise JSONDecodeError("Extra data", s, end)
json.decoder.JSONDecodeError: Extra data: line 1 column 13979 (char 13978)
20:03:43 Traceback (most recent call last):
  File "/root/rocm-tests/bench/smc-read.py", line 12, in <module>
    m=json.load(open(MAP)) if os.path.exists(MAP) else build_map()
      ^^^^^^^^^^^^^^^^^^^^
  File "/usr/lib/python3.12/json/__init__.py", line 293, in load
    return loads(fp.read(),
           ^^^^^^^^^^^^^^^^
  File "/usr/lib/python3.12/json/__init__.py", line 346, in loads
    return _default_decoder.decode(s)
           ^^^^^^^^^^^^^^^^^^^^^^^^^^
  File "/usr/lib/python3.12/json/decoder.py", line 340, in decode
    raise JSONDecodeError("Extra data", s, end)
json.decoder.JSONDecodeError: Extra data: line 1 column 13979 (char 13978)
20:03:48 Traceback (most recent call last):
  File "/root/rocm-tests/bench/smc-read.py", line 12, in <module>
    m=json.load(open(MAP)) if os.path.exists(MAP) else build_map()
      ^^^^^^^^^^^^^^^^^^^^
  File "/usr/lib/python3.12/json/__init__.py", line 293, in load
    return loads(fp.read(),
           ^^^^^^^^^^^^^^^^
  File "/usr/lib/python3.12/json/__init__.py", line 346, in loads
    return _default_decoder.decode(s)
           ^^^^^^^^^^^^^^^^^^^^^^^^^^
  File "/usr/lib/python3.12/json/decoder.py", line 340, in decode
    raise JSONDecodeError("Extra data", s, end)
json.decoder.JSONDecodeError: Extra data: line 1 column 13979 (char 13978)
20:03:53 Traceback (most recent call last):
  File "/root/rocm-tests/bench/smc-read.py", line 12, in <module>
    m=json.load(open(MAP)) if os.path.exists(MAP) else build_map()
      ^^^^^^^^^^^^^^^^^^^^
  File "/usr/lib/python3.12/json/__init__.py", line 293, in load
    return loads(fp.read(),
           ^^^^^^^^^^^^^^^^
  File "/usr/lib/python3.12/json/__init__.py", line 346, in loads
    return _default_decoder.decode(s)
           ^^^^^^^^^^^^^^^^^^^^^^^^^^
  File "/usr/lib/python3.12/json/decoder.py", line 340, in decode
    raise JSONDecodeError("Extra data", s, end)
json.decoder.JSONDecodeError: Extra data: line 1 column 13979 (char 13978)
20:03:58 Traceback (most recent call last):
  File "/root/rocm-tests/bench/smc-read.py", line 12, in <module>
    m=json.load(open(MAP)) if os.path.exists(MAP) else build_map()
      ^^^^^^^^^^^^^^^^^^^^
  File "/usr/lib/python3.12/json/__init__.py", line 293, in load
    return loads(fp.read(),
           ^^^^^^^^^^^^^^^^
  File "/usr/lib/python3.12/json/__init__.py", line 346, in loads
    return _default_decoder.decode(s)
           ^^^^^^^^^^^^^^^^^^^^^^^^^^
  File "/usr/lib/python3.12/json/decoder.py", line 340, in decode
    raise JSONDecodeError("Extra data", s, end)
json.decoder.JSONDecodeError: Extra data: line 1 column 13979 (char 13978)
20:04:03 Traceback (most recent call last):
  File "/root/rocm-tests/bench/smc-read.py", line 12, in <module>
    m=json.load(open(MAP)) if os.path.exists(MAP) else build_map()
      ^^^^^^^^^^^^^^^^^^^^
  File "/usr/lib/python3.12/json/__init__.py", line 293, in load
    return loads(fp.read(),
           ^^^^^^^^^^^^^^^^
  File "/usr/lib/python3.12/json/__init__.py", line 346, in loads
    return _default_decoder.decode(s)
           ^^^^^^^^^^^^^^^^^^^^^^^^^^
  File "/usr/lib/python3.12/json/decoder.py", line 340, in decode
    raise JSONDecodeError("Extra data", s, end)
json.decoder.JSONDecodeError: Extra data: line 1 column 13979 (char 13978)
20:04:08 Traceback (most recent call last):
  File "/root/rocm-tests/bench/smc-read.py", line 12, in <module>
    m=json.load(open(MAP)) if os.path.exists(MAP) else build_map()
      ^^^^^^^^^^^^^^^^^^^^
  File "/usr/lib/python3.12/json/__init__.py", line 293, in load
    return loads(fp.read(),
           ^^^^^^^^^^^^^^^^
  File "/usr/lib/python3.12/json/__init__.py", line 346, in loads
    return _default_decoder.decode(s)
           ^^^^^^^^^^^^^^^^^^^^^^^^^^
  File "/usr/lib/python3.12/json/decoder.py", line 340, in decode
    raise JSONDecodeError("Extra data", s, end)
json.decoder.JSONDecodeError: Extra data: line 1 column 13979 (char 13978)
20:04:14 Traceback (most recent call last):
  File "/root/rocm-tests/bench/smc-read.py", line 12, in <module>
    m=json.load(open(MAP)) if os.path.exists(MAP) else build_map()
      ^^^^^^^^^^^^^^^^^^^^
  File "/usr/lib/python3.12/json/__init__.py", line 293, in load
    return loads(fp.read(),
           ^^^^^^^^^^^^^^^^
  File "/usr/lib/python3.12/json/__init__.py", line 346, in loads
    return _default_decoder.decode(s)
           ^^^^^^^^^^^^^^^^^^^^^^^^^^
  File "/usr/lib/python3.12/json/decoder.py", line 340, in decode
    raise JSONDecodeError("Extra data", s, end)
json.decoder.JSONDecodeError: Extra data: line 1 column 13979 (char 13978)
20:04:19 Traceback (most recent call last):
  File "/root/rocm-tests/bench/smc-read.py", line 12, in <module>
    m=json.load(open(MAP)) if os.path.exists(MAP) else build_map()
      ^^^^^^^^^^^^^^^^^^^^
  File "/usr/lib/python3.12/json/__init__.py", line 293, in load
    return loads(fp.read(),
           ^^^^^^^^^^^^^^^^
  File "/usr/lib/python3.12/json/__init__.py", line 346, in loads
    return _default_decoder.decode(s)
           ^^^^^^^^^^^^^^^^^^^^^^^^^^
  File "/usr/lib/python3.12/json/decoder.py", line 340, in decode
    raise JSONDecodeError("Extra data", s, end)
json.decoder.JSONDecodeError: Extra data: line 1 column 13979 (char 13978)
20:04:24 Traceback (most recent call last):
  File "/root/rocm-tests/bench/smc-read.py", line 12, in <module>
    m=json.load(open(MAP)) if os.path.exists(MAP) else build_map()
      ^^^^^^^^^^^^^^^^^^^^
  File "/usr/lib/python3.12/json/__init__.py", line 293, in load
    return loads(fp.read(),
           ^^^^^^^^^^^^^^^^
  File "/usr/lib/python3.12/json/__init__.py", line 346, in loads
    return _default_decoder.decode(s)
           ^^^^^^^^^^^^^^^^^^^^^^^^^^
  File "/usr/lib/python3.12/json/decoder.py", line 340, in decode
    raise JSONDecodeError("Extra data", s, end)
json.decoder.JSONDecodeError: Extra data: line 1 column 13979 (char 13978)
20:04:29 Traceback (most recent call last):
  File "/root/rocm-tests/bench/smc-read.py", line 12, in <module>
    m=json.load(open(MAP)) if os.path.exists(MAP) else build_map()
      ^^^^^^^^^^^^^^^^^^^^
  File "/usr/lib/python3.12/json/__init__.py", line 293, in load
    return loads(fp.read(),
           ^^^^^^^^^^^^^^^^
  File "/usr/lib/python3.12/json/__init__.py", line 346, in loads
    return _default_decoder.decode(s)
           ^^^^^^^^^^^^^^^^^^^^^^^^^^
  File "/usr/lib/python3.12/json/decoder.py", line 340, in decode
    raise JSONDecodeError("Extra data", s, end)
json.decoder.JSONDecodeError: Extra data: line 1 column 13979 (char 13978)
20:04:34 Traceback (most recent call last):
  File "/root/rocm-tests/bench/smc-read.py", line 12, in <module>
    m=json.load(open(MAP)) if os.path.exists(MAP) else build_map()
      ^^^^^^^^^^^^^^^^^^^^
  File "/usr/lib/python3.12/json/__init__.py", line 293, in load
    return loads(fp.read(),
           ^^^^^^^^^^^^^^^^
  File "/usr/lib/python3.12/json/__init__.py", line 346, in loads
    return _default_decoder.decode(s)
           ^^^^^^^^^^^^^^^^^^^^^^^^^^
  File "/usr/lib/python3.12/json/decoder.py", line 340, in decode
    raise JSONDecodeError("Extra data", s, end)
json.decoder.JSONDecodeError: Extra data: line 1 column 13979 (char 13978)
20:04:39 Traceback (most recent call last):
  File "/root/rocm-tests/bench/smc-read.py", line 12, in <module>
    m=json.load(open(MAP)) if os.path.exists(MAP) else build_map()
      ^^^^^^^^^^^^^^^^^^^^
  File "/usr/lib/python3.12/json/__init__.py", line 293, in load
    return loads(fp.read(),
           ^^^^^^^^^^^^^^^^
  File "/usr/lib/python3.12/json/__init__.py", line 346, in loads
    return _default_decoder.decode(s)
           ^^^^^^^^^^^^^^^^^^^^^^^^^^
  File "/usr/lib/python3.12/json/decoder.py", line 340, in decode
    raise JSONDecodeError("Extra data", s, end)
json.decoder.JSONDecodeError: Extra data: line 1 column 13979 (char 13978)
20:04:44 Traceback (most recent call last):
  File "/root/rocm-tests/bench/smc-read.py", line 12, in <module>
    m=json.load(open(MAP)) if os.path.exists(MAP) else build_map()
      ^^^^^^^^^^^^^^^^^^^^
  File "/usr/lib/python3.12/json/__init__.py", line 293, in load
    return loads(fp.read(),
           ^^^^^^^^^^^^^^^^
  File "/usr/lib/python3.12/json/__init__.py", line 346, in loads
    return _default_decoder.decode(s)
           ^^^^^^^^^^^^^^^^^^^^^^^^^^
  File "/usr/lib/python3.12/json/decoder.py", line 340, in decode
    raise JSONDecodeError("Extra data", s, end)
json.decoder.JSONDecodeError: Extra data: line 1 column 13979 (char 13978)
20:04:49 Traceback (most recent call last):
  File "/root/rocm-tests/bench/smc-read.py", line 12, in <module>
    m=json.load(open(MAP)) if os.path.exists(MAP) else build_map()
      ^^^^^^^^^^^^^^^^^^^^
  File "/usr/lib/python3.12/json/__init__.py", line 293, in load
    return loads(fp.read(),
           ^^^^^^^^^^^^^^^^
  File "/usr/lib/python3.12/json/__init__.py", line 346, in loads
    return _default_decoder.decode(s)
           ^^^^^^^^^^^^^^^^^^^^^^^^^^
  File "/usr/lib/python3.12/json/decoder.py", line 340, in decode
    raise JSONDecodeError("Extra data", s, end)
json.decoder.JSONDecodeError: Extra data: line 1 column 13979 (char 13978)
20:04:54 Traceback (most recent call last):
  File "/root/rocm-tests/bench/smc-read.py", line 12, in <module>
    m=json.load(open(MAP)) if os.path.exists(MAP) else build_map()
      ^^^^^^^^^^^^^^^^^^^^
  File "/usr/lib/python3.12/json/__init__.py", line 293, in load
    return loads(fp.read(),
           ^^^^^^^^^^^^^^^^
  File "/usr/lib/python3.12/json/__init__.py", line 346, in loads
    return _default_decoder.decode(s)
           ^^^^^^^^^^^^^^^^^^^^^^^^^^
  File "/usr/lib/python3.12/json/decoder.py", line 340, in decode
    raise JSONDecodeError("Extra data", s, end)
json.decoder.JSONDecodeError: Extra data: line 1 column 13979 (char 13978)
20:04:59 Traceback (most recent call last):
  File "/root/rocm-tests/bench/smc-read.py", line 12, in <module>
    m=json.load(open(MAP)) if os.path.exists(MAP) else build_map()
      ^^^^^^^^^^^^^^^^^^^^
  File "/usr/lib/python3.12/json/__init__.py", line 293, in load
    return loads(fp.read(),
           ^^^^^^^^^^^^^^^^
  File "/usr/lib/python3.12/json/__init__.py", line 346, in loads
    return _default_decoder.decode(s)
           ^^^^^^^^^^^^^^^^^^^^^^^^^^
  File "/usr/lib/python3.12/json/decoder.py", line 340, in decode
    raise JSONDecodeError("Extra data", s, end)
json.decoder.JSONDecodeError: Extra data: line 1 column 13979 (char 13978)
20:05:04 Traceback (most recent call last):
  File "/root/rocm-tests/bench/smc-read.py", line 12, in <module>
    m=json.load(open(MAP)) if os.path.exists(MAP) else build_map()
      ^^^^^^^^^^^^^^^^^^^^
  File "/usr/lib/python3.12/json/__init__.py", line 293, in load
    return loads(fp.read(),
           ^^^^^^^^^^^^^^^^
  File "/usr/lib/python3.12/json/__init__.py", line 346, in loads
    return _default_decoder.decode(s)
           ^^^^^^^^^^^^^^^^^^^^^^^^^^
  File "/usr/lib/python3.12/json/decoder.py", line 340, in decode
    raise JSONDecodeError("Extra data", s, end)
json.decoder.JSONDecodeError: Extra data: line 1 column 13979 (char 13978)
20:05:10 Traceback (most recent call last):
  File "/root/rocm-tests/bench/smc-read.py", line 12, in <module>
    m=json.load(open(MAP)) if os.path.exists(MAP) else build_map()
      ^^^^^^^^^^^^^^^^^^^^
  File "/usr/lib/python3.12/json/__init__.py", line 293, in load
    return loads(fp.read(),
           ^^^^^^^^^^^^^^^^
  File "/usr/lib/python3.12/json/__init__.py", line 346, in loads
    return _default_decoder.decode(s)
           ^^^^^^^^^^^^^^^^^^^^^^^^^^
  File "/usr/lib/python3.12/json/decoder.py", line 340, in decode
    raise JSONDecodeError("Extra data", s, end)
json.decoder.JSONDecodeError: Extra data: line 1 column 13979 (char 13978)
20:05:15 Traceback (most recent call last):
  File "/root/rocm-tests/bench/smc-read.py", line 12, in <module>
    m=json.load(open(MAP)) if os.path.exists(MAP) else build_map()
      ^^^^^^^^^^^^^^^^^^^^
  File "/usr/lib/python3.12/json/__init__.py", line 293, in load
    return loads(fp.read(),
           ^^^^^^^^^^^^^^^^
  File "/usr/lib/python3.12/json/__init__.py", line 346, in loads
    return _default_decoder.decode(s)
           ^^^^^^^^^^^^^^^^^^^^^^^^^^
  File "/usr/lib/python3.12/json/decoder.py", line 340, in decode
    raise JSONDecodeError("Extra data", s, end)
json.decoder.JSONDecodeError: Extra data: line 1 column 13979 (char 13978)
20:05:20 Traceback (most recent call last):
  File "/root/rocm-tests/bench/smc-read.py", line 12, in <module>
    m=json.load(open(MAP)) if os.path.exists(MAP) else build_map()
      ^^^^^^^^^^^^^^^^^^^^
  File "/usr/lib/python3.12/json/__init__.py", line 293, in load
    return loads(fp.read(),
           ^^^^^^^^^^^^^^^^
  File "/usr/lib/python3.12/json/__init__.py", line 346, in loads
    return _default_decoder.decode(s)
           ^^^^^^^^^^^^^^^^^^^^^^^^^^
  File "/usr/lib/python3.12/json/decoder.py", line 340, in decode
    raise JSONDecodeError("Extra data", s, end)
json.decoder.JSONDecodeError: Extra data: line 1 column 13979 (char 13978)
20:05:25 Traceback (most recent call last):
  File "/root/rocm-tests/bench/smc-read.py", line 12, in <module>
    m=json.load(open(MAP)) if os.path.exists(MAP) else build_map()
      ^^^^^^^^^^^^^^^^^^^^
  File "/usr/lib/python3.12/json/__init__.py", line 293, in load
    return loads(fp.read(),
           ^^^^^^^^^^^^^^^^
  File "/usr/lib/python3.12/json/__init__.py", line 346, in loads
    return _default_decoder.decode(s)
           ^^^^^^^^^^^^^^^^^^^^^^^^^^
  File "/usr/lib/python3.12/json/decoder.py", line 340, in decode
    raise JSONDecodeError("Extra data", s, end)
json.decoder.JSONDecodeError: Extra data: line 1 column 13979 (char 13978)
20:05:30 Traceback (most recent call last):
  File "/root/rocm-tests/bench/smc-read.py", line 12, in <module>
    m=json.load(open(MAP)) if os.path.exists(MAP) else build_map()
      ^^^^^^^^^^^^^^^^^^^^
  File "/usr/lib/python3.12/json/__init__.py", line 293, in load
    return loads(fp.read(),
           ^^^^^^^^^^^^^^^^
  File "/usr/lib/python3.12/json/__init__.py", line 346, in loads
    return _default_decoder.decode(s)
           ^^^^^^^^^^^^^^^^^^^^^^^^^^
  File "/usr/lib/python3.12/json/decoder.py", line 340, in decode
    raise JSONDecodeError("Extra data", s, end)
json.decoder.JSONDecodeError: Extra data: line 1 column 13979 (char 13978)
20:05:35 Traceback (most recent call last):
  File "/root/rocm-tests/bench/smc-read.py", line 12, in <module>
    m=json.load(open(MAP)) if os.path.exists(MAP) else build_map()
      ^^^^^^^^^^^^^^^^^^^^
  File "/usr/lib/python3.12/json/__init__.py", line 293, in load
    return loads(fp.read(),
           ^^^^^^^^^^^^^^^^
  File "/usr/lib/python3.12/json/__init__.py", line 346, in loads
    return _default_decoder.decode(s)
           ^^^^^^^^^^^^^^^^^^^^^^^^^^
  File "/usr/lib/python3.12/json/decoder.py", line 340, in decode
    raise JSONDecodeError("Extra data", s, end)
json.decoder.JSONDecodeError: Extra data: line 1 column 13979 (char 13978)
20:05:40 Traceback (most recent call last):
  File "/root/rocm-tests/bench/smc-read.py", line 12, in <module>
    m=json.load(open(MAP)) if os.path.exists(MAP) else build_map()
      ^^^^^^^^^^^^^^^^^^^^
  File "/usr/lib/python3.12/json/__init__.py", line 293, in load
    return loads(fp.read(),
           ^^^^^^^^^^^^^^^^
  File "/usr/lib/python3.12/json/__init__.py", line 346, in loads
    return _default_decoder.decode(s)
           ^^^^^^^^^^^^^^^^^^^^^^^^^^
  File "/usr/lib/python3.12/json/decoder.py", line 340, in decode
    raise JSONDecodeError("Extra data", s, end)
json.decoder.JSONDecodeError: Extra data: line 1 column 13979 (char 13978)
20:05:45 Traceback (most recent call last):
  File "/root/rocm-tests/bench/smc-read.py", line 12, in <module>
    m=json.load(open(MAP)) if os.path.exists(MAP) else build_map()
      ^^^^^^^^^^^^^^^^^^^^
  File "/usr/lib/python3.12/json/__init__.py", line 293, in load
    return loads(fp.read(),
           ^^^^^^^^^^^^^^^^
  File "/usr/lib/python3.12/json/__init__.py", line 346, in loads
    return _default_decoder.decode(s)
           ^^^^^^^^^^^^^^^^^^^^^^^^^^
  File "/usr/lib/python3.12/json/decoder.py", line 340, in decode
    raise JSONDecodeError("Extra data", s, end)
json.decoder.JSONDecodeError: Extra data: line 1 column 13979 (char 13978)
20:05:50 Traceback (most recent call last):
  File "/root/rocm-tests/bench/smc-read.py", line 12, in <module>
    m=json.load(open(MAP)) if os.path.exists(MAP) else build_map()
      ^^^^^^^^^^^^^^^^^^^^
  File "/usr/lib/python3.12/json/__init__.py", line 293, in load
    return loads(fp.read(),
           ^^^^^^^^^^^^^^^^
  File "/usr/lib/python3.12/json/__init__.py", line 346, in loads
    return _default_decoder.decode(s)
           ^^^^^^^^^^^^^^^^^^^^^^^^^^
  File "/usr/lib/python3.12/json/decoder.py", line 340, in decode
    raise JSONDecodeError("Extra data", s, end)
json.decoder.JSONDecodeError: Extra data: line 1 column 13979 (char 13978)
20:05:55 Traceback (most recent call last):
  File "/root/rocm-tests/bench/smc-read.py", line 12, in <module>
    m=json.load(open(MAP)) if os.path.exists(MAP) else build_map()
      ^^^^^^^^^^^^^^^^^^^^
  File "/usr/lib/python3.12/json/__init__.py", line 293, in load
    return loads(fp.read(),
           ^^^^^^^^^^^^^^^^
  File "/usr/lib/python3.12/json/__init__.py", line 346, in loads
    return _default_decoder.decode(s)
           ^^^^^^^^^^^^^^^^^^^^^^^^^^
  File "/usr/lib/python3.12/json/decoder.py", line 340, in decode
    raise JSONDecodeError("Extra data", s, end)
json.decoder.JSONDecodeError: Extra data: line 1 column 13979 (char 13978)
20:06:01 Traceback (most recent call last):
  File "/root/rocm-tests/bench/smc-read.py", line 12, in <module>
    m=json.load(open(MAP)) if os.path.exists(MAP) else build_map()
      ^^^^^^^^^^^^^^^^^^^^
  File "/usr/lib/python3.12/json/__init__.py", line 293, in load
    return loads(fp.read(),
           ^^^^^^^^^^^^^^^^
  File "/usr/lib/python3.12/json/__init__.py", line 346, in loads
    return _default_decoder.decode(s)
           ^^^^^^^^^^^^^^^^^^^^^^^^^^
  File "/usr/lib/python3.12/json/decoder.py", line 340, in decode
    raise JSONDecodeError("Extra data", s, end)
json.decoder.JSONDecodeError: Extra data: line 1 column 13979 (char 13978)
20:06:06 Traceback (most recent call last):
  File "/root/rocm-tests/bench/smc-read.py", line 12, in <module>
    m=json.load(open(MAP)) if os.path.exists(MAP) else build_map()
      ^^^^^^^^^^^^^^^^^^^^
  File "/usr/lib/python3.12/json/__init__.py", line 293, in load
    return loads(fp.read(),
           ^^^^^^^^^^^^^^^^
  File "/usr/lib/python3.12/json/__init__.py", line 346, in loads
    return _default_decoder.decode(s)
           ^^^^^^^^^^^^^^^^^^^^^^^^^^
  File "/usr/lib/python3.12/json/decoder.py", line 340, in decode
    raise JSONDecodeError("Extra data", s, end)
json.decoder.JSONDecodeError: Extra data: line 1 column 13979 (char 13978)
20:06:11 Traceback (most recent call last):
  File "/root/rocm-tests/bench/smc-read.py", line 12, in <module>
    m=json.load(open(MAP)) if os.path.exists(MAP) else build_map()
      ^^^^^^^^^^^^^^^^^^^^
  File "/usr/lib/python3.12/json/__init__.py", line 293, in load
    return loads(fp.read(),
           ^^^^^^^^^^^^^^^^
  File "/usr/lib/python3.12/json/__init__.py", line 346, in loads
    return _default_decoder.decode(s)
           ^^^^^^^^^^^^^^^^^^^^^^^^^^
  File "/usr/lib/python3.12/json/decoder.py", line 340, in decode
    raise JSONDecodeError("Extra data", s, end)
json.decoder.JSONDecodeError: Extra data: line 1 column 13979 (char 13978)
20:06:16 Traceback (most recent call last):
  File "/root/rocm-tests/bench/smc-read.py", line 12, in <module>
    m=json.load(open(MAP)) if os.path.exists(MAP) else build_map()
      ^^^^^^^^^^^^^^^^^^^^
  File "/usr/lib/python3.12/json/__init__.py", line 293, in load
    return loads(fp.read(),
           ^^^^^^^^^^^^^^^^
  File "/usr/lib/python3.12/json/__init__.py", line 346, in loads
    return _default_decoder.decode(s)
           ^^^^^^^^^^^^^^^^^^^^^^^^^^
  File "/usr/lib/python3.12/json/decoder.py", line 340, in decode
    raise JSONDecodeError("Extra data", s, end)
json.decoder.JSONDecodeError: Extra data: line 1 column 13979 (char 13978)
20:06:21 Traceback (most recent call last):
  File "/root/rocm-tests/bench/smc-read.py", line 12, in <module>
    m=json.load(open(MAP)) if os.path.exists(MAP) else build_map()
      ^^^^^^^^^^^^^^^^^^^^
  File "/usr/lib/python3.12/json/__init__.py", line 293, in load
    return loads(fp.read(),
           ^^^^^^^^^^^^^^^^
  File "/usr/lib/python3.12/json/__init__.py", line 346, in loads
    return _default_decoder.decode(s)
           ^^^^^^^^^^^^^^^^^^^^^^^^^^
  File "/usr/lib/python3.12/json/decoder.py", line 340, in decode
    raise JSONDecodeError("Extra data", s, end)
json.decoder.JSONDecodeError: Extra data: line 1 column 13979 (char 13978)
20:06:26 Traceback (most recent call last):
  File "/root/rocm-tests/bench/smc-read.py", line 12, in <module>
    m=json.load(open(MAP)) if os.path.exists(MAP) else build_map()
      ^^^^^^^^^^^^^^^^^^^^
  File "/usr/lib/python3.12/json/__init__.py", line 293, in load
    return loads(fp.read(),
           ^^^^^^^^^^^^^^^^
  File "/usr/lib/python3.12/json/__init__.py", line 346, in loads
    return _default_decoder.decode(s)
           ^^^^^^^^^^^^^^^^^^^^^^^^^^
  File "/usr/lib/python3.12/json/decoder.py", line 340, in decode
    raise JSONDecodeError("Extra data", s, end)
json.decoder.JSONDecodeError: Extra data: line 1 column 13979 (char 13978)
20:06:31 Traceback (most recent call last):
  File "/root/rocm-tests/bench/smc-read.py", line 12, in <module>
    m=json.load(open(MAP)) if os.path.exists(MAP) else build_map()
      ^^^^^^^^^^^^^^^^^^^^
  File "/usr/lib/python3.12/json/__init__.py", line 293, in load
    return loads(fp.read(),
           ^^^^^^^^^^^^^^^^
  File "/usr/lib/python3.12/json/__init__.py", line 346, in loads
    return _default_decoder.decode(s)
           ^^^^^^^^^^^^^^^^^^^^^^^^^^
  File "/usr/lib/python3.12/json/decoder.py", line 340, in decode
    raise JSONDecodeError("Extra data", s, end)
json.decoder.JSONDecodeError: Extra data: line 1 column 13979 (char 13978)
20:06:36 Traceback (most recent call last):
  File "/root/rocm-tests/bench/smc-read.py", line 12, in <module>
    m=json.load(open(MAP)) if os.path.exists(MAP) else build_map()
      ^^^^^^^^^^^^^^^^^^^^
  File "/usr/lib/python3.12/json/__init__.py", line 293, in load
    return loads(fp.read(),
           ^^^^^^^^^^^^^^^^
  File "/usr/lib/python3.12/json/__init__.py", line 346, in loads
    return _default_decoder.decode(s)
           ^^^^^^^^^^^^^^^^^^^^^^^^^^
  File "/usr/lib/python3.12/json/decoder.py", line 340, in decode
    raise JSONDecodeError("Extra data", s, end)
json.decoder.JSONDecodeError: Extra data: line 1 column 13979 (char 13978)
20:06:41 Traceback (most recent call last):
  File "/root/rocm-tests/bench/smc-read.py", line 12, in <module>
    m=json.load(open(MAP)) if os.path.exists(MAP) else build_map()
      ^^^^^^^^^^^^^^^^^^^^
  File "/usr/lib/python3.12/json/__init__.py", line 293, in load
    return loads(fp.read(),
           ^^^^^^^^^^^^^^^^
  File "/usr/lib/python3.12/json/__init__.py", line 346, in loads
    return _default_decoder.decode(s)
           ^^^^^^^^^^^^^^^^^^^^^^^^^^
  File "/usr/lib/python3.12/json/decoder.py", line 340, in decode
    raise JSONDecodeError("Extra data", s, end)
json.decoder.JSONDecodeError: Extra data: line 1 column 13979 (char 13978)
20:06:46 Traceback (most recent call last):
  File "/root/rocm-tests/bench/smc-read.py", line 12, in <module>
    m=json.load(open(MAP)) if os.path.exists(MAP) else build_map()
      ^^^^^^^^^^^^^^^^^^^^
  File "/usr/lib/python3.12/json/__init__.py", line 293, in load
    return loads(fp.read(),
           ^^^^^^^^^^^^^^^^
  File "/usr/lib/python3.12/json/__init__.py", line 346, in loads
    return _default_decoder.decode(s)
           ^^^^^^^^^^^^^^^^^^^^^^^^^^
  File "/usr/lib/python3.12/json/decoder.py", line 340, in decode
    raise JSONDecodeError("Extra data", s, end)
json.decoder.JSONDecodeError: Extra data: line 1 column 13979 (char 13978)
20:06:51 Traceback (most recent call last):
  File "/root/rocm-tests/bench/smc-read.py", line 12, in <module>
    m=json.load(open(MAP)) if os.path.exists(MAP) else build_map()
      ^^^^^^^^^^^^^^^^^^^^
  File "/usr/lib/python3.12/json/__init__.py", line 293, in load
    return loads(fp.read(),
           ^^^^^^^^^^^^^^^^
  File "/usr/lib/python3.12/json/__init__.py", line 346, in loads
    return _default_decoder.decode(s)
           ^^^^^^^^^^^^^^^^^^^^^^^^^^
  File "/usr/lib/python3.12/json/decoder.py", line 340, in decode
    raise JSONDecodeError("Extra data", s, end)
json.decoder.JSONDecodeError: Extra data: line 1 column 13979 (char 13978)
20:06:57 Traceback (most recent call last):
  File "/root/rocm-tests/bench/smc-read.py", line 12, in <module>
    m=json.load(open(MAP)) if os.path.exists(MAP) else build_map()
      ^^^^^^^^^^^^^^^^^^^^
  File "/usr/lib/python3.12/json/__init__.py", line 293, in load
    return loads(fp.read(),
           ^^^^^^^^^^^^^^^^
  File "/usr/lib/python3.12/json/__init__.py", line 346, in loads
    return _default_decoder.decode(s)
           ^^^^^^^^^^^^^^^^^^^^^^^^^^
  File "/usr/lib/python3.12/json/decoder.py", line 340, in decode
    raise JSONDecodeError("Extra data", s, end)
json.decoder.JSONDecodeError: Extra data: line 1 column 13979 (char 13978)
20:07:02 Traceback (most recent call last):
  File "/root/rocm-tests/bench/smc-read.py", line 12, in <module>
    m=json.load(open(MAP)) if os.path.exists(MAP) else build_map()
      ^^^^^^^^^^^^^^^^^^^^
  File "/usr/lib/python3.12/json/__init__.py", line 293, in load
    return loads(fp.read(),
           ^^^^^^^^^^^^^^^^
  File "/usr/lib/python3.12/json/__init__.py", line 346, in loads
    return _default_decoder.decode(s)
           ^^^^^^^^^^^^^^^^^^^^^^^^^^
  File "/usr/lib/python3.12/json/decoder.py", line 340, in decode
    raise JSONDecodeError("Extra data", s, end)
json.decoder.JSONDecodeError: Extra data: line 1 column 13979 (char 13978)
20:07:07 Traceback (most recent call last):
  File "/root/rocm-tests/bench/smc-read.py", line 12, in <module>
    m=json.load(open(MAP)) if os.path.exists(MAP) else build_map()
      ^^^^^^^^^^^^^^^^^^^^
  File "/usr/lib/python3.12/json/__init__.py", line 293, in load
    return loads(fp.read(),
           ^^^^^^^^^^^^^^^^
  File "/usr/lib/python3.12/json/__init__.py", line 346, in loads
    return _default_decoder.decode(s)
           ^^^^^^^^^^^^^^^^^^^^^^^^^^
  File "/usr/lib/python3.12/json/decoder.py", line 340, in decode
    raise JSONDecodeError("Extra data", s, end)
json.decoder.JSONDecodeError: Extra data: line 1 column 13979 (char 13978)
20:07:12 Traceback (most recent call last):
  File "/root/rocm-tests/bench/smc-read.py", line 12, in <module>
    m=json.load(open(MAP)) if os.path.exists(MAP) else build_map()
      ^^^^^^^^^^^^^^^^^^^^
  File "/usr/lib/python3.12/json/__init__.py", line 293, in load
    return loads(fp.read(),
           ^^^^^^^^^^^^^^^^
  File "/usr/lib/python3.12/json/__init__.py", line 346, in loads
    return _default_decoder.decode(s)
           ^^^^^^^^^^^^^^^^^^^^^^^^^^
  File "/usr/lib/python3.12/json/decoder.py", line 340, in decode
    raise JSONDecodeError("Extra data", s, end)
json.decoder.JSONDecodeError: Extra data: line 1 column 13979 (char 13978)
20:07:17 Traceback (most recent call last):
  File "/root/rocm-tests/bench/smc-read.py", line 12, in <module>
    m=json.load(open(MAP)) if os.path.exists(MAP) else build_map()
      ^^^^^^^^^^^^^^^^^^^^
  File "/usr/lib/python3.12/json/__init__.py", line 293, in load
    return loads(fp.read(),
           ^^^^^^^^^^^^^^^^
  File "/usr/lib/python3.12/json/__init__.py", line 346, in loads
    return _default_decoder.decode(s)
           ^^^^^^^^^^^^^^^^^^^^^^^^^^
  File "/usr/lib/python3.12/json/decoder.py", line 340, in decode
    raise JSONDecodeError("Extra data", s, end)
json.decoder.JSONDecodeError: Extra data: line 1 column 13979 (char 13978)
20:07:22 Traceback (most recent call last):
  File "/root/rocm-tests/bench/smc-read.py", line 12, in <module>
    m=json.load(open(MAP)) if os.path.exists(MAP) else build_map()
      ^^^^^^^^^^^^^^^^^^^^
  File "/usr/lib/python3.12/json/__init__.py", line 293, in load
    return loads(fp.read(),
           ^^^^^^^^^^^^^^^^
  File "/usr/lib/python3.12/json/__init__.py", line 346, in loads
    return _default_decoder.decode(s)
           ^^^^^^^^^^^^^^^^^^^^^^^^^^
  File "/usr/lib/python3.12/json/decoder.py", line 340, in decode
    raise JSONDecodeError("Extra data", s, end)
json.decoder.JSONDecodeError: Extra data: line 1 column 13979 (char 13978)
20:07:27 Traceback (most recent call last):
  File "/root/rocm-tests/bench/smc-read.py", line 12, in <module>
    m=json.load(open(MAP)) if os.path.exists(MAP) else build_map()
      ^^^^^^^^^^^^^^^^^^^^
  File "/usr/lib/python3.12/json/__init__.py", line 293, in load
    return loads(fp.read(),
           ^^^^^^^^^^^^^^^^
  File "/usr/lib/python3.12/json/__init__.py", line 346, in loads
    return _default_decoder.decode(s)
           ^^^^^^^^^^^^^^^^^^^^^^^^^^
  File "/usr/lib/python3.12/json/decoder.py", line 340, in decode
    raise JSONDecodeError("Extra data", s, end)
json.decoder.JSONDecodeError: Extra data: line 1 column 13979 (char 13978)
20:07:32 Traceback (most recent call last):
  File "/root/rocm-tests/bench/smc-read.py", line 12, in <module>
    m=json.load(open(MAP)) if os.path.exists(MAP) else build_map()
      ^^^^^^^^^^^^^^^^^^^^
  File "/usr/lib/python3.12/json/__init__.py", line 293, in load
    return loads(fp.read(),
           ^^^^^^^^^^^^^^^^
  File "/usr/lib/python3.12/json/__init__.py", line 346, in loads
    return _default_decoder.decode(s)
           ^^^^^^^^^^^^^^^^^^^^^^^^^^
  File "/usr/lib/python3.12/json/decoder.py", line 340, in decode
    raise JSONDecodeError("Extra data", s, end)
json.decoder.JSONDecodeError: Extra data: line 1 column 13979 (char 13978)
20:07:37 Traceback (most recent call last):
  File "/root/rocm-tests/bench/smc-read.py", line 12, in <module>
    m=json.load(open(MAP)) if os.path.exists(MAP) else build_map()
      ^^^^^^^^^^^^^^^^^^^^
  File "/usr/lib/python3.12/json/__init__.py", line 293, in load
    return loads(fp.read(),
           ^^^^^^^^^^^^^^^^
  File "/usr/lib/python3.12/json/__init__.py", line 346, in loads
    return _default_decoder.decode(s)
           ^^^^^^^^^^^^^^^^^^^^^^^^^^
  File "/usr/lib/python3.12/json/decoder.py", line 340, in decode
    raise JSONDecodeError("Extra data", s, end)
json.decoder.JSONDecodeError: Extra data: line 1 column 13979 (char 13978)
20:07:42 Traceback (most recent call last):
  File "/root/rocm-tests/bench/smc-read.py", line 12, in <module>
    m=json.load(open(MAP)) if os.path.exists(MAP) else build_map()
      ^^^^^^^^^^^^^^^^^^^^
  File "/usr/lib/python3.12/json/__init__.py", line 293, in load
    return loads(fp.read(),
           ^^^^^^^^^^^^^^^^
  File "/usr/lib/python3.12/json/__init__.py", line 346, in loads
    return _default_decoder.decode(s)
           ^^^^^^^^^^^^^^^^^^^^^^^^^^
  File "/usr/lib/python3.12/json/decoder.py", line 340, in decode
    raise JSONDecodeError("Extra data", s, end)
json.decoder.JSONDecodeError: Extra data: line 1 column 13979 (char 13978)
20:07:47 Traceback (most recent call last):
  File "/root/rocm-tests/bench/smc-read.py", line 12, in <module>
    m=json.load(open(MAP)) if os.path.exists(MAP) else build_map()
      ^^^^^^^^^^^^^^^^^^^^
  File "/usr/lib/python3.12/json/__init__.py", line 293, in load
    return loads(fp.read(),
           ^^^^^^^^^^^^^^^^
  File "/usr/lib/python3.12/json/__init__.py", line 346, in loads
    return _default_decoder.decode(s)
           ^^^^^^^^^^^^^^^^^^^^^^^^^^
  File "/usr/lib/python3.12/json/decoder.py", line 340, in decode
    raise JSONDecodeError("Extra data", s, end)
json.decoder.JSONDecodeError: Extra data: line 1 column 13979 (char 13978)
20:07:53 Traceback (most recent call last):
  File "/root/rocm-tests/bench/smc-read.py", line 12, in <module>
    m=json.load(open(MAP)) if os.path.exists(MAP) else build_map()
      ^^^^^^^^^^^^^^^^^^^^
  File "/usr/lib/python3.12/json/__init__.py", line 293, in load
    return loads(fp.read(),
           ^^^^^^^^^^^^^^^^
  File "/usr/lib/python3.12/json/__init__.py", line 346, in loads
    return _default_decoder.decode(s)
           ^^^^^^^^^^^^^^^^^^^^^^^^^^
  File "/usr/lib/python3.12/json/decoder.py", line 340, in decode
    raise JSONDecodeError("Extra data", s, end)
json.decoder.JSONDecodeError: Extra data: line 1 column 13979 (char 13978)
20:07:58 Traceback (most recent call last):
  File "/root/rocm-tests/bench/smc-read.py", line 12, in <module>
    m=json.load(open(MAP)) if os.path.exists(MAP) else build_map()
      ^^^^^^^^^^^^^^^^^^^^
  File "/usr/lib/python3.12/json/__init__.py", line 293, in load
    return loads(fp.read(),
           ^^^^^^^^^^^^^^^^
  File "/usr/lib/python3.12/json/__init__.py", line 346, in loads
    return _default_decoder.decode(s)
           ^^^^^^^^^^^^^^^^^^^^^^^^^^
  File "/usr/lib/python3.12/json/decoder.py", line 340, in decode
    raise JSONDecodeError("Extra data", s, end)
json.decoder.JSONDecodeError: Extra data: line 1 column 13979 (char 13978)
20:08:03 Traceback (most recent call last):
  File "/root/rocm-tests/bench/smc-read.py", line 12, in <module>
    m=json.load(open(MAP)) if os.path.exists(MAP) else build_map()
      ^^^^^^^^^^^^^^^^^^^^
  File "/usr/lib/python3.12/json/__init__.py", line 293, in load
    return loads(fp.read(),
           ^^^^^^^^^^^^^^^^
  File "/usr/lib/python3.12/json/__init__.py", line 346, in loads
    return _default_decoder.decode(s)
           ^^^^^^^^^^^^^^^^^^^^^^^^^^
  File "/usr/lib/python3.12/json/decoder.py", line 340, in decode
    raise JSONDecodeError("Extra data", s, end)
json.decoder.JSONDecodeError: Extra data: line 1 column 13979 (char 13978)
20:08:08 Traceback (most recent call last):
  File "/root/rocm-tests/bench/smc-read.py", line 12, in <module>
    m=json.load(open(MAP)) if os.path.exists(MAP) else build_map()
      ^^^^^^^^^^^^^^^^^^^^
  File "/usr/lib/python3.12/json/__init__.py", line 293, in load
    return loads(fp.read(),
           ^^^^^^^^^^^^^^^^
  File "/usr/lib/python3.12/json/__init__.py", line 346, in loads
    return _default_decoder.decode(s)
           ^^^^^^^^^^^^^^^^^^^^^^^^^^
  File "/usr/lib/python3.12/json/decoder.py", line 340, in decode
    raise JSONDecodeError("Extra data", s, end)
json.decoder.JSONDecodeError: Extra data: line 1 column 13979 (char 13978)
20:08:13 Traceback (most recent call last):
  File "/root/rocm-tests/bench/smc-read.py", line 12, in <module>
    m=json.load(open(MAP)) if os.path.exists(MAP) else build_map()
      ^^^^^^^^^^^^^^^^^^^^
  File "/usr/lib/python3.12/json/__init__.py", line 293, in load
    return loads(fp.read(),
           ^^^^^^^^^^^^^^^^
  File "/usr/lib/python3.12/json/__init__.py", line 346, in loads
    return _default_decoder.decode(s)
           ^^^^^^^^^^^^^^^^^^^^^^^^^^
  File "/usr/lib/python3.12/json/decoder.py", line 340, in decode
    raise JSONDecodeError("Extra data", s, end)
json.decoder.JSONDecodeError: Extra data: line 1 column 13979 (char 13978)
20:08:18 Traceback (most recent call last):
  File "/root/rocm-tests/bench/smc-read.py", line 12, in <module>
    m=json.load(open(MAP)) if os.path.exists(MAP) else build_map()
      ^^^^^^^^^^^^^^^^^^^^
  File "/usr/lib/python3.12/json/__init__.py", line 293, in load
    return loads(fp.read(),
           ^^^^^^^^^^^^^^^^
  File "/usr/lib/python3.12/json/__init__.py", line 346, in loads
    return _default_decoder.decode(s)
           ^^^^^^^^^^^^^^^^^^^^^^^^^^
  File "/usr/lib/python3.12/json/decoder.py", line 340, in decode
    raise JSONDecodeError("Extra data", s, end)
json.decoder.JSONDecodeError: Extra data: line 1 column 13979 (char 13978)
20:08:23 Traceback (most recent call last):
  File "/root/rocm-tests/bench/smc-read.py", line 12, in <module>
    m=json.load(open(MAP)) if os.path.exists(MAP) else build_map()
      ^^^^^^^^^^^^^^^^^^^^
  File "/usr/lib/python3.12/json/__init__.py", line 293, in load
    return loads(fp.read(),
           ^^^^^^^^^^^^^^^^
  File "/usr/lib/python3.12/json/__init__.py", line 346, in loads
    return _default_decoder.decode(s)
           ^^^^^^^^^^^^^^^^^^^^^^^^^^
  File "/usr/lib/python3.12/json/decoder.py", line 340, in decode
    raise JSONDecodeError("Extra data", s, end)
json.decoder.JSONDecodeError: Extra data: line 1 column 13979 (char 13978)
20:08:28 Traceback (most recent call last):
  File "/root/rocm-tests/bench/smc-read.py", line 12, in <module>
    m=json.load(open(MAP)) if os.path.exists(MAP) else build_map()
      ^^^^^^^^^^^^^^^^^^^^
  File "/usr/lib/python3.12/json/__init__.py", line 293, in load
    return loads(fp.read(),
           ^^^^^^^^^^^^^^^^
  File "/usr/lib/python3.12/json/__init__.py", line 346, in loads
    return _default_decoder.decode(s)
           ^^^^^^^^^^^^^^^^^^^^^^^^^^
  File "/usr/lib/python3.12/json/decoder.py", line 340, in decode
    raise JSONDecodeError("Extra data", s, end)
json.decoder.JSONDecodeError: Extra data: line 1 column 13979 (char 13978)
20:08:33 Traceback (most recent call last):
  File "/root/rocm-tests/bench/smc-read.py", line 12, in <module>
    m=json.load(open(MAP)) if os.path.exists(MAP) else build_map()
      ^^^^^^^^^^^^^^^^^^^^
  File "/usr/lib/python3.12/json/__init__.py", line 293, in load
    return loads(fp.read(),
           ^^^^^^^^^^^^^^^^
  File "/usr/lib/python3.12/json/__init__.py", line 346, in loads
    return _default_decoder.decode(s)
           ^^^^^^^^^^^^^^^^^^^^^^^^^^
  File "/usr/lib/python3.12/json/decoder.py", line 340, in decode
    raise JSONDecodeError("Extra data", s, end)
json.decoder.JSONDecodeError: Extra data: line 1 column 13979 (char 13978)
20:08:38 Traceback (most recent call last):
  File "/root/rocm-tests/bench/smc-read.py", line 12, in <module>
    m=json.load(open(MAP)) if os.path.exists(MAP) else build_map()
      ^^^^^^^^^^^^^^^^^^^^
  File "/usr/lib/python3.12/json/__init__.py", line 293, in load
    return loads(fp.read(),
           ^^^^^^^^^^^^^^^^
  File "/usr/lib/python3.12/json/__init__.py", line 346, in loads
    return _default_decoder.decode(s)
           ^^^^^^^^^^^^^^^^^^^^^^^^^^
  File "/usr/lib/python3.12/json/decoder.py", line 340, in decode
    raise JSONDecodeError("Extra data", s, end)
json.decoder.JSONDecodeError: Extra data: line 1 column 13979 (char 13978)
20:08:44 Traceback (most recent call last):
  File "/root/rocm-tests/bench/smc-read.py", line 12, in <module>
    m=json.load(open(MAP)) if os.path.exists(MAP) else build_map()
      ^^^^^^^^^^^^^^^^^^^^
  File "/usr/lib/python3.12/json/__init__.py", line 293, in load
    return loads(fp.read(),
           ^^^^^^^^^^^^^^^^
  File "/usr/lib/python3.12/json/__init__.py", line 346, in loads
    return _default_decoder.decode(s)
           ^^^^^^^^^^^^^^^^^^^^^^^^^^
  File "/usr/lib/python3.12/json/decoder.py", line 340, in decode
    raise JSONDecodeError("Extra data", s, end)
json.decoder.JSONDecodeError: Extra data: line 1 column 13979 (char 13978)
20:08:49 Traceback (most recent call last):
  File "/root/rocm-tests/bench/smc-read.py", line 12, in <module>
    m=json.load(open(MAP)) if os.path.exists(MAP) else build_map()
      ^^^^^^^^^^^^^^^^^^^^
  File "/usr/lib/python3.12/json/__init__.py", line 293, in load
    return loads(fp.read(),
           ^^^^^^^^^^^^^^^^
  File "/usr/lib/python3.12/json/__init__.py", line 346, in loads
    return _default_decoder.decode(s)
           ^^^^^^^^^^^^^^^^^^^^^^^^^^
  File "/usr/lib/python3.12/json/decoder.py", line 340, in decode
    raise JSONDecodeError("Extra data", s, end)
json.decoder.JSONDecodeError: Extra data: line 1 column 13979 (char 13978)
20:08:54 Traceback (most recent call last):
  File "/root/rocm-tests/bench/smc-read.py", line 12, in <module>
    m=json.load(open(MAP)) if os.path.exists(MAP) else build_map()
      ^^^^^^^^^^^^^^^^^^^^
  File "/usr/lib/python3.12/json/__init__.py", line 293, in load
    return loads(fp.read(),
           ^^^^^^^^^^^^^^^^
  File "/usr/lib/python3.12/json/__init__.py", line 346, in loads
    return _default_decoder.decode(s)
           ^^^^^^^^^^^^^^^^^^^^^^^^^^
  File "/usr/lib/python3.12/json/decoder.py", line 340, in decode
    raise JSONDecodeError("Extra data", s, end)
json.decoder.JSONDecodeError: Extra data: line 1 column 13979 (char 13978)
20:08:59 Traceback (most recent call last):
  File "/root/rocm-tests/bench/smc-read.py", line 12, in <module>
    m=json.load(open(MAP)) if os.path.exists(MAP) else build_map()
      ^^^^^^^^^^^^^^^^^^^^
  File "/usr/lib/python3.12/json/__init__.py", line 293, in load
    return loads(fp.read(),
           ^^^^^^^^^^^^^^^^
  File "/usr/lib/python3.12/json/__init__.py", line 346, in loads
    return _default_decoder.decode(s)
           ^^^^^^^^^^^^^^^^^^^^^^^^^^
  File "/usr/lib/python3.12/json/decoder.py", line 340, in decode
    raise JSONDecodeError("Extra data", s, end)
json.decoder.JSONDecodeError: Extra data: line 1 column 13979 (char 13978)
20:09:04 Traceback (most recent call last):
  File "/root/rocm-tests/bench/smc-read.py", line 12, in <module>
    m=json.load(open(MAP)) if os.path.exists(MAP) else build_map()
      ^^^^^^^^^^^^^^^^^^^^
  File "/usr/lib/python3.12/json/__init__.py", line 293, in load
    return loads(fp.read(),
           ^^^^^^^^^^^^^^^^
  File "/usr/lib/python3.12/json/__init__.py", line 346, in loads
    return _default_decoder.decode(s)
           ^^^^^^^^^^^^^^^^^^^^^^^^^^
  File "/usr/lib/python3.12/json/decoder.py", line 340, in decode
    raise JSONDecodeError("Extra data", s, end)
json.decoder.JSONDecodeError: Extra data: line 1 column 13979 (char 13978)
20:09:09 Traceback (most recent call last):
  File "/root/rocm-tests/bench/smc-read.py", line 12, in <module>
    m=json.load(open(MAP)) if os.path.exists(MAP) else build_map()
      ^^^^^^^^^^^^^^^^^^^^
  File "/usr/lib/python3.12/json/__init__.py", line 293, in load
    return loads(fp.read(),
           ^^^^^^^^^^^^^^^^
  File "/usr/lib/python3.12/json/__init__.py", line 346, in loads
    return _default_decoder.decode(s)
           ^^^^^^^^^^^^^^^^^^^^^^^^^^
  File "/usr/lib/python3.12/json/decoder.py", line 340, in decode
    raise JSONDecodeError("Extra data", s, end)
json.decoder.JSONDecodeError: Extra data: line 1 column 13979 (char 13978)
20:09:14 Traceback (most recent call last):
  File "/root/rocm-tests/bench/smc-read.py", line 12, in <module>
    m=json.load(open(MAP)) if os.path.exists(MAP) else build_map()
      ^^^^^^^^^^^^^^^^^^^^
  File "/usr/lib/python3.12/json/__init__.py", line 293, in load
    return loads(fp.read(),
           ^^^^^^^^^^^^^^^^
  File "/usr/lib/python3.12/json/__init__.py", line 346, in loads
    return _default_decoder.decode(s)
           ^^^^^^^^^^^^^^^^^^^^^^^^^^
  File "/usr/lib/python3.12/json/decoder.py", line 340, in decode
    raise JSONDecodeError("Extra data", s, end)
json.decoder.JSONDecodeError: Extra data: line 1 column 13979 (char 13978)
20:09:19 Traceback (most recent call last):
  File "/root/rocm-tests/bench/smc-read.py", line 12, in <module>
    m=json.load(open(MAP)) if os.path.exists(MAP) else build_map()
      ^^^^^^^^^^^^^^^^^^^^
  File "/usr/lib/python3.12/json/__init__.py", line 293, in load
    return loads(fp.read(),
           ^^^^^^^^^^^^^^^^
  File "/usr/lib/python3.12/json/__init__.py", line 346, in loads
    return _default_decoder.decode(s)
           ^^^^^^^^^^^^^^^^^^^^^^^^^^
  File "/usr/lib/python3.12/json/decoder.py", line 340, in decode
    raise JSONDecodeError("Extra data", s, end)
json.decoder.JSONDecodeError: Extra data: line 1 column 13979 (char 13978)
20:09:24 Traceback (most recent call last):
  File "/root/rocm-tests/bench/smc-read.py", line 12, in <module>
    m=json.load(open(MAP)) if os.path.exists(MAP) else build_map()
      ^^^^^^^^^^^^^^^^^^^^
  File "/usr/lib/python3.12/json/__init__.py", line 293, in load
    return loads(fp.read(),
           ^^^^^^^^^^^^^^^^
  File "/usr/lib/python3.12/json/__init__.py", line 346, in loads
    return _default_decoder.decode(s)
           ^^^^^^^^^^^^^^^^^^^^^^^^^^
  File "/usr/lib/python3.12/json/decoder.py", line 340, in decode
    raise JSONDecodeError("Extra data", s, end)
json.decoder.JSONDecodeError: Extra data: line 1 column 13979 (char 13978)
20:09:29 Traceback (most recent call last):
  File "/root/rocm-tests/bench/smc-read.py", line 12, in <module>
    m=json.load(open(MAP)) if os.path.exists(MAP) else build_map()
      ^^^^^^^^^^^^^^^^^^^^
  File "/usr/lib/python3.12/json/__init__.py", line 293, in load
    return loads(fp.read(),
           ^^^^^^^^^^^^^^^^
  File "/usr/lib/python3.12/json/__init__.py", line 346, in loads
    return _default_decoder.decode(s)
           ^^^^^^^^^^^^^^^^^^^^^^^^^^
  File "/usr/lib/python3.12/json/decoder.py", line 340, in decode
    raise JSONDecodeError("Extra data", s, end)
json.decoder.JSONDecodeError: Extra data: line 1 column 13979 (char 13978)
20:09:34 Traceback (most recent call last):
  File "/root/rocm-tests/bench/smc-read.py", line 12, in <module>
    m=json.load(open(MAP)) if os.path.exists(MAP) else build_map()
      ^^^^^^^^^^^^^^^^^^^^
  File "/usr/lib/python3.12/json/__init__.py", line 293, in load
    return loads(fp.read(),
           ^^^^^^^^^^^^^^^^
  File "/usr/lib/python3.12/json/__init__.py", line 346, in loads
    return _default_decoder.decode(s)
           ^^^^^^^^^^^^^^^^^^^^^^^^^^
  File "/usr/lib/python3.12/json/decoder.py", line 340, in decode
    raise JSONDecodeError("Extra data", s, end)
json.decoder.JSONDecodeError: Extra data: line 1 column 13979 (char 13978)
20:09:40 Traceback (most recent call last):
  File "/root/rocm-tests/bench/smc-read.py", line 12, in <module>
    m=json.load(open(MAP)) if os.path.exists(MAP) else build_map()
      ^^^^^^^^^^^^^^^^^^^^
  File "/usr/lib/python3.12/json/__init__.py", line 293, in load
    return loads(fp.read(),
           ^^^^^^^^^^^^^^^^
  File "/usr/lib/python3.12/json/__init__.py", line 346, in loads
    return _default_decoder.decode(s)
           ^^^^^^^^^^^^^^^^^^^^^^^^^^
  File "/usr/lib/python3.12/json/decoder.py", line 340, in decode
    raise JSONDecodeError("Extra data", s, end)
json.decoder.JSONDecodeError: Extra data: line 1 column 13979 (char 13978)
20:09:45 Traceback (most recent call last):
  File "/root/rocm-tests/bench/smc-read.py", line 12, in <module>
    m=json.load(open(MAP)) if os.path.exists(MAP) else build_map()
      ^^^^^^^^^^^^^^^^^^^^
  File "/usr/lib/python3.12/json/__init__.py", line 293, in load
    return loads(fp.read(),
           ^^^^^^^^^^^^^^^^
  File "/usr/lib/python3.12/json/__init__.py", line 346, in loads
    return _default_decoder.decode(s)
           ^^^^^^^^^^^^^^^^^^^^^^^^^^
  File "/usr/lib/python3.12/json/decoder.py", line 340, in decode
    raise JSONDecodeError("Extra data", s, end)
json.decoder.JSONDecodeError: Extra data: line 1 column 13979 (char 13978)
20:09:50 Traceback (most recent call last):
  File "/root/rocm-tests/bench/smc-read.py", line 12, in <module>
    m=json.load(open(MAP)) if os.path.exists(MAP) else build_map()
      ^^^^^^^^^^^^^^^^^^^^
  File "/usr/lib/python3.12/json/__init__.py", line 293, in load
    return loads(fp.read(),
           ^^^^^^^^^^^^^^^^
  File "/usr/lib/python3.12/json/__init__.py", line 346, in loads
    return _default_decoder.decode(s)
           ^^^^^^^^^^^^^^^^^^^^^^^^^^
  File "/usr/lib/python3.12/json/decoder.py", line 340, in decode
    raise JSONDecodeError("Extra data", s, end)
json.decoder.JSONDecodeError: Extra data: line 1 column 13979 (char 13978)
20:09:55 Traceback (most recent call last):
  File "/root/rocm-tests/bench/smc-read.py", line 12, in <module>
    m=json.load(open(MAP)) if os.path.exists(MAP) else build_map()
      ^^^^^^^^^^^^^^^^^^^^
  File "/usr/lib/python3.12/json/__init__.py", line 293, in load
    return loads(fp.read(),
           ^^^^^^^^^^^^^^^^
  File "/usr/lib/python3.12/json/__init__.py", line 346, in loads
    return _default_decoder.decode(s)
           ^^^^^^^^^^^^^^^^^^^^^^^^^^
  File "/usr/lib/python3.12/json/decoder.py", line 340, in decode
    raise JSONDecodeError("Extra data", s, end)
json.decoder.JSONDecodeError: Extra data: line 1 column 13979 (char 13978)
20:10:00 Traceback (most recent call last):
  File "/root/rocm-tests/bench/smc-read.py", line 12, in <module>
    m=json.load(open(MAP)) if os.path.exists(MAP) else build_map()
      ^^^^^^^^^^^^^^^^^^^^
  File "/usr/lib/python3.12/json/__init__.py", line 293, in load
    return loads(fp.read(),
           ^^^^^^^^^^^^^^^^
  File "/usr/lib/python3.12/json/__init__.py", line 346, in loads
    return _default_decoder.decode(s)
           ^^^^^^^^^^^^^^^^^^^^^^^^^^
  File "/usr/lib/python3.12/json/decoder.py", line 340, in decode
    raise JSONDecodeError("Extra data", s, end)
json.decoder.JSONDecodeError: Extra data: line 1 column 13979 (char 13978)
20:10:05 Traceback (most recent call last):
  File "/root/rocm-tests/bench/smc-read.py", line 12, in <module>
    m=json.load(open(MAP)) if os.path.exists(MAP) else build_map()
      ^^^^^^^^^^^^^^^^^^^^
  File "/usr/lib/python3.12/json/__init__.py", line 293, in load
    return loads(fp.read(),
           ^^^^^^^^^^^^^^^^
  File "/usr/lib/python3.12/json/__init__.py", line 346, in loads
    return _default_decoder.decode(s)
           ^^^^^^^^^^^^^^^^^^^^^^^^^^
  File "/usr/lib/python3.12/json/decoder.py", line 340, in decode
    raise JSONDecodeError("Extra data", s, end)
json.decoder.JSONDecodeError: Extra data: line 1 column 13979 (char 13978)
20:10:10 Traceback (most recent call last):
  File "/root/rocm-tests/bench/smc-read.py", line 12, in <module>
    m=json.load(open(MAP)) if os.path.exists(MAP) else build_map()
      ^^^^^^^^^^^^^^^^^^^^
  File "/usr/lib/python3.12/json/__init__.py", line 293, in load
    return loads(fp.read(),
           ^^^^^^^^^^^^^^^^
  File "/usr/lib/python3.12/json/__init__.py", line 346, in loads
    return _default_decoder.decode(s)
           ^^^^^^^^^^^^^^^^^^^^^^^^^^
  File "/usr/lib/python3.12/json/decoder.py", line 340, in decode
    raise JSONDecodeError("Extra data", s, end)
json.decoder.JSONDecodeError: Extra data: line 1 column 13979 (char 13978)
20:10:15 Traceback (most recent call last):
  File "/root/rocm-tests/bench/smc-read.py", line 12, in <module>
    m=json.load(open(MAP)) if os.path.exists(MAP) else build_map()
      ^^^^^^^^^^^^^^^^^^^^
  File "/usr/lib/python3.12/json/__init__.py", line 293, in load
    return loads(fp.read(),
           ^^^^^^^^^^^^^^^^
  File "/usr/lib/python3.12/json/__init__.py", line 346, in loads
    return _default_decoder.decode(s)
           ^^^^^^^^^^^^^^^^^^^^^^^^^^
  File "/usr/lib/python3.12/json/decoder.py", line 340, in decode
    raise JSONDecodeError("Extra data", s, end)
json.decoder.JSONDecodeError: Extra data: line 1 column 13979 (char 13978)
20:10:20 Traceback (most recent call last):
  File "/root/rocm-tests/bench/smc-read.py", line 12, in <module>
    m=json.load(open(MAP)) if os.path.exists(MAP) else build_map()
      ^^^^^^^^^^^^^^^^^^^^
  File "/usr/lib/python3.12/json/__init__.py", line 293, in load
    return loads(fp.read(),
           ^^^^^^^^^^^^^^^^
  File "/usr/lib/python3.12/json/__init__.py", line 346, in loads
    return _default_decoder.decode(s)
           ^^^^^^^^^^^^^^^^^^^^^^^^^^
  File "/usr/lib/python3.12/json/decoder.py", line 340, in decode
    raise JSONDecodeError("Extra data", s, end)
json.decoder.JSONDecodeError: Extra data: line 1 column 13979 (char 13978)
20:10:25 Traceback (most recent call last):
  File "/root/rocm-tests/bench/smc-read.py", line 12, in <module>
    m=json.load(open(MAP)) if os.path.exists(MAP) else build_map()
      ^^^^^^^^^^^^^^^^^^^^
  File "/usr/lib/python3.12/json/__init__.py", line 293, in load
    return loads(fp.read(),
           ^^^^^^^^^^^^^^^^
  File "/usr/lib/python3.12/json/__init__.py", line 346, in loads
    return _default_decoder.decode(s)
           ^^^^^^^^^^^^^^^^^^^^^^^^^^
  File "/usr/lib/python3.12/json/decoder.py", line 340, in decode
    raise JSONDecodeError("Extra data", s, end)
json.decoder.JSONDecodeError: Extra data: line 1 column 13979 (char 13978)
20:10:31 Traceback (most recent call last):
  File "/root/rocm-tests/bench/smc-read.py", line 12, in <module>
    m=json.load(open(MAP)) if os.path.exists(MAP) else build_map()
      ^^^^^^^^^^^^^^^^^^^^
  File "/usr/lib/python3.12/json/__init__.py", line 293, in load
    return loads(fp.read(),
           ^^^^^^^^^^^^^^^^
  File "/usr/lib/python3.12/json/__init__.py", line 346, in loads
    return _default_decoder.decode(s)
           ^^^^^^^^^^^^^^^^^^^^^^^^^^
  File "/usr/lib/python3.12/json/decoder.py", line 340, in decode
    raise JSONDecodeError("Extra data", s, end)
json.decoder.JSONDecodeError: Extra data: line 1 column 13979 (char 13978)
20:10:36 Traceback (most recent call last):
  File "/root/rocm-tests/bench/smc-read.py", line 12, in <module>
    m=json.load(open(MAP)) if os.path.exists(MAP) else build_map()
      ^^^^^^^^^^^^^^^^^^^^
  File "/usr/lib/python3.12/json/__init__.py", line 293, in load
    return loads(fp.read(),
           ^^^^^^^^^^^^^^^^
  File "/usr/lib/python3.12/json/__init__.py", line 346, in loads
    return _default_decoder.decode(s)
           ^^^^^^^^^^^^^^^^^^^^^^^^^^
  File "/usr/lib/python3.12/json/decoder.py", line 340, in decode
    raise JSONDecodeError("Extra data", s, end)
json.decoder.JSONDecodeError: Extra data: line 1 column 13979 (char 13978)
20:10:41 Traceback (most recent call last):
  File "/root/rocm-tests/bench/smc-read.py", line 12, in <module>
    m=json.load(open(MAP)) if os.path.exists(MAP) else build_map()
      ^^^^^^^^^^^^^^^^^^^^
  File "/usr/lib/python3.12/json/__init__.py", line 293, in load
    return loads(fp.read(),
           ^^^^^^^^^^^^^^^^
  File "/usr/lib/python3.12/json/__init__.py", line 346, in loads
    return _default_decoder.decode(s)
           ^^^^^^^^^^^^^^^^^^^^^^^^^^
  File "/usr/lib/python3.12/json/decoder.py", line 340, in decode
    raise JSONDecodeError("Extra data", s, end)
json.decoder.JSONDecodeError: Extra data: line 1 column 13979 (char 13978)
20:10:46 Traceback (most recent call last):
  File "/root/rocm-tests/bench/smc-read.py", line 12, in <module>
    m=json.load(open(MAP)) if os.path.exists(MAP) else build_map()
      ^^^^^^^^^^^^^^^^^^^^
  File "/usr/lib/python3.12/json/__init__.py", line 293, in load
    return loads(fp.read(),
           ^^^^^^^^^^^^^^^^
  File "/usr/lib/python3.12/json/__init__.py", line 346, in loads
    return _default_decoder.decode(s)
           ^^^^^^^^^^^^^^^^^^^^^^^^^^
  File "/usr/lib/python3.12/json/decoder.py", line 340, in decode
    raise JSONDecodeError("Extra data", s, end)
json.decoder.JSONDecodeError: Extra data: line 1 column 13979 (char 13978)
20:10:51 Traceback (most recent call last):
  File "/root/rocm-tests/bench/smc-read.py", line 12, in <module>
    m=json.load(open(MAP)) if os.path.exists(MAP) else build_map()
      ^^^^^^^^^^^^^^^^^^^^
  File "/usr/lib/python3.12/json/__init__.py", line 293, in load
    return loads(fp.read(),
           ^^^^^^^^^^^^^^^^
  File "/usr/lib/python3.12/json/__init__.py", line 346, in loads
    return _default_decoder.decode(s)
           ^^^^^^^^^^^^^^^^^^^^^^^^^^
  File "/usr/lib/python3.12/json/decoder.py", line 340, in decode
    raise JSONDecodeError("Extra data", s, end)
json.decoder.JSONDecodeError: Extra data: line 1 column 13979 (char 13978)
20:10:56 Traceback (most recent call last):
  File "/root/rocm-tests/bench/smc-read.py", line 12, in <module>
    m=json.load(open(MAP)) if os.path.exists(MAP) else build_map()
      ^^^^^^^^^^^^^^^^^^^^
  File "/usr/lib/python3.12/json/__init__.py", line 293, in load
    return loads(fp.read(),
           ^^^^^^^^^^^^^^^^
  File "/usr/lib/python3.12/json/__init__.py", line 346, in loads
    return _default_decoder.decode(s)
           ^^^^^^^^^^^^^^^^^^^^^^^^^^
  File "/usr/lib/python3.12/json/decoder.py", line 340, in decode
    raise JSONDecodeError("Extra data", s, end)
json.decoder.JSONDecodeError: Extra data: line 1 column 13979 (char 13978)
20:11:01 Traceback (most recent call last):
  File "/root/rocm-tests/bench/smc-read.py", line 12, in <module>
    m=json.load(open(MAP)) if os.path.exists(MAP) else build_map()
      ^^^^^^^^^^^^^^^^^^^^
  File "/usr/lib/python3.12/json/__init__.py", line 293, in load
    return loads(fp.read(),
           ^^^^^^^^^^^^^^^^
  File "/usr/lib/python3.12/json/__init__.py", line 346, in loads
    return _default_decoder.decode(s)
           ^^^^^^^^^^^^^^^^^^^^^^^^^^
  File "/usr/lib/python3.12/json/decoder.py", line 340, in decode
    raise JSONDecodeError("Extra data", s, end)
json.decoder.JSONDecodeError: Extra data: line 1 column 13979 (char 13978)
20:11:06 Traceback (most recent call last):
  File "/root/rocm-tests/bench/smc-read.py", line 12, in <module>
    m=json.load(open(MAP)) if os.path.exists(MAP) else build_map()
      ^^^^^^^^^^^^^^^^^^^^
  File "/usr/lib/python3.12/json/__init__.py", line 293, in load
    return loads(fp.read(),
           ^^^^^^^^^^^^^^^^
  File "/usr/lib/python3.12/json/__init__.py", line 346, in loads
    return _default_decoder.decode(s)
           ^^^^^^^^^^^^^^^^^^^^^^^^^^
  File "/usr/lib/python3.12/json/decoder.py", line 340, in decode
    raise JSONDecodeError("Extra data", s, end)
json.decoder.JSONDecodeError: Extra data: line 1 column 13979 (char 13978)
20:11:11 Traceback (most recent call last):
  File "/root/rocm-tests/bench/smc-read.py", line 12, in <module>
    m=json.load(open(MAP)) if os.path.exists(MAP) else build_map()
      ^^^^^^^^^^^^^^^^^^^^
  File "/usr/lib/python3.12/json/__init__.py", line 293, in load
    return loads(fp.read(),
           ^^^^^^^^^^^^^^^^
  File "/usr/lib/python3.12/json/__init__.py", line 346, in loads
    return _default_decoder.decode(s)
           ^^^^^^^^^^^^^^^^^^^^^^^^^^
  File "/usr/lib/python3.12/json/decoder.py", line 340, in decode
    raise JSONDecodeError("Extra data", s, end)
json.decoder.JSONDecodeError: Extra data: line 1 column 13979 (char 13978)
20:11:16 Traceback (most recent call last):
  File "/root/rocm-tests/bench/smc-read.py", line 12, in <module>
    m=json.load(open(MAP)) if os.path.exists(MAP) else build_map()
      ^^^^^^^^^^^^^^^^^^^^
  File "/usr/lib/python3.12/json/__init__.py", line 293, in load
    return loads(fp.read(),
           ^^^^^^^^^^^^^^^^
  File "/usr/lib/python3.12/json/__init__.py", line 346, in loads
    return _default_decoder.decode(s)
           ^^^^^^^^^^^^^^^^^^^^^^^^^^
  File "/usr/lib/python3.12/json/decoder.py", line 340, in decode
    raise JSONDecodeError("Extra data", s, end)
json.decoder.JSONDecodeError: Extra data: line 1 column 13979 (char 13978)
20:11:22 Traceback (most recent call last):
  File "/root/rocm-tests/bench/smc-read.py", line 12, in <module>
    m=json.load(open(MAP)) if os.path.exists(MAP) else build_map()
      ^^^^^^^^^^^^^^^^^^^^
  File "/usr/lib/python3.12/json/__init__.py", line 293, in load
    return loads(fp.read(),
           ^^^^^^^^^^^^^^^^
  File "/usr/lib/python3.12/json/__init__.py", line 346, in loads
    return _default_decoder.decode(s)
           ^^^^^^^^^^^^^^^^^^^^^^^^^^
  File "/usr/lib/python3.12/json/decoder.py", line 340, in decode
    raise JSONDecodeError("Extra data", s, end)
json.decoder.JSONDecodeError: Extra data: line 1 column 13979 (char 13978)
20:11:27 Traceback (most recent call last):
  File "/root/rocm-tests/bench/smc-read.py", line 12, in <module>
    m=json.load(open(MAP)) if os.path.exists(MAP) else build_map()
      ^^^^^^^^^^^^^^^^^^^^
  File "/usr/lib/python3.12/json/__init__.py", line 293, in load
    return loads(fp.read(),
           ^^^^^^^^^^^^^^^^
  File "/usr/lib/python3.12/json/__init__.py", line 346, in loads
    return _default_decoder.decode(s)
           ^^^^^^^^^^^^^^^^^^^^^^^^^^
  File "/usr/lib/python3.12/json/decoder.py", line 340, in decode
    raise JSONDecodeError("Extra data", s, end)
json.decoder.JSONDecodeError: Extra data: line 1 column 13979 (char 13978)
20:11:32 Traceback (most recent call last):
  File "/root/rocm-tests/bench/smc-read.py", line 12, in <module>
    m=json.load(open(MAP)) if os.path.exists(MAP) else build_map()
      ^^^^^^^^^^^^^^^^^^^^
  File "/usr/lib/python3.12/json/__init__.py", line 293, in load
    return loads(fp.read(),
           ^^^^^^^^^^^^^^^^
  File "/usr/lib/python3.12/json/__init__.py", line 346, in loads
    return _default_decoder.decode(s)
           ^^^^^^^^^^^^^^^^^^^^^^^^^^
  File "/usr/lib/python3.12/json/decoder.py", line 340, in decode
    raise JSONDecodeError("Extra data", s, end)
json.decoder.JSONDecodeError: Extra data: line 1 column 13979 (char 13978)
20:11:37 Traceback (most recent call last):
  File "/root/rocm-tests/bench/smc-read.py", line 12, in <module>
    m=json.load(open(MAP)) if os.path.exists(MAP) else build_map()
      ^^^^^^^^^^^^^^^^^^^^
  File "/usr/lib/python3.12/json/__init__.py", line 293, in load
    return loads(fp.read(),
           ^^^^^^^^^^^^^^^^
  File "/usr/lib/python3.12/json/__init__.py", line 346, in loads
    return _default_decoder.decode(s)
           ^^^^^^^^^^^^^^^^^^^^^^^^^^
  File "/usr/lib/python3.12/json/decoder.py", line 340, in decode
    raise JSONDecodeError("Extra data", s, end)
json.decoder.JSONDecodeError: Extra data: line 1 column 13979 (char 13978)
20:11:42 Traceback (most recent call last):
  File "/root/rocm-tests/bench/smc-read.py", line 12, in <module>
    m=json.load(open(MAP)) if os.path.exists(MAP) else build_map()
      ^^^^^^^^^^^^^^^^^^^^
  File "/usr/lib/python3.12/json/__init__.py", line 293, in load
    return loads(fp.read(),
           ^^^^^^^^^^^^^^^^
  File "/usr/lib/python3.12/json/__init__.py", line 346, in loads
    return _default_decoder.decode(s)
           ^^^^^^^^^^^^^^^^^^^^^^^^^^
  File "/usr/lib/python3.12/json/decoder.py", line 340, in decode
    raise JSONDecodeError("Extra data", s, end)
json.decoder.JSONDecodeError: Extra data: line 1 column 13979 (char 13978)
20:11:47 Traceback (most recent call last):
  File "/root/rocm-tests/bench/smc-read.py", line 12, in <module>
    m=json.load(open(MAP)) if os.path.exists(MAP) else build_map()
      ^^^^^^^^^^^^^^^^^^^^
  File "/usr/lib/python3.12/json/__init__.py", line 293, in load
    return loads(fp.read(),
           ^^^^^^^^^^^^^^^^
  File "/usr/lib/python3.12/json/__init__.py", line 346, in loads
    return _default_decoder.decode(s)
           ^^^^^^^^^^^^^^^^^^^^^^^^^^
  File "/usr/lib/python3.12/json/decoder.py", line 340, in decode
    raise JSONDecodeError("Extra data", s, end)
json.decoder.JSONDecodeError: Extra data: line 1 column 13979 (char 13978)
20:11:52 Traceback (most recent call last):
  File "/root/rocm-tests/bench/smc-read.py", line 12, in <module>
    m=json.load(open(MAP)) if os.path.exists(MAP) else build_map()
      ^^^^^^^^^^^^^^^^^^^^
  File "/usr/lib/python3.12/json/__init__.py", line 293, in load
    return loads(fp.read(),
           ^^^^^^^^^^^^^^^^
  File "/usr/lib/python3.12/json/__init__.py", line 346, in loads
    return _default_decoder.decode(s)
           ^^^^^^^^^^^^^^^^^^^^^^^^^^
  File "/usr/lib/python3.12/json/decoder.py", line 340, in decode
    raise JSONDecodeError("Extra data", s, end)
json.decoder.JSONDecodeError: Extra data: line 1 column 13979 (char 13978)
20:11:57 Traceback (most recent call last):
  File "/root/rocm-tests/bench/smc-read.py", line 12, in <module>
    m=json.load(open(MAP)) if os.path.exists(MAP) else build_map()
      ^^^^^^^^^^^^^^^^^^^^
  File "/usr/lib/python3.12/json/__init__.py", line 293, in load
    return loads(fp.read(),
           ^^^^^^^^^^^^^^^^
  File "/usr/lib/python3.12/json/__init__.py", line 346, in loads
    return _default_decoder.decode(s)
           ^^^^^^^^^^^^^^^^^^^^^^^^^^
  File "/usr/lib/python3.12/json/decoder.py", line 340, in decode
    raise JSONDecodeError("Extra data", s, end)
json.decoder.JSONDecodeError: Extra data: line 1 column 13979 (char 13978)
20:12:02 Traceback (most recent call last):
  File "/root/rocm-tests/bench/smc-read.py", line 12, in <module>
    m=json.load(open(MAP)) if os.path.exists(MAP) else build_map()
      ^^^^^^^^^^^^^^^^^^^^
  File "/usr/lib/python3.12/json/__init__.py", line 293, in load
    return loads(fp.read(),
           ^^^^^^^^^^^^^^^^
  File "/usr/lib/python3.12/json/__init__.py", line 346, in loads
    return _default_decoder.decode(s)
           ^^^^^^^^^^^^^^^^^^^^^^^^^^
  File "/usr/lib/python3.12/json/decoder.py", line 340, in decode
    raise JSONDecodeError("Extra data", s, end)
json.decoder.JSONDecodeError: Extra data: line 1 column 13979 (char 13978)
20:12:07 Traceback (most recent call last):
  File "/root/rocm-tests/bench/smc-read.py", line 12, in <module>
    m=json.load(open(MAP)) if os.path.exists(MAP) else build_map()
      ^^^^^^^^^^^^^^^^^^^^
  File "/usr/lib/python3.12/json/__init__.py", line 293, in load
    return loads(fp.read(),
           ^^^^^^^^^^^^^^^^
  File "/usr/lib/python3.12/json/__init__.py", line 346, in loads
    return _default_decoder.decode(s)
           ^^^^^^^^^^^^^^^^^^^^^^^^^^
  File "/usr/lib/python3.12/json/decoder.py", line 340, in decode
    raise JSONDecodeError("Extra data", s, end)
json.decoder.JSONDecodeError: Extra data: line 1 column 13979 (char 13978)
20:12:13 Traceback (most recent call last):
  File "/root/rocm-tests/bench/smc-read.py", line 12, in <module>
    m=json.load(open(MAP)) if os.path.exists(MAP) else build_map()
      ^^^^^^^^^^^^^^^^^^^^
  File "/usr/lib/python3.12/json/__init__.py", line 293, in load
    return loads(fp.read(),
           ^^^^^^^^^^^^^^^^
  File "/usr/lib/python3.12/json/__init__.py", line 346, in loads
    return _default_decoder.decode(s)
           ^^^^^^^^^^^^^^^^^^^^^^^^^^
  File "/usr/lib/python3.12/json/decoder.py", line 340, in decode
    raise JSONDecodeError("Extra data", s, end)
json.decoder.JSONDecodeError: Extra data: line 1 column 13979 (char 13978)
20:12:18 Traceback (most recent call last):
  File "/root/rocm-tests/bench/smc-read.py", line 12, in <module>
    m=json.load(open(MAP)) if os.path.exists(MAP) else build_map()
      ^^^^^^^^^^^^^^^^^^^^
  File "/usr/lib/python3.12/json/__init__.py", line 293, in load
    return loads(fp.read(),
           ^^^^^^^^^^^^^^^^
  File "/usr/lib/python3.12/json/__init__.py", line 346, in loads
    return _default_decoder.decode(s)
           ^^^^^^^^^^^^^^^^^^^^^^^^^^
  File "/usr/lib/python3.12/json/decoder.py", line 340, in decode
    raise JSONDecodeError("Extra data", s, end)
json.decoder.JSONDecodeError: Extra data: line 1 column 13979 (char 13978)
20:12:23 Traceback (most recent call last):
  File "/root/rocm-tests/bench/smc-read.py", line 12, in <module>
    m=json.load(open(MAP)) if os.path.exists(MAP) else build_map()
      ^^^^^^^^^^^^^^^^^^^^
  File "/usr/lib/python3.12/json/__init__.py", line 293, in load
    return loads(fp.read(),
           ^^^^^^^^^^^^^^^^
  File "/usr/lib/python3.12/json/__init__.py", line 346, in loads
    return _default_decoder.decode(s)
           ^^^^^^^^^^^^^^^^^^^^^^^^^^
  File "/usr/lib/python3.12/json/decoder.py", line 340, in decode
    raise JSONDecodeError("Extra data", s, end)
json.decoder.JSONDecodeError: Extra data: line 1 column 13979 (char 13978)
20:12:28 Traceback (most recent call last):
  File "/root/rocm-tests/bench/smc-read.py", line 12, in <module>
    m=json.load(open(MAP)) if os.path.exists(MAP) else build_map()
      ^^^^^^^^^^^^^^^^^^^^
  File "/usr/lib/python3.12/json/__init__.py", line 293, in load
    return loads(fp.read(),
           ^^^^^^^^^^^^^^^^
  File "/usr/lib/python3.12/json/__init__.py", line 346, in loads
    return _default_decoder.decode(s)
           ^^^^^^^^^^^^^^^^^^^^^^^^^^
  File "/usr/lib/python3.12/json/decoder.py", line 340, in decode
    raise JSONDecodeError("Extra data", s, end)
json.decoder.JSONDecodeError: Extra data: line 1 column 13979 (char 13978)
20:12:33 Traceback (most recent call last):
  File "/root/rocm-tests/bench/smc-read.py", line 12, in <module>
    m=json.load(open(MAP)) if os.path.exists(MAP) else build_map()
      ^^^^^^^^^^^^^^^^^^^^
  File "/usr/lib/python3.12/json/__init__.py", line 293, in load
    return loads(fp.read(),
           ^^^^^^^^^^^^^^^^
  File "/usr/lib/python3.12/json/__init__.py", line 346, in loads
    return _default_decoder.decode(s)
           ^^^^^^^^^^^^^^^^^^^^^^^^^^
  File "/usr/lib/python3.12/json/decoder.py", line 340, in decode
    raise JSONDecodeError("Extra data", s, end)
json.decoder.JSONDecodeError: Extra data: line 1 column 13979 (char 13978)
20:12:38 Traceback (most recent call last):
  File "/root/rocm-tests/bench/smc-read.py", line 12, in <module>
    m=json.load(open(MAP)) if os.path.exists(MAP) else build_map()
      ^^^^^^^^^^^^^^^^^^^^
  File "/usr/lib/python3.12/json/__init__.py", line 293, in load
    return loads(fp.read(),
           ^^^^^^^^^^^^^^^^
  File "/usr/lib/python3.12/json/__init__.py", line 346, in loads
    return _default_decoder.decode(s)
           ^^^^^^^^^^^^^^^^^^^^^^^^^^
  File "/usr/lib/python3.12/json/decoder.py", line 340, in decode
    raise JSONDecodeError("Extra data", s, end)
json.decoder.JSONDecodeError: Extra data: line 1 column 13979 (char 13978)
20:12:43 Traceback (most recent call last):
  File "/root/rocm-tests/bench/smc-read.py", line 12, in <module>
    m=json.load(open(MAP)) if os.path.exists(MAP) else build_map()
      ^^^^^^^^^^^^^^^^^^^^
  File "/usr/lib/python3.12/json/__init__.py", line 293, in load
    return loads(fp.read(),
           ^^^^^^^^^^^^^^^^
  File "/usr/lib/python3.12/json/__init__.py", line 346, in loads
    return _default_decoder.decode(s)
           ^^^^^^^^^^^^^^^^^^^^^^^^^^
  File "/usr/lib/python3.12/json/decoder.py", line 340, in decode
    raise JSONDecodeError("Extra data", s, end)
json.decoder.JSONDecodeError: Extra data: line 1 column 13979 (char 13978)
20:12:48 Traceback (most recent call last):
  File "/root/rocm-tests/bench/smc-read.py", line 12, in <module>
    m=json.load(open(MAP)) if os.path.exists(MAP) else build_map()
      ^^^^^^^^^^^^^^^^^^^^
  File "/usr/lib/python3.12/json/__init__.py", line 293, in load
    return loads(fp.read(),
           ^^^^^^^^^^^^^^^^
  File "/usr/lib/python3.12/json/__init__.py", line 346, in loads
    return _default_decoder.decode(s)
           ^^^^^^^^^^^^^^^^^^^^^^^^^^
  File "/usr/lib/python3.12/json/decoder.py", line 340, in decode
    raise JSONDecodeError("Extra data", s, end)
json.decoder.JSONDecodeError: Extra data: line 1 column 13979 (char 13978)
20:12:53 Traceback (most recent call last):
  File "/root/rocm-tests/bench/smc-read.py", line 12, in <module>
    m=json.load(open(MAP)) if os.path.exists(MAP) else build_map()
      ^^^^^^^^^^^^^^^^^^^^
  File "/usr/lib/python3.12/json/__init__.py", line 293, in load
    return loads(fp.read(),
           ^^^^^^^^^^^^^^^^
  File "/usr/lib/python3.12/json/__init__.py", line 346, in loads
    return _default_decoder.decode(s)
           ^^^^^^^^^^^^^^^^^^^^^^^^^^
  File "/usr/lib/python3.12/json/decoder.py", line 340, in decode
    raise JSONDecodeError("Extra data", s, end)
json.decoder.JSONDecodeError: Extra data: line 1 column 13979 (char 13978)
20:12:58 Traceback (most recent call last):
  File "/root/rocm-tests/bench/smc-read.py", line 12, in <module>
    m=json.load(open(MAP)) if os.path.exists(MAP) else build_map()
      ^^^^^^^^^^^^^^^^^^^^
  File "/usr/lib/python3.12/json/__init__.py", line 293, in load
    return loads(fp.read(),
           ^^^^^^^^^^^^^^^^
  File "/usr/lib/python3.12/json/__init__.py", line 346, in loads
    return _default_decoder.decode(s)
           ^^^^^^^^^^^^^^^^^^^^^^^^^^
  File "/usr/lib/python3.12/json/decoder.py", line 340, in decode
    raise JSONDecodeError("Extra data", s, end)
json.decoder.JSONDecodeError: Extra data: line 1 column 13979 (char 13978)
20:13:03 Traceback (most recent call last):
  File "/root/rocm-tests/bench/smc-read.py", line 12, in <module>
    m=json.load(open(MAP)) if os.path.exists(MAP) else build_map()
      ^^^^^^^^^^^^^^^^^^^^
  File "/usr/lib/python3.12/json/__init__.py", line 293, in load
    return loads(fp.read(),
           ^^^^^^^^^^^^^^^^
  File "/usr/lib/python3.12/json/__init__.py", line 346, in loads
    return _default_decoder.decode(s)
           ^^^^^^^^^^^^^^^^^^^^^^^^^^
  File "/usr/lib/python3.12/json/decoder.py", line 340, in decode
    raise JSONDecodeError("Extra data", s, end)
json.decoder.JSONDecodeError: Extra data: line 1 column 13979 (char 13978)
20:13:09 Traceback (most recent call last):
  File "/root/rocm-tests/bench/smc-read.py", line 12, in <module>
    m=json.load(open(MAP)) if os.path.exists(MAP) else build_map()
      ^^^^^^^^^^^^^^^^^^^^
  File "/usr/lib/python3.12/json/__init__.py", line 293, in load
    return loads(fp.read(),
           ^^^^^^^^^^^^^^^^
  File "/usr/lib/python3.12/json/__init__.py", line 346, in loads
    return _default_decoder.decode(s)
           ^^^^^^^^^^^^^^^^^^^^^^^^^^
  File "/usr/lib/python3.12/json/decoder.py", line 340, in decode
    raise JSONDecodeError("Extra data", s, end)
json.decoder.JSONDecodeError: Extra data: line 1 column 13979 (char 13978)
20:13:14 Traceback (most recent call last):
  File "/root/rocm-tests/bench/smc-read.py", line 12, in <module>
    m=json.load(open(MAP)) if os.path.exists(MAP) else build_map()
      ^^^^^^^^^^^^^^^^^^^^
  File "/usr/lib/python3.12/json/__init__.py", line 293, in load
    return loads(fp.read(),
           ^^^^^^^^^^^^^^^^
  File "/usr/lib/python3.12/json/__init__.py", line 346, in loads
    return _default_decoder.decode(s)
           ^^^^^^^^^^^^^^^^^^^^^^^^^^
  File "/usr/lib/python3.12/json/decoder.py", line 340, in decode
    raise JSONDecodeError("Extra data", s, end)
json.decoder.JSONDecodeError: Extra data: line 1 column 13979 (char 13978)
20:13:19 Traceback (most recent call last):
  File "/root/rocm-tests/bench/smc-read.py", line 12, in <module>
    m=json.load(open(MAP)) if os.path.exists(MAP) else build_map()
      ^^^^^^^^^^^^^^^^^^^^
  File "/usr/lib/python3.12/json/__init__.py", line 293, in load
    return loads(fp.read(),
           ^^^^^^^^^^^^^^^^
  File "/usr/lib/python3.12/json/__init__.py", line 346, in loads
    return _default_decoder.decode(s)
           ^^^^^^^^^^^^^^^^^^^^^^^^^^
  File "/usr/lib/python3.12/json/decoder.py", line 340, in decode
    raise JSONDecodeError("Extra data", s, end)
json.decoder.JSONDecodeError: Extra data: line 1 column 13979 (char 13978)
20:13:24 Traceback (most recent call last):
  File "/root/rocm-tests/bench/smc-read.py", line 12, in <module>
    m=json.load(open(MAP)) if os.path.exists(MAP) else build_map()
      ^^^^^^^^^^^^^^^^^^^^
  File "/usr/lib/python3.12/json/__init__.py", line 293, in load
    return loads(fp.read(),
           ^^^^^^^^^^^^^^^^
  File "/usr/lib/python3.12/json/__init__.py", line 346, in loads
    return _default_decoder.decode(s)
           ^^^^^^^^^^^^^^^^^^^^^^^^^^
  File "/usr/lib/python3.12/json/decoder.py", line 340, in decode
    raise JSONDecodeError("Extra data", s, end)
json.decoder.JSONDecodeError: Extra data: line 1 column 13979 (char 13978)
20:13:29 Traceback (most recent call last):
  File "/root/rocm-tests/bench/smc-read.py", line 12, in <module>
    m=json.load(open(MAP)) if os.path.exists(MAP) else build_map()
      ^^^^^^^^^^^^^^^^^^^^
  File "/usr/lib/python3.12/json/__init__.py", line 293, in load
    return loads(fp.read(),
           ^^^^^^^^^^^^^^^^
  File "/usr/lib/python3.12/json/__init__.py", line 346, in loads
    return _default_decoder.decode(s)
           ^^^^^^^^^^^^^^^^^^^^^^^^^^
  File "/usr/lib/python3.12/json/decoder.py", line 340, in decode
    raise JSONDecodeError("Extra data", s, end)
json.decoder.JSONDecodeError: Extra data: line 1 column 13979 (char 13978)
20:13:34 Traceback (most recent call last):
  File "/root/rocm-tests/bench/smc-read.py", line 12, in <module>
    m=json.load(open(MAP)) if os.path.exists(MAP) else build_map()
      ^^^^^^^^^^^^^^^^^^^^
  File "/usr/lib/python3.12/json/__init__.py", line 293, in load
    return loads(fp.read(),
           ^^^^^^^^^^^^^^^^
  File "/usr/lib/python3.12/json/__init__.py", line 346, in loads
    return _default_decoder.decode(s)
           ^^^^^^^^^^^^^^^^^^^^^^^^^^
  File "/usr/lib/python3.12/json/decoder.py", line 340, in decode
    raise JSONDecodeError("Extra data", s, end)
json.decoder.JSONDecodeError: Extra data: line 1 column 13979 (char 13978)
20:13:39 Traceback (most recent call last):
  File "/root/rocm-tests/bench/smc-read.py", line 12, in <module>
    m=json.load(open(MAP)) if os.path.exists(MAP) else build_map()
      ^^^^^^^^^^^^^^^^^^^^
  File "/usr/lib/python3.12/json/__init__.py", line 293, in load
    return loads(fp.read(),
           ^^^^^^^^^^^^^^^^
  File "/usr/lib/python3.12/json/__init__.py", line 346, in loads
    return _default_decoder.decode(s)
           ^^^^^^^^^^^^^^^^^^^^^^^^^^
  File "/usr/lib/python3.12/json/decoder.py", line 340, in decode
    raise JSONDecodeError("Extra data", s, end)
json.decoder.JSONDecodeError: Extra data: line 1 column 13979 (char 13978)
20:13:44 Traceback (most recent call last):
  File "/root/rocm-tests/bench/smc-read.py", line 12, in <module>
    m=json.load(open(MAP)) if os.path.exists(MAP) else build_map()
      ^^^^^^^^^^^^^^^^^^^^
  File "/usr/lib/python3.12/json/__init__.py", line 293, in load
    return loads(fp.read(),
           ^^^^^^^^^^^^^^^^
  File "/usr/lib/python3.12/json/__init__.py", line 346, in loads
    return _default_decoder.decode(s)
           ^^^^^^^^^^^^^^^^^^^^^^^^^^
  File "/usr/lib/python3.12/json/decoder.py", line 340, in decode
    raise JSONDecodeError("Extra data", s, end)
json.decoder.JSONDecodeError: Extra data: line 1 column 13979 (char 13978)
20:13:49 Traceback (most recent call last):
  File "/root/rocm-tests/bench/smc-read.py", line 12, in <module>
    m=json.load(open(MAP)) if os.path.exists(MAP) else build_map()
      ^^^^^^^^^^^^^^^^^^^^
  File "/usr/lib/python3.12/json/__init__.py", line 293, in load
    return loads(fp.read(),
           ^^^^^^^^^^^^^^^^
  File "/usr/lib/python3.12/json/__init__.py", line 346, in loads
    return _default_decoder.decode(s)
           ^^^^^^^^^^^^^^^^^^^^^^^^^^
  File "/usr/lib/python3.12/json/decoder.py", line 340, in decode
    raise JSONDecodeError("Extra data", s, end)
json.decoder.JSONDecodeError: Extra data: line 1 column 13979 (char 13978)
20:13:54 Traceback (most recent call last):
  File "/root/rocm-tests/bench/smc-read.py", line 12, in <module>
    m=json.load(open(MAP)) if os.path.exists(MAP) else build_map()
      ^^^^^^^^^^^^^^^^^^^^
  File "/usr/lib/python3.12/json/__init__.py", line 293, in load
    return loads(fp.read(),
           ^^^^^^^^^^^^^^^^
  File "/usr/lib/python3.12/json/__init__.py", line 346, in loads
    return _default_decoder.decode(s)
           ^^^^^^^^^^^^^^^^^^^^^^^^^^
  File "/usr/lib/python3.12/json/decoder.py", line 340, in decode
    raise JSONDecodeError("Extra data", s, end)
json.decoder.JSONDecodeError: Extra data: line 1 column 13979 (char 13978)
20:14:00 Traceback (most recent call last):
  File "/root/rocm-tests/bench/smc-read.py", line 12, in <module>
    m=json.load(open(MAP)) if os.path.exists(MAP) else build_map()
      ^^^^^^^^^^^^^^^^^^^^
  File "/usr/lib/python3.12/json/__init__.py", line 293, in load
    return loads(fp.read(),
           ^^^^^^^^^^^^^^^^
  File "/usr/lib/python3.12/json/__init__.py", line 346, in loads
    return _default_decoder.decode(s)
           ^^^^^^^^^^^^^^^^^^^^^^^^^^
  File "/usr/lib/python3.12/json/decoder.py", line 340, in decode
    raise JSONDecodeError("Extra data", s, end)
json.decoder.JSONDecodeError: Extra data: line 1 column 13979 (char 13978)
20:14:05 Traceback (most recent call last):
  File "/root/rocm-tests/bench/smc-read.py", line 12, in <module>
    m=json.load(open(MAP)) if os.path.exists(MAP) else build_map()
      ^^^^^^^^^^^^^^^^^^^^
  File "/usr/lib/python3.12/json/__init__.py", line 293, in load
    return loads(fp.read(),
           ^^^^^^^^^^^^^^^^
  File "/usr/lib/python3.12/json/__init__.py", line 346, in loads
    return _default_decoder.decode(s)
           ^^^^^^^^^^^^^^^^^^^^^^^^^^
  File "/usr/lib/python3.12/json/decoder.py", line 340, in decode
    raise JSONDecodeError("Extra data", s, end)
json.decoder.JSONDecodeError: Extra data: line 1 column 13979 (char 13978)
20:14:10 Traceback (most recent call last):
  File "/root/rocm-tests/bench/smc-read.py", line 12, in <module>
    m=json.load(open(MAP)) if os.path.exists(MAP) else build_map()
      ^^^^^^^^^^^^^^^^^^^^
  File "/usr/lib/python3.12/json/__init__.py", line 293, in load
    return loads(fp.read(),
           ^^^^^^^^^^^^^^^^
  File "/usr/lib/python3.12/json/__init__.py", line 346, in loads
    return _default_decoder.decode(s)
           ^^^^^^^^^^^^^^^^^^^^^^^^^^
  File "/usr/lib/python3.12/json/decoder.py", line 340, in decode
    raise JSONDecodeError("Extra data", s, end)
json.decoder.JSONDecodeError: Extra data: line 1 column 13979 (char 13978)
20:14:15 Traceback (most recent call last):
  File "/root/rocm-tests/bench/smc-read.py", line 12, in <module>
    m=json.load(open(MAP)) if os.path.exists(MAP) else build_map()
      ^^^^^^^^^^^^^^^^^^^^
  File "/usr/lib/python3.12/json/__init__.py", line 293, in load
    return loads(fp.read(),
           ^^^^^^^^^^^^^^^^
  File "/usr/lib/python3.12/json/__init__.py", line 346, in loads
    return _default_decoder.decode(s)
           ^^^^^^^^^^^^^^^^^^^^^^^^^^
  File "/usr/lib/python3.12/json/decoder.py", line 340, in decode
    raise JSONDecodeError("Extra data", s, end)
json.decoder.JSONDecodeError: Extra data: line 1 column 13979 (char 13978)
20:14:20 Traceback (most recent call last):
  File "/root/rocm-tests/bench/smc-read.py", line 12, in <module>
    m=json.load(open(MAP)) if os.path.exists(MAP) else build_map()
      ^^^^^^^^^^^^^^^^^^^^
  File "/usr/lib/python3.12/json/__init__.py", line 293, in load
    return loads(fp.read(),
           ^^^^^^^^^^^^^^^^
  File "/usr/lib/python3.12/json/__init__.py", line 346, in loads
    return _default_decoder.decode(s)
           ^^^^^^^^^^^^^^^^^^^^^^^^^^
  File "/usr/lib/python3.12/json/decoder.py", line 340, in decode
    raise JSONDecodeError("Extra data", s, end)
json.decoder.JSONDecodeError: Extra data: line 1 column 13979 (char 13978)
20:14:25 Traceback (most recent call last):
  File "/root/rocm-tests/bench/smc-read.py", line 12, in <module>
    m=json.load(open(MAP)) if os.path.exists(MAP) else build_map()
      ^^^^^^^^^^^^^^^^^^^^
  File "/usr/lib/python3.12/json/__init__.py", line 293, in load
    return loads(fp.read(),
           ^^^^^^^^^^^^^^^^
  File "/usr/lib/python3.12/json/__init__.py", line 346, in loads
    return _default_decoder.decode(s)
           ^^^^^^^^^^^^^^^^^^^^^^^^^^
  File "/usr/lib/python3.12/json/decoder.py", line 340, in decode
    raise JSONDecodeError("Extra data", s, end)
json.decoder.JSONDecodeError: Extra data: line 1 column 13979 (char 13978)
20:14:30 Traceback (most recent call last):
  File "/root/rocm-tests/bench/smc-read.py", line 12, in <module>
    m=json.load(open(MAP)) if os.path.exists(MAP) else build_map()
      ^^^^^^^^^^^^^^^^^^^^
  File "/usr/lib/python3.12/json/__init__.py", line 293, in load
    return loads(fp.read(),
           ^^^^^^^^^^^^^^^^
  File "/usr/lib/python3.12/json/__init__.py", line 346, in loads
    return _default_decoder.decode(s)
           ^^^^^^^^^^^^^^^^^^^^^^^^^^
  File "/usr/lib/python3.12/json/decoder.py", line 340, in decode
    raise JSONDecodeError("Extra data", s, end)
json.decoder.JSONDecodeError: Extra data: line 1 column 13979 (char 13978)
20:14:35 Traceback (most recent call last):
  File "/root/rocm-tests/bench/smc-read.py", line 12, in <module>
    m=json.load(open(MAP)) if os.path.exists(MAP) else build_map()
      ^^^^^^^^^^^^^^^^^^^^
  File "/usr/lib/python3.12/json/__init__.py", line 293, in load
    return loads(fp.read(),
           ^^^^^^^^^^^^^^^^
  File "/usr/lib/python3.12/json/__init__.py", line 346, in loads
    return _default_decoder.decode(s)
           ^^^^^^^^^^^^^^^^^^^^^^^^^^
  File "/usr/lib/python3.12/json/decoder.py", line 340, in decode
    raise JSONDecodeError("Extra data", s, end)
json.decoder.JSONDecodeError: Extra data: line 1 column 13979 (char 13978)
20:14:40 Traceback (most recent call last):
  File "/root/rocm-tests/bench/smc-read.py", line 12, in <module>
    m=json.load(open(MAP)) if os.path.exists(MAP) else build_map()
      ^^^^^^^^^^^^^^^^^^^^
  File "/usr/lib/python3.12/json/__init__.py", line 293, in load
    return loads(fp.read(),
           ^^^^^^^^^^^^^^^^
  File "/usr/lib/python3.12/json/__init__.py", line 346, in loads
    return _default_decoder.decode(s)
           ^^^^^^^^^^^^^^^^^^^^^^^^^^
  File "/usr/lib/python3.12/json/decoder.py", line 340, in decode
    raise JSONDecodeError("Extra data", s, end)
json.decoder.JSONDecodeError: Extra data: line 1 column 13979 (char 13978)
20:14:45 Traceback (most recent call last):
  File "/root/rocm-tests/bench/smc-read.py", line 12, in <module>
    m=json.load(open(MAP)) if os.path.exists(MAP) else build_map()
      ^^^^^^^^^^^^^^^^^^^^
  File "/usr/lib/python3.12/json/__init__.py", line 293, in load
    return loads(fp.read(),
           ^^^^^^^^^^^^^^^^
  File "/usr/lib/python3.12/json/__init__.py", line 346, in loads
    return _default_decoder.decode(s)
           ^^^^^^^^^^^^^^^^^^^^^^^^^^
  File "/usr/lib/python3.12/json/decoder.py", line 340, in decode
    raise JSONDecodeError("Extra data", s, end)
json.decoder.JSONDecodeError: Extra data: line 1 column 13979 (char 13978)
20:14:51 Traceback (most recent call last):
  File "/root/rocm-tests/bench/smc-read.py", line 12, in <module>
    m=json.load(open(MAP)) if os.path.exists(MAP) else build_map()
      ^^^^^^^^^^^^^^^^^^^^
  File "/usr/lib/python3.12/json/__init__.py", line 293, in load
    return loads(fp.read(),
           ^^^^^^^^^^^^^^^^
  File "/usr/lib/python3.12/json/__init__.py", line 346, in loads
    return _default_decoder.decode(s)
           ^^^^^^^^^^^^^^^^^^^^^^^^^^
  File "/usr/lib/python3.12/json/decoder.py", line 340, in decode
    raise JSONDecodeError("Extra data", s, end)
json.decoder.JSONDecodeError: Extra data: line 1 column 13979 (char 13978)
20:14:56 Traceback (most recent call last):
  File "/root/rocm-tests/bench/smc-read.py", line 12, in <module>
    m=json.load(open(MAP)) if os.path.exists(MAP) else build_map()
      ^^^^^^^^^^^^^^^^^^^^
  File "/usr/lib/python3.12/json/__init__.py", line 293, in load
    return loads(fp.read(),
           ^^^^^^^^^^^^^^^^
  File "/usr/lib/python3.12/json/__init__.py", line 346, in loads
    return _default_decoder.decode(s)
           ^^^^^^^^^^^^^^^^^^^^^^^^^^
  File "/usr/lib/python3.12/json/decoder.py", line 340, in decode
    raise JSONDecodeError("Extra data", s, end)
json.decoder.JSONDecodeError: Extra data: line 1 column 13979 (char 13978)
20:15:01 Traceback (most recent call last):
  File "/root/rocm-tests/bench/smc-read.py", line 12, in <module>
    m=json.load(open(MAP)) if os.path.exists(MAP) else build_map()
      ^^^^^^^^^^^^^^^^^^^^
  File "/usr/lib/python3.12/json/__init__.py", line 293, in load
    return loads(fp.read(),
           ^^^^^^^^^^^^^^^^
  File "/usr/lib/python3.12/json/__init__.py", line 346, in loads
    return _default_decoder.decode(s)
           ^^^^^^^^^^^^^^^^^^^^^^^^^^
  File "/usr/lib/python3.12/json/decoder.py", line 340, in decode
    raise JSONDecodeError("Extra data", s, end)
json.decoder.JSONDecodeError: Extra data: line 1 column 13979 (char 13978)
20:15:06 Traceback (most recent call last):
  File "/root/rocm-tests/bench/smc-read.py", line 12, in <module>
    m=json.load(open(MAP)) if os.path.exists(MAP) else build_map()
      ^^^^^^^^^^^^^^^^^^^^
  File "/usr/lib/python3.12/json/__init__.py", line 293, in load
    return loads(fp.read(),
           ^^^^^^^^^^^^^^^^
  File "/usr/lib/python3.12/json/__init__.py", line 346, in loads
    return _default_decoder.decode(s)
           ^^^^^^^^^^^^^^^^^^^^^^^^^^
  File "/usr/lib/python3.12/json/decoder.py", line 340, in decode
    raise JSONDecodeError("Extra data", s, end)
json.decoder.JSONDecodeError: Extra data: line 1 column 13979 (char 13978)
20:15:11 Traceback (most recent call last):
  File "/root/rocm-tests/bench/smc-read.py", line 12, in <module>
    m=json.load(open(MAP)) if os.path.exists(MAP) else build_map()
      ^^^^^^^^^^^^^^^^^^^^
  File "/usr/lib/python3.12/json/__init__.py", line 293, in load
    return loads(fp.read(),
           ^^^^^^^^^^^^^^^^
  File "/usr/lib/python3.12/json/__init__.py", line 346, in loads
    return _default_decoder.decode(s)
           ^^^^^^^^^^^^^^^^^^^^^^^^^^
  File "/usr/lib/python3.12/json/decoder.py", line 340, in decode
    raise JSONDecodeError("Extra data", s, end)
json.decoder.JSONDecodeError: Extra data: line 1 column 13979 (char 13978)
20:15:16 Traceback (most recent call last):
  File "/root/rocm-tests/bench/smc-read.py", line 12, in <module>
    m=json.load(open(MAP)) if os.path.exists(MAP) else build_map()
      ^^^^^^^^^^^^^^^^^^^^
  File "/usr/lib/python3.12/json/__init__.py", line 293, in load
    return loads(fp.read(),
           ^^^^^^^^^^^^^^^^
  File "/usr/lib/python3.12/json/__init__.py", line 346, in loads
    return _default_decoder.decode(s)
           ^^^^^^^^^^^^^^^^^^^^^^^^^^
  File "/usr/lib/python3.12/json/decoder.py", line 340, in decode
    raise JSONDecodeError("Extra data", s, end)
json.decoder.JSONDecodeError: Extra data: line 1 column 13979 (char 13978)
20:15:21 Traceback (most recent call last):
  File "/root/rocm-tests/bench/smc-read.py", line 12, in <module>
    m=json.load(open(MAP)) if os.path.exists(MAP) else build_map()
      ^^^^^^^^^^^^^^^^^^^^
  File "/usr/lib/python3.12/json/__init__.py", line 293, in load
    return loads(fp.read(),
           ^^^^^^^^^^^^^^^^
  File "/usr/lib/python3.12/json/__init__.py", line 346, in loads
    return _default_decoder.decode(s)
           ^^^^^^^^^^^^^^^^^^^^^^^^^^
  File "/usr/lib/python3.12/json/decoder.py", line 340, in decode
    raise JSONDecodeError("Extra data", s, end)
json.decoder.JSONDecodeError: Extra data: line 1 column 13979 (char 13978)
20:15:26 Traceback (most recent call last):
  File "/root/rocm-tests/bench/smc-read.py", line 12, in <module>
    m=json.load(open(MAP)) if os.path.exists(MAP) else build_map()
      ^^^^^^^^^^^^^^^^^^^^
  File "/usr/lib/python3.12/json/__init__.py", line 293, in load
    return loads(fp.read(),
           ^^^^^^^^^^^^^^^^
  File "/usr/lib/python3.12/json/__init__.py", line 346, in loads
    return _default_decoder.decode(s)
           ^^^^^^^^^^^^^^^^^^^^^^^^^^
  File "/usr/lib/python3.12/json/decoder.py", line 340, in decode
    raise JSONDecodeError("Extra data", s, end)
json.decoder.JSONDecodeError: Extra data: line 1 column 13979 (char 13978)
20:15:31 Traceback (most recent call last):
  File "/root/rocm-tests/bench/smc-read.py", line 12, in <module>
    m=json.load(open(MAP)) if os.path.exists(MAP) else build_map()
      ^^^^^^^^^^^^^^^^^^^^
  File "/usr/lib/python3.12/json/__init__.py", line 293, in load
    return loads(fp.read(),
           ^^^^^^^^^^^^^^^^
  File "/usr/lib/python3.12/json/__init__.py", line 346, in loads
    return _default_decoder.decode(s)
           ^^^^^^^^^^^^^^^^^^^^^^^^^^
  File "/usr/lib/python3.12/json/decoder.py", line 340, in decode
    raise JSONDecodeError("Extra data", s, end)
json.decoder.JSONDecodeError: Extra data: line 1 column 13979 (char 13978)
20:15:36 Traceback (most recent call last):
  File "/root/rocm-tests/bench/smc-read.py", line 12, in <module>
    m=json.load(open(MAP)) if os.path.exists(MAP) else build_map()
      ^^^^^^^^^^^^^^^^^^^^
  File "/usr/lib/python3.12/json/__init__.py", line 293, in load
    return loads(fp.read(),
           ^^^^^^^^^^^^^^^^
  File "/usr/lib/python3.12/json/__init__.py", line 346, in loads
    return _default_decoder.decode(s)
           ^^^^^^^^^^^^^^^^^^^^^^^^^^
  File "/usr/lib/python3.12/json/decoder.py", line 340, in decode
    raise JSONDecodeError("Extra data", s, end)
json.decoder.JSONDecodeError: Extra data: line 1 column 13979 (char 13978)
20:15:42 Traceback (most recent call last):
  File "/root/rocm-tests/bench/smc-read.py", line 12, in <module>
    m=json.load(open(MAP)) if os.path.exists(MAP) else build_map()
      ^^^^^^^^^^^^^^^^^^^^
  File "/usr/lib/python3.12/json/__init__.py", line 293, in load
    return loads(fp.read(),
           ^^^^^^^^^^^^^^^^
  File "/usr/lib/python3.12/json/__init__.py", line 346, in loads
    return _default_decoder.decode(s)
           ^^^^^^^^^^^^^^^^^^^^^^^^^^
  File "/usr/lib/python3.12/json/decoder.py", line 340, in decode
    raise JSONDecodeError("Extra data", s, end)
json.decoder.JSONDecodeError: Extra data: line 1 column 13979 (char 13978)
20:15:47 Traceback (most recent call last):
  File "/root/rocm-tests/bench/smc-read.py", line 12, in <module>
    m=json.load(open(MAP)) if os.path.exists(MAP) else build_map()
      ^^^^^^^^^^^^^^^^^^^^
  File "/usr/lib/python3.12/json/__init__.py", line 293, in load
    return loads(fp.read(),
           ^^^^^^^^^^^^^^^^
  File "/usr/lib/python3.12/json/__init__.py", line 346, in loads
    return _default_decoder.decode(s)
           ^^^^^^^^^^^^^^^^^^^^^^^^^^
  File "/usr/lib/python3.12/json/decoder.py", line 340, in decode
    raise JSONDecodeError("Extra data", s, end)
json.decoder.JSONDecodeError: Extra data: line 1 column 13979 (char 13978)
20:15:52 Traceback (most recent call last):
  File "/root/rocm-tests/bench/smc-read.py", line 12, in <module>
    m=json.load(open(MAP)) if os.path.exists(MAP) else build_map()
      ^^^^^^^^^^^^^^^^^^^^
  File "/usr/lib/python3.12/json/__init__.py", line 293, in load
    return loads(fp.read(),
           ^^^^^^^^^^^^^^^^
  File "/usr/lib/python3.12/json/__init__.py", line 346, in loads
    return _default_decoder.decode(s)
           ^^^^^^^^^^^^^^^^^^^^^^^^^^
  File "/usr/lib/python3.12/json/decoder.py", line 340, in decode
    raise JSONDecodeError("Extra data", s, end)
json.decoder.JSONDecodeError: Extra data: line 1 column 13979 (char 13978)
20:15:57 Traceback (most recent call last):
  File "/root/rocm-tests/bench/smc-read.py", line 12, in <module>
    m=json.load(open(MAP)) if os.path.exists(MAP) else build_map()
      ^^^^^^^^^^^^^^^^^^^^
  File "/usr/lib/python3.12/json/__init__.py", line 293, in load
    return loads(fp.read(),
           ^^^^^^^^^^^^^^^^
  File "/usr/lib/python3.12/json/__init__.py", line 346, in loads
    return _default_decoder.decode(s)
           ^^^^^^^^^^^^^^^^^^^^^^^^^^
  File "/usr/lib/python3.12/json/decoder.py", line 340, in decode
    raise JSONDecodeError("Extra data", s, end)
json.decoder.JSONDecodeError: Extra data: line 1 column 13979 (char 13978)
20:16:02 Traceback (most recent call last):
  File "/root/rocm-tests/bench/smc-read.py", line 12, in <module>
    m=json.load(open(MAP)) if os.path.exists(MAP) else build_map()
      ^^^^^^^^^^^^^^^^^^^^
  File "/usr/lib/python3.12/json/__init__.py", line 293, in load
    return loads(fp.read(),
           ^^^^^^^^^^^^^^^^
  File "/usr/lib/python3.12/json/__init__.py", line 346, in loads
    return _default_decoder.decode(s)
           ^^^^^^^^^^^^^^^^^^^^^^^^^^
  File "/usr/lib/python3.12/json/decoder.py", line 340, in decode
    raise JSONDecodeError("Extra data", s, end)
json.decoder.JSONDecodeError: Extra data: line 1 column 13979 (char 13978)
20:16:07 Traceback (most recent call last):
  File "/root/rocm-tests/bench/smc-read.py", line 12, in <module>
    m=json.load(open(MAP)) if os.path.exists(MAP) else build_map()
      ^^^^^^^^^^^^^^^^^^^^
  File "/usr/lib/python3.12/json/__init__.py", line 293, in load
    return loads(fp.read(),
           ^^^^^^^^^^^^^^^^
  File "/usr/lib/python3.12/json/__init__.py", line 346, in loads
    return _default_decoder.decode(s)
           ^^^^^^^^^^^^^^^^^^^^^^^^^^
  File "/usr/lib/python3.12/json/decoder.py", line 340, in decode
    raise JSONDecodeError("Extra data", s, end)
json.decoder.JSONDecodeError: Extra data: line 1 column 13979 (char 13978)
20:16:12 Traceback (most recent call last):
  File "/root/rocm-tests/bench/smc-read.py", line 12, in <module>
    m=json.load(open(MAP)) if os.path.exists(MAP) else build_map()
      ^^^^^^^^^^^^^^^^^^^^
  File "/usr/lib/python3.12/json/__init__.py", line 293, in load
    return loads(fp.read(),
           ^^^^^^^^^^^^^^^^
  File "/usr/lib/python3.12/json/__init__.py", line 346, in loads
    return _default_decoder.decode(s)
           ^^^^^^^^^^^^^^^^^^^^^^^^^^
  File "/usr/lib/python3.12/json/decoder.py", line 340, in decode
    raise JSONDecodeError("Extra data", s, end)
json.decoder.JSONDecodeError: Extra data: line 1 column 13979 (char 13978)
20:16:17 Traceback (most recent call last):
  File "/root/rocm-tests/bench/smc-read.py", line 12, in <module>
    m=json.load(open(MAP)) if os.path.exists(MAP) else build_map()
      ^^^^^^^^^^^^^^^^^^^^
  File "/usr/lib/python3.12/json/__init__.py", line 293, in load
    return loads(fp.read(),
           ^^^^^^^^^^^^^^^^
  File "/usr/lib/python3.12/json/__init__.py", line 346, in loads
    return _default_decoder.decode(s)
           ^^^^^^^^^^^^^^^^^^^^^^^^^^
  File "/usr/lib/python3.12/json/decoder.py", line 340, in decode
    raise JSONDecodeError("Extra data", s, end)
json.decoder.JSONDecodeError: Extra data: line 1 column 13979 (char 13978)
20:16:22 Traceback (most recent call last):
  File "/root/rocm-tests/bench/smc-read.py", line 12, in <module>
    m=json.load(open(MAP)) if os.path.exists(MAP) else build_map()
      ^^^^^^^^^^^^^^^^^^^^
  File "/usr/lib/python3.12/json/__init__.py", line 293, in load
    return loads(fp.read(),
           ^^^^^^^^^^^^^^^^
  File "/usr/lib/python3.12/json/__init__.py", line 346, in loads
    return _default_decoder.decode(s)
           ^^^^^^^^^^^^^^^^^^^^^^^^^^
  File "/usr/lib/python3.12/json/decoder.py", line 340, in decode
    raise JSONDecodeError("Extra data", s, end)
json.decoder.JSONDecodeError: Extra data: line 1 column 13979 (char 13978)
20:16:27 Traceback (most recent call last):
  File "/root/rocm-tests/bench/smc-read.py", line 12, in <module>
    m=json.load(open(MAP)) if os.path.exists(MAP) else build_map()
      ^^^^^^^^^^^^^^^^^^^^
  File "/usr/lib/python3.12/json/__init__.py", line 293, in load
    return loads(fp.read(),
           ^^^^^^^^^^^^^^^^
  File "/usr/lib/python3.12/json/__init__.py", line 346, in loads
    return _default_decoder.decode(s)
           ^^^^^^^^^^^^^^^^^^^^^^^^^^
  File "/usr/lib/python3.12/json/decoder.py", line 340, in decode
    raise JSONDecodeError("Extra data", s, end)
json.decoder.JSONDecodeError: Extra data: line 1 column 13979 (char 13978)
20:16:33 Traceback (most recent call last):
  File "/root/rocm-tests/bench/smc-read.py", line 12, in <module>
    m=json.load(open(MAP)) if os.path.exists(MAP) else build_map()
      ^^^^^^^^^^^^^^^^^^^^
  File "/usr/lib/python3.12/json/__init__.py", line 293, in load
    return loads(fp.read(),
           ^^^^^^^^^^^^^^^^
  File "/usr/lib/python3.12/json/__init__.py", line 346, in loads
    return _default_decoder.decode(s)
           ^^^^^^^^^^^^^^^^^^^^^^^^^^
  File "/usr/lib/python3.12/json/decoder.py", line 340, in decode
    raise JSONDecodeError("Extra data", s, end)
json.decoder.JSONDecodeError: Extra data: line 1 column 13979 (char 13978)
20:16:38 Traceback (most recent call last):
  File "/root/rocm-tests/bench/smc-read.py", line 12, in <module>
    m=json.load(open(MAP)) if os.path.exists(MAP) else build_map()
      ^^^^^^^^^^^^^^^^^^^^
  File "/usr/lib/python3.12/json/__init__.py", line 293, in load
    return loads(fp.read(),
           ^^^^^^^^^^^^^^^^
  File "/usr/lib/python3.12/json/__init__.py", line 346, in loads
    return _default_decoder.decode(s)
           ^^^^^^^^^^^^^^^^^^^^^^^^^^
  File "/usr/lib/python3.12/json/decoder.py", line 340, in decode
    raise JSONDecodeError("Extra data", s, end)
json.decoder.JSONDecodeError: Extra data: line 1 column 13979 (char 13978)
20:16:43 Traceback (most recent call last):
  File "/root/rocm-tests/bench/smc-read.py", line 12, in <module>
    m=json.load(open(MAP)) if os.path.exists(MAP) else build_map()
      ^^^^^^^^^^^^^^^^^^^^
  File "/usr/lib/python3.12/json/__init__.py", line 293, in load
    return loads(fp.read(),
           ^^^^^^^^^^^^^^^^
  File "/usr/lib/python3.12/json/__init__.py", line 346, in loads
    return _default_decoder.decode(s)
           ^^^^^^^^^^^^^^^^^^^^^^^^^^
  File "/usr/lib/python3.12/json/decoder.py", line 340, in decode
    raise JSONDecodeError("Extra data", s, end)
json.decoder.JSONDecodeError: Extra data: line 1 column 13979 (char 13978)
20:16:48 Traceback (most recent call last):
  File "/root/rocm-tests/bench/smc-read.py", line 12, in <module>
    m=json.load(open(MAP)) if os.path.exists(MAP) else build_map()
      ^^^^^^^^^^^^^^^^^^^^
  File "/usr/lib/python3.12/json/__init__.py", line 293, in load
    return loads(fp.read(),
           ^^^^^^^^^^^^^^^^
  File "/usr/lib/python3.12/json/__init__.py", line 346, in loads
    return _default_decoder.decode(s)
           ^^^^^^^^^^^^^^^^^^^^^^^^^^
  File "/usr/lib/python3.12/json/decoder.py", line 340, in decode
    raise JSONDecodeError("Extra data", s, end)
json.decoder.JSONDecodeError: Extra data: line 1 column 13979 (char 13978)
20:16:53 Traceback (most recent call last):
  File "/root/rocm-tests/bench/smc-read.py", line 12, in <module>
    m=json.load(open(MAP)) if os.path.exists(MAP) else build_map()
      ^^^^^^^^^^^^^^^^^^^^
  File "/usr/lib/python3.12/json/__init__.py", line 293, in load
    return loads(fp.read(),
           ^^^^^^^^^^^^^^^^
  File "/usr/lib/python3.12/json/__init__.py", line 346, in loads
    return _default_decoder.decode(s)
           ^^^^^^^^^^^^^^^^^^^^^^^^^^
  File "/usr/lib/python3.12/json/decoder.py", line 340, in decode
    raise JSONDecodeError("Extra data", s, end)
json.decoder.JSONDecodeError: Extra data: line 1 column 13979 (char 13978)
20:16:58 Traceback (most recent call last):
  File "/root/rocm-tests/bench/smc-read.py", line 12, in <module>
    m=json.load(open(MAP)) if os.path.exists(MAP) else build_map()
      ^^^^^^^^^^^^^^^^^^^^
  File "/usr/lib/python3.12/json/__init__.py", line 293, in load
    return loads(fp.read(),
           ^^^^^^^^^^^^^^^^
  File "/usr/lib/python3.12/json/__init__.py", line 346, in loads
    return _default_decoder.decode(s)
           ^^^^^^^^^^^^^^^^^^^^^^^^^^
  File "/usr/lib/python3.12/json/decoder.py", line 340, in decode
    raise JSONDecodeError("Extra data", s, end)
json.decoder.JSONDecodeError: Extra data: line 1 column 13979 (char 13978)
20:17:03 Traceback (most recent call last):
  File "/root/rocm-tests/bench/smc-read.py", line 12, in <module>
    m=json.load(open(MAP)) if os.path.exists(MAP) else build_map()
      ^^^^^^^^^^^^^^^^^^^^
  File "/usr/lib/python3.12/json/__init__.py", line 293, in load
    return loads(fp.read(),
           ^^^^^^^^^^^^^^^^
  File "/usr/lib/python3.12/json/__init__.py", line 346, in loads
    return _default_decoder.decode(s)
           ^^^^^^^^^^^^^^^^^^^^^^^^^^
  File "/usr/lib/python3.12/json/decoder.py", line 340, in decode
    raise JSONDecodeError("Extra data", s, end)
json.decoder.JSONDecodeError: Extra data: line 1 column 13979 (char 13978)
20:17:08 Traceback (most recent call last):
  File "/root/rocm-tests/bench/smc-read.py", line 12, in <module>
    m=json.load(open(MAP)) if os.path.exists(MAP) else build_map()
      ^^^^^^^^^^^^^^^^^^^^
  File "/usr/lib/python3.12/json/__init__.py", line 293, in load
    return loads(fp.read(),
           ^^^^^^^^^^^^^^^^
  File "/usr/lib/python3.12/json/__init__.py", line 346, in loads
    return _default_decoder.decode(s)
           ^^^^^^^^^^^^^^^^^^^^^^^^^^
  File "/usr/lib/python3.12/json/decoder.py", line 340, in decode
    raise JSONDecodeError("Extra data", s, end)
json.decoder.JSONDecodeError: Extra data: line 1 column 13979 (char 13978)
20:17:13 Traceback (most recent call last):
  File "/root/rocm-tests/bench/smc-read.py", line 12, in <module>
    m=json.load(open(MAP)) if os.path.exists(MAP) else build_map()
      ^^^^^^^^^^^^^^^^^^^^
  File "/usr/lib/python3.12/json/__init__.py", line 293, in load
    return loads(fp.read(),
           ^^^^^^^^^^^^^^^^
  File "/usr/lib/python3.12/json/__init__.py", line 346, in loads
    return _default_decoder.decode(s)
           ^^^^^^^^^^^^^^^^^^^^^^^^^^
  File "/usr/lib/python3.12/json/decoder.py", line 340, in decode
    raise JSONDecodeError("Extra data", s, end)
json.decoder.JSONDecodeError: Extra data: line 1 column 13979 (char 13978)
20:17:18 Traceback (most recent call last):
  File "/root/rocm-tests/bench/smc-read.py", line 12, in <module>
    m=json.load(open(MAP)) if os.path.exists(MAP) else build_map()
      ^^^^^^^^^^^^^^^^^^^^
  File "/usr/lib/python3.12/json/__init__.py", line 293, in load
    return loads(fp.read(),
           ^^^^^^^^^^^^^^^^
  File "/usr/lib/python3.12/json/__init__.py", line 346, in loads
    return _default_decoder.decode(s)
           ^^^^^^^^^^^^^^^^^^^^^^^^^^
  File "/usr/lib/python3.12/json/decoder.py", line 340, in decode
    raise JSONDecodeError("Extra data", s, end)
json.decoder.JSONDecodeError: Extra data: line 1 column 13979 (char 13978)
20:17:24 Traceback (most recent call last):
  File "/root/rocm-tests/bench/smc-read.py", line 12, in <module>
    m=json.load(open(MAP)) if os.path.exists(MAP) else build_map()
      ^^^^^^^^^^^^^^^^^^^^
  File "/usr/lib/python3.12/json/__init__.py", line 293, in load
    return loads(fp.read(),
           ^^^^^^^^^^^^^^^^
  File "/usr/lib/python3.12/json/__init__.py", line 346, in loads
    return _default_decoder.decode(s)
           ^^^^^^^^^^^^^^^^^^^^^^^^^^
  File "/usr/lib/python3.12/json/decoder.py", line 340, in decode
    raise JSONDecodeError("Extra data", s, end)
json.decoder.JSONDecodeError: Extra data: line 1 column 13979 (char 13978)
20:17:29 Traceback (most recent call last):
  File "/root/rocm-tests/bench/smc-read.py", line 12, in <module>
    m=json.load(open(MAP)) if os.path.exists(MAP) else build_map()
      ^^^^^^^^^^^^^^^^^^^^
  File "/usr/lib/python3.12/json/__init__.py", line 293, in load
    return loads(fp.read(),
           ^^^^^^^^^^^^^^^^
  File "/usr/lib/python3.12/json/__init__.py", line 346, in loads
    return _default_decoder.decode(s)
           ^^^^^^^^^^^^^^^^^^^^^^^^^^
  File "/usr/lib/python3.12/json/decoder.py", line 340, in decode
    raise JSONDecodeError("Extra data", s, end)
json.decoder.JSONDecodeError: Extra data: line 1 column 13979 (char 13978)
20:17:34 Traceback (most recent call last):
  File "/root/rocm-tests/bench/smc-read.py", line 12, in <module>
    m=json.load(open(MAP)) if os.path.exists(MAP) else build_map()
      ^^^^^^^^^^^^^^^^^^^^
  File "/usr/lib/python3.12/json/__init__.py", line 293, in load
    return loads(fp.read(),
           ^^^^^^^^^^^^^^^^
  File "/usr/lib/python3.12/json/__init__.py", line 346, in loads
    return _default_decoder.decode(s)
           ^^^^^^^^^^^^^^^^^^^^^^^^^^
  File "/usr/lib/python3.12/json/decoder.py", line 340, in decode
    raise JSONDecodeError("Extra data", s, end)
json.decoder.JSONDecodeError: Extra data: line 1 column 13979 (char 13978)
20:17:39 Traceback (most recent call last):
  File "/root/rocm-tests/bench/smc-read.py", line 12, in <module>
    m=json.load(open(MAP)) if os.path.exists(MAP) else build_map()
      ^^^^^^^^^^^^^^^^^^^^
  File "/usr/lib/python3.12/json/__init__.py", line 293, in load
    return loads(fp.read(),
           ^^^^^^^^^^^^^^^^
  File "/usr/lib/python3.12/json/__init__.py", line 346, in loads
    return _default_decoder.decode(s)
           ^^^^^^^^^^^^^^^^^^^^^^^^^^
  File "/usr/lib/python3.12/json/decoder.py", line 340, in decode
    raise JSONDecodeError("Extra data", s, end)
json.decoder.JSONDecodeError: Extra data: line 1 column 13979 (char 13978)
20:17:44 Traceback (most recent call last):
  File "/root/rocm-tests/bench/smc-read.py", line 12, in <module>
    m=json.load(open(MAP)) if os.path.exists(MAP) else build_map()
      ^^^^^^^^^^^^^^^^^^^^
  File "/usr/lib/python3.12/json/__init__.py", line 293, in load
    return loads(fp.read(),
           ^^^^^^^^^^^^^^^^
  File "/usr/lib/python3.12/json/__init__.py", line 346, in loads
    return _default_decoder.decode(s)
           ^^^^^^^^^^^^^^^^^^^^^^^^^^
  File "/usr/lib/python3.12/json/decoder.py", line 340, in decode
    raise JSONDecodeError("Extra data", s, end)
json.decoder.JSONDecodeError: Extra data: line 1 column 13979 (char 13978)
20:17:49 Traceback (most recent call last):
  File "/root/rocm-tests/bench/smc-read.py", line 12, in <module>
    m=json.load(open(MAP)) if os.path.exists(MAP) else build_map()
      ^^^^^^^^^^^^^^^^^^^^
  File "/usr/lib/python3.12/json/__init__.py", line 293, in load
    return loads(fp.read(),
           ^^^^^^^^^^^^^^^^
  File "/usr/lib/python3.12/json/__init__.py", line 346, in loads
    return _default_decoder.decode(s)
           ^^^^^^^^^^^^^^^^^^^^^^^^^^
  File "/usr/lib/python3.12/json/decoder.py", line 340, in decode
    raise JSONDecodeError("Extra data", s, end)
json.decoder.JSONDecodeError: Extra data: line 1 column 13979 (char 13978)
20:17:54 Traceback (most recent call last):
  File "/root/rocm-tests/bench/smc-read.py", line 12, in <module>
    m=json.load(open(MAP)) if os.path.exists(MAP) else build_map()
      ^^^^^^^^^^^^^^^^^^^^
  File "/usr/lib/python3.12/json/__init__.py", line 293, in load
    return loads(fp.read(),
           ^^^^^^^^^^^^^^^^
  File "/usr/lib/python3.12/json/__init__.py", line 346, in loads
    return _default_decoder.decode(s)
           ^^^^^^^^^^^^^^^^^^^^^^^^^^
  File "/usr/lib/python3.12/json/decoder.py", line 340, in decode
    raise JSONDecodeError("Extra data", s, end)
json.decoder.JSONDecodeError: Extra data: line 1 column 13979 (char 13978)
20:17:59 Traceback (most recent call last):
  File "/root/rocm-tests/bench/smc-read.py", line 12, in <module>
    m=json.load(open(MAP)) if os.path.exists(MAP) else build_map()
      ^^^^^^^^^^^^^^^^^^^^
  File "/usr/lib/python3.12/json/__init__.py", line 293, in load
    return loads(fp.read(),
           ^^^^^^^^^^^^^^^^
  File "/usr/lib/python3.12/json/__init__.py", line 346, in loads
    return _default_decoder.decode(s)
           ^^^^^^^^^^^^^^^^^^^^^^^^^^
  File "/usr/lib/python3.12/json/decoder.py", line 340, in decode
    raise JSONDecodeError("Extra data", s, end)
json.decoder.JSONDecodeError: Extra data: line 1 column 13979 (char 13978)
20:18:04 Traceback (most recent call last):
  File "/root/rocm-tests/bench/smc-read.py", line 12, in <module>
    m=json.load(open(MAP)) if os.path.exists(MAP) else build_map()
      ^^^^^^^^^^^^^^^^^^^^
  File "/usr/lib/python3.12/json/__init__.py", line 293, in load
    return loads(fp.read(),
           ^^^^^^^^^^^^^^^^
  File "/usr/lib/python3.12/json/__init__.py", line 346, in loads
    return _default_decoder.decode(s)
           ^^^^^^^^^^^^^^^^^^^^^^^^^^
  File "/usr/lib/python3.12/json/decoder.py", line 340, in decode
    raise JSONDecodeError("Extra data", s, end)
json.decoder.JSONDecodeError: Extra data: line 1 column 13979 (char 13978)
20:18:09 Traceback (most recent call last):
  File "/root/rocm-tests/bench/smc-read.py", line 12, in <module>
    m=json.load(open(MAP)) if os.path.exists(MAP) else build_map()
      ^^^^^^^^^^^^^^^^^^^^
  File "/usr/lib/python3.12/json/__init__.py", line 293, in load
    return loads(fp.read(),
           ^^^^^^^^^^^^^^^^
  File "/usr/lib/python3.12/json/__init__.py", line 346, in loads
    return _default_decoder.decode(s)
           ^^^^^^^^^^^^^^^^^^^^^^^^^^
  File "/usr/lib/python3.12/json/decoder.py", line 340, in decode
    raise JSONDecodeError("Extra data", s, end)
json.decoder.JSONDecodeError: Extra data: line 1 column 13979 (char 13978)
20:18:14 Traceback (most recent call last):
  File "/root/rocm-tests/bench/smc-read.py", line 12, in <module>
    m=json.load(open(MAP)) if os.path.exists(MAP) else build_map()
      ^^^^^^^^^^^^^^^^^^^^
  File "/usr/lib/python3.12/json/__init__.py", line 293, in load
    return loads(fp.read(),
           ^^^^^^^^^^^^^^^^
  File "/usr/lib/python3.12/json/__init__.py", line 346, in loads
    return _default_decoder.decode(s)
           ^^^^^^^^^^^^^^^^^^^^^^^^^^
  File "/usr/lib/python3.12/json/decoder.py", line 340, in decode
    raise JSONDecodeError("Extra data", s, end)
json.decoder.JSONDecodeError: Extra data: line 1 column 13979 (char 13978)
20:18:20 Traceback (most recent call last):
  File "/root/rocm-tests/bench/smc-read.py", line 12, in <module>
    m=json.load(open(MAP)) if os.path.exists(MAP) else build_map()
      ^^^^^^^^^^^^^^^^^^^^
  File "/usr/lib/python3.12/json/__init__.py", line 293, in load
    return loads(fp.read(),
           ^^^^^^^^^^^^^^^^
  File "/usr/lib/python3.12/json/__init__.py", line 346, in loads
    return _default_decoder.decode(s)
           ^^^^^^^^^^^^^^^^^^^^^^^^^^
  File "/usr/lib/python3.12/json/decoder.py", line 340, in decode
    raise JSONDecodeError("Extra data", s, end)
json.decoder.JSONDecodeError: Extra data: line 1 column 13979 (char 13978)
20:18:25 Traceback (most recent call last):
  File "/root/rocm-tests/bench/smc-read.py", line 12, in <module>
    m=json.load(open(MAP)) if os.path.exists(MAP) else build_map()
      ^^^^^^^^^^^^^^^^^^^^
  File "/usr/lib/python3.12/json/__init__.py", line 293, in load
    return loads(fp.read(),
           ^^^^^^^^^^^^^^^^
  File "/usr/lib/python3.12/json/__init__.py", line 346, in loads
    return _default_decoder.decode(s)
           ^^^^^^^^^^^^^^^^^^^^^^^^^^
  File "/usr/lib/python3.12/json/decoder.py", line 340, in decode
    raise JSONDecodeError("Extra data", s, end)
json.decoder.JSONDecodeError: Extra data: line 1 column 13979 (char 13978)
20:18:30 Traceback (most recent call last):
  File "/root/rocm-tests/bench/smc-read.py", line 12, in <module>
    m=json.load(open(MAP)) if os.path.exists(MAP) else build_map()
      ^^^^^^^^^^^^^^^^^^^^
  File "/usr/lib/python3.12/json/__init__.py", line 293, in load
    return loads(fp.read(),
           ^^^^^^^^^^^^^^^^
  File "/usr/lib/python3.12/json/__init__.py", line 346, in loads
    return _default_decoder.decode(s)
           ^^^^^^^^^^^^^^^^^^^^^^^^^^
  File "/usr/lib/python3.12/json/decoder.py", line 340, in decode
    raise JSONDecodeError("Extra data", s, end)
json.decoder.JSONDecodeError: Extra data: line 1 column 13979 (char 13978)
20:18:35 Traceback (most recent call last):
  File "/root/rocm-tests/bench/smc-read.py", line 12, in <module>
    m=json.load(open(MAP)) if os.path.exists(MAP) else build_map()
      ^^^^^^^^^^^^^^^^^^^^
  File "/usr/lib/python3.12/json/__init__.py", line 293, in load
    return loads(fp.read(),
           ^^^^^^^^^^^^^^^^
  File "/usr/lib/python3.12/json/__init__.py", line 346, in loads
    return _default_decoder.decode(s)
           ^^^^^^^^^^^^^^^^^^^^^^^^^^
  File "/usr/lib/python3.12/json/decoder.py", line 340, in decode
    raise JSONDecodeError("Extra data", s, end)
json.decoder.JSONDecodeError: Extra data: line 1 column 13979 (char 13978)
20:18:40 Traceback (most recent call last):
  File "/root/rocm-tests/bench/smc-read.py", line 12, in <module>
    m=json.load(open(MAP)) if os.path.exists(MAP) else build_map()
      ^^^^^^^^^^^^^^^^^^^^
  File "/usr/lib/python3.12/json/__init__.py", line 293, in load
    return loads(fp.read(),
           ^^^^^^^^^^^^^^^^
  File "/usr/lib/python3.12/json/__init__.py", line 346, in loads
    return _default_decoder.decode(s)
           ^^^^^^^^^^^^^^^^^^^^^^^^^^
  File "/usr/lib/python3.12/json/decoder.py", line 340, in decode
    raise JSONDecodeError("Extra data", s, end)
json.decoder.JSONDecodeError: Extra data: line 1 column 13979 (char 13978)
20:18:45 Traceback (most recent call last):
  File "/root/rocm-tests/bench/smc-read.py", line 12, in <module>
    m=json.load(open(MAP)) if os.path.exists(MAP) else build_map()
      ^^^^^^^^^^^^^^^^^^^^
  File "/usr/lib/python3.12/json/__init__.py", line 293, in load
    return loads(fp.read(),
           ^^^^^^^^^^^^^^^^
  File "/usr/lib/python3.12/json/__init__.py", line 346, in loads
    return _default_decoder.decode(s)
           ^^^^^^^^^^^^^^^^^^^^^^^^^^
  File "/usr/lib/python3.12/json/decoder.py", line 340, in decode
    raise JSONDecodeError("Extra data", s, end)
json.decoder.JSONDecodeError: Extra data: line 1 column 13979 (char 13978)
20:18:50 Traceback (most recent call last):
  File "/root/rocm-tests/bench/smc-read.py", line 12, in <module>
    m=json.load(open(MAP)) if os.path.exists(MAP) else build_map()
      ^^^^^^^^^^^^^^^^^^^^
  File "/usr/lib/python3.12/json/__init__.py", line 293, in load
    return loads(fp.read(),
           ^^^^^^^^^^^^^^^^
  File "/usr/lib/python3.12/json/__init__.py", line 346, in loads
    return _default_decoder.decode(s)
           ^^^^^^^^^^^^^^^^^^^^^^^^^^
  File "/usr/lib/python3.12/json/decoder.py", line 340, in decode
    raise JSONDecodeError("Extra data", s, end)
json.decoder.JSONDecodeError: Extra data: line 1 column 13979 (char 13978)
20:18:55 Traceback (most recent call last):
  File "/root/rocm-tests/bench/smc-read.py", line 12, in <module>
    m=json.load(open(MAP)) if os.path.exists(MAP) else build_map()
      ^^^^^^^^^^^^^^^^^^^^
  File "/usr/lib/python3.12/json/__init__.py", line 293, in load
    return loads(fp.read(),
           ^^^^^^^^^^^^^^^^
  File "/usr/lib/python3.12/json/__init__.py", line 346, in loads
    return _default_decoder.decode(s)
           ^^^^^^^^^^^^^^^^^^^^^^^^^^
  File "/usr/lib/python3.12/json/decoder.py", line 340, in decode
    raise JSONDecodeError("Extra data", s, end)
json.decoder.JSONDecodeError: Extra data: line 1 column 13979 (char 13978)
20:19:00 Traceback (most recent call last):
  File "/root/rocm-tests/bench/smc-read.py", line 12, in <module>
    m=json.load(open(MAP)) if os.path.exists(MAP) else build_map()
      ^^^^^^^^^^^^^^^^^^^^
  File "/usr/lib/python3.12/json/__init__.py", line 293, in load
    return loads(fp.read(),
           ^^^^^^^^^^^^^^^^
  File "/usr/lib/python3.12/json/__init__.py", line 346, in loads
    return _default_decoder.decode(s)
           ^^^^^^^^^^^^^^^^^^^^^^^^^^
  File "/usr/lib/python3.12/json/decoder.py", line 340, in decode
    raise JSONDecodeError("Extra data", s, end)
json.decoder.JSONDecodeError: Extra data: line 1 column 13979 (char 13978)
20:19:05 Traceback (most recent call last):
  File "/root/rocm-tests/bench/smc-read.py", line 12, in <module>
    m=json.load(open(MAP)) if os.path.exists(MAP) else build_map()
      ^^^^^^^^^^^^^^^^^^^^
  File "/usr/lib/python3.12/json/__init__.py", line 293, in load
    return loads(fp.read(),
           ^^^^^^^^^^^^^^^^
  File "/usr/lib/python3.12/json/__init__.py", line 346, in loads
    return _default_decoder.decode(s)
           ^^^^^^^^^^^^^^^^^^^^^^^^^^
  File "/usr/lib/python3.12/json/decoder.py", line 340, in decode
    raise JSONDecodeError("Extra data", s, end)
json.decoder.JSONDecodeError: Extra data: line 1 column 13979 (char 13978)
20:19:10 Traceback (most recent call last):
  File "/root/rocm-tests/bench/smc-read.py", line 12, in <module>
    m=json.load(open(MAP)) if os.path.exists(MAP) else build_map()
      ^^^^^^^^^^^^^^^^^^^^
  File "/usr/lib/python3.12/json/__init__.py", line 293, in load
    return loads(fp.read(),
           ^^^^^^^^^^^^^^^^
  File "/usr/lib/python3.12/json/__init__.py", line 346, in loads
    return _default_decoder.decode(s)
           ^^^^^^^^^^^^^^^^^^^^^^^^^^
  File "/usr/lib/python3.12/json/decoder.py", line 340, in decode
    raise JSONDecodeError("Extra data", s, end)
json.decoder.JSONDecodeError: Extra data: line 1 column 13979 (char 13978)
20:19:16 Traceback (most recent call last):
  File "/root/rocm-tests/bench/smc-read.py", line 12, in <module>
    m=json.load(open(MAP)) if os.path.exists(MAP) else build_map()
      ^^^^^^^^^^^^^^^^^^^^
  File "/usr/lib/python3.12/json/__init__.py", line 293, in load
    return loads(fp.read(),
           ^^^^^^^^^^^^^^^^
  File "/usr/lib/python3.12/json/__init__.py", line 346, in loads
    return _default_decoder.decode(s)
           ^^^^^^^^^^^^^^^^^^^^^^^^^^
  File "/usr/lib/python3.12/json/decoder.py", line 340, in decode
    raise JSONDecodeError("Extra data", s, end)
json.decoder.JSONDecodeError: Extra data: line 1 column 13979 (char 13978)
20:19:21 Traceback (most recent call last):
  File "/root/rocm-tests/bench/smc-read.py", line 12, in <module>
    m=json.load(open(MAP)) if os.path.exists(MAP) else build_map()
      ^^^^^^^^^^^^^^^^^^^^
  File "/usr/lib/python3.12/json/__init__.py", line 293, in load
    return loads(fp.read(),
           ^^^^^^^^^^^^^^^^
  File "/usr/lib/python3.12/json/__init__.py", line 346, in loads
    return _default_decoder.decode(s)
           ^^^^^^^^^^^^^^^^^^^^^^^^^^
  File "/usr/lib/python3.12/json/decoder.py", line 340, in decode
    raise JSONDecodeError("Extra data", s, end)
json.decoder.JSONDecodeError: Extra data: line 1 column 13979 (char 13978)
20:19:26 Traceback (most recent call last):
  File "/root/rocm-tests/bench/smc-read.py", line 12, in <module>
    m=json.load(open(MAP)) if os.path.exists(MAP) else build_map()
      ^^^^^^^^^^^^^^^^^^^^
  File "/usr/lib/python3.12/json/__init__.py", line 293, in load
    return loads(fp.read(),
           ^^^^^^^^^^^^^^^^
  File "/usr/lib/python3.12/json/__init__.py", line 346, in loads
    return _default_decoder.decode(s)
           ^^^^^^^^^^^^^^^^^^^^^^^^^^
  File "/usr/lib/python3.12/json/decoder.py", line 340, in decode
    raise JSONDecodeError("Extra data", s, end)
json.decoder.JSONDecodeError: Extra data: line 1 column 13979 (char 13978)
20:19:31 Traceback (most recent call last):
  File "/root/rocm-tests/bench/smc-read.py", line 12, in <module>
    m=json.load(open(MAP)) if os.path.exists(MAP) else build_map()
      ^^^^^^^^^^^^^^^^^^^^
  File "/usr/lib/python3.12/json/__init__.py", line 293, in load
    return loads(fp.read(),
           ^^^^^^^^^^^^^^^^
  File "/usr/lib/python3.12/json/__init__.py", line 346, in loads
    return _default_decoder.decode(s)
           ^^^^^^^^^^^^^^^^^^^^^^^^^^
  File "/usr/lib/python3.12/json/decoder.py", line 340, in decode
    raise JSONDecodeError("Extra data", s, end)
json.decoder.JSONDecodeError: Extra data: line 1 column 13979 (char 13978)
20:19:36 Traceback (most recent call last):
  File "/root/rocm-tests/bench/smc-read.py", line 12, in <module>
    m=json.load(open(MAP)) if os.path.exists(MAP) else build_map()
      ^^^^^^^^^^^^^^^^^^^^
  File "/usr/lib/python3.12/json/__init__.py", line 293, in load
    return loads(fp.read(),
           ^^^^^^^^^^^^^^^^
  File "/usr/lib/python3.12/json/__init__.py", line 346, in loads
    return _default_decoder.decode(s)
           ^^^^^^^^^^^^^^^^^^^^^^^^^^
  File "/usr/lib/python3.12/json/decoder.py", line 340, in decode
    raise JSONDecodeError("Extra data", s, end)
json.decoder.JSONDecodeError: Extra data: line 1 column 13979 (char 13978)
20:19:41 Traceback (most recent call last):
  File "/root/rocm-tests/bench/smc-read.py", line 12, in <module>
    m=json.load(open(MAP)) if os.path.exists(MAP) else build_map()
      ^^^^^^^^^^^^^^^^^^^^
  File "/usr/lib/python3.12/json/__init__.py", line 293, in load
    return loads(fp.read(),
           ^^^^^^^^^^^^^^^^
  File "/usr/lib/python3.12/json/__init__.py", line 346, in loads
    return _default_decoder.decode(s)
           ^^^^^^^^^^^^^^^^^^^^^^^^^^
  File "/usr/lib/python3.12/json/decoder.py", line 340, in decode
    raise JSONDecodeError("Extra data", s, end)
json.decoder.JSONDecodeError: Extra data: line 1 column 13979 (char 13978)
20:19:46 Traceback (most recent call last):
  File "/root/rocm-tests/bench/smc-read.py", line 12, in <module>
    m=json.load(open(MAP)) if os.path.exists(MAP) else build_map()
      ^^^^^^^^^^^^^^^^^^^^
  File "/usr/lib/python3.12/json/__init__.py", line 293, in load
    return loads(fp.read(),
           ^^^^^^^^^^^^^^^^
  File "/usr/lib/python3.12/json/__init__.py", line 346, in loads
    return _default_decoder.decode(s)
           ^^^^^^^^^^^^^^^^^^^^^^^^^^
  File "/usr/lib/python3.12/json/decoder.py", line 340, in decode
    raise JSONDecodeError("Extra data", s, end)
json.decoder.JSONDecodeError: Extra data: line 1 column 13979 (char 13978)
20:19:51 Traceback (most recent call last):
  File "/root/rocm-tests/bench/smc-read.py", line 12, in <module>
    m=json.load(open(MAP)) if os.path.exists(MAP) else build_map()
      ^^^^^^^^^^^^^^^^^^^^
  File "/usr/lib/python3.12/json/__init__.py", line 293, in load
    return loads(fp.read(),
           ^^^^^^^^^^^^^^^^
  File "/usr/lib/python3.12/json/__init__.py", line 346, in loads
    return _default_decoder.decode(s)
           ^^^^^^^^^^^^^^^^^^^^^^^^^^
  File "/usr/lib/python3.12/json/decoder.py", line 340, in decode
    raise JSONDecodeError("Extra data", s, end)
json.decoder.JSONDecodeError: Extra data: line 1 column 13979 (char 13978)
20:19:56 Traceback (most recent call last):
  File "/root/rocm-tests/bench/smc-read.py", line 12, in <module>
    m=json.load(open(MAP)) if os.path.exists(MAP) else build_map()
      ^^^^^^^^^^^^^^^^^^^^
  File "/usr/lib/python3.12/json/__init__.py", line 293, in load
    return loads(fp.read(),
           ^^^^^^^^^^^^^^^^
  File "/usr/lib/python3.12/json/__init__.py", line 346, in loads
    return _default_decoder.decode(s)
           ^^^^^^^^^^^^^^^^^^^^^^^^^^
  File "/usr/lib/python3.12/json/decoder.py", line 340, in decode
    raise JSONDecodeError("Extra data", s, end)
json.decoder.JSONDecodeError: Extra data: line 1 column 13979 (char 13978)
20:20:01 Traceback (most recent call last):
  File "/root/rocm-tests/bench/smc-read.py", line 12, in <module>
    m=json.load(open(MAP)) if os.path.exists(MAP) else build_map()
      ^^^^^^^^^^^^^^^^^^^^
  File "/usr/lib/python3.12/json/__init__.py", line 293, in load
    return loads(fp.read(),
           ^^^^^^^^^^^^^^^^
  File "/usr/lib/python3.12/json/__init__.py", line 346, in loads
    return _default_decoder.decode(s)
           ^^^^^^^^^^^^^^^^^^^^^^^^^^
  File "/usr/lib/python3.12/json/decoder.py", line 340, in decode
    raise JSONDecodeError("Extra data", s, end)
json.decoder.JSONDecodeError: Extra data: line 1 column 13979 (char 13978)
20:20:07 Traceback (most recent call last):
  File "/root/rocm-tests/bench/smc-read.py", line 12, in <module>
    m=json.load(open(MAP)) if os.path.exists(MAP) else build_map()
      ^^^^^^^^^^^^^^^^^^^^
  File "/usr/lib/python3.12/json/__init__.py", line 293, in load
    return loads(fp.read(),
           ^^^^^^^^^^^^^^^^
  File "/usr/lib/python3.12/json/__init__.py", line 346, in loads
    return _default_decoder.decode(s)
           ^^^^^^^^^^^^^^^^^^^^^^^^^^
  File "/usr/lib/python3.12/json/decoder.py", line 340, in decode
    raise JSONDecodeError("Extra data", s, end)
json.decoder.JSONDecodeError: Extra data: line 1 column 13979 (char 13978)
20:20:12 Traceback (most recent call last):
  File "/root/rocm-tests/bench/smc-read.py", line 12, in <module>
    m=json.load(open(MAP)) if os.path.exists(MAP) else build_map()
      ^^^^^^^^^^^^^^^^^^^^
  File "/usr/lib/python3.12/json/__init__.py", line 293, in load
    return loads(fp.read(),
           ^^^^^^^^^^^^^^^^
  File "/usr/lib/python3.12/json/__init__.py", line 346, in loads
    return _default_decoder.decode(s)
           ^^^^^^^^^^^^^^^^^^^^^^^^^^
  File "/usr/lib/python3.12/json/decoder.py", line 340, in decode
    raise JSONDecodeError("Extra data", s, end)
json.decoder.JSONDecodeError: Extra data: line 1 column 13979 (char 13978)
20:20:17 Traceback (most recent call last):
  File "/root/rocm-tests/bench/smc-read.py", line 12, in <module>
    m=json.load(open(MAP)) if os.path.exists(MAP) else build_map()
      ^^^^^^^^^^^^^^^^^^^^
  File "/usr/lib/python3.12/json/__init__.py", line 293, in load
    return loads(fp.read(),
           ^^^^^^^^^^^^^^^^
  File "/usr/lib/python3.12/json/__init__.py", line 346, in loads
    return _default_decoder.decode(s)
           ^^^^^^^^^^^^^^^^^^^^^^^^^^
  File "/usr/lib/python3.12/json/decoder.py", line 340, in decode
    raise JSONDecodeError("Extra data", s, end)
json.decoder.JSONDecodeError: Extra data: line 1 column 13979 (char 13978)
20:20:22 Traceback (most recent call last):
  File "/root/rocm-tests/bench/smc-read.py", line 12, in <module>
    m=json.load(open(MAP)) if os.path.exists(MAP) else build_map()
      ^^^^^^^^^^^^^^^^^^^^
  File "/usr/lib/python3.12/json/__init__.py", line 293, in load
    return loads(fp.read(),
           ^^^^^^^^^^^^^^^^
  File "/usr/lib/python3.12/json/__init__.py", line 346, in loads
    return _default_decoder.decode(s)
           ^^^^^^^^^^^^^^^^^^^^^^^^^^
  File "/usr/lib/python3.12/json/decoder.py", line 340, in decode
    raise JSONDecodeError("Extra data", s, end)
json.decoder.JSONDecodeError: Extra data: line 1 column 13979 (char 13978)
20:20:27 Traceback (most recent call last):
  File "/root/rocm-tests/bench/smc-read.py", line 12, in <module>
    m=json.load(open(MAP)) if os.path.exists(MAP) else build_map()
      ^^^^^^^^^^^^^^^^^^^^
  File "/usr/lib/python3.12/json/__init__.py", line 293, in load
    return loads(fp.read(),
           ^^^^^^^^^^^^^^^^
  File "/usr/lib/python3.12/json/__init__.py", line 346, in loads
    return _default_decoder.decode(s)
           ^^^^^^^^^^^^^^^^^^^^^^^^^^
  File "/usr/lib/python3.12/json/decoder.py", line 340, in decode
    raise JSONDecodeError("Extra data", s, end)
json.decoder.JSONDecodeError: Extra data: line 1 column 13979 (char 13978)
20:20:32 Traceback (most recent call last):
  File "/root/rocm-tests/bench/smc-read.py", line 12, in <module>
    m=json.load(open(MAP)) if os.path.exists(MAP) else build_map()
      ^^^^^^^^^^^^^^^^^^^^
  File "/usr/lib/python3.12/json/__init__.py", line 293, in load
    return loads(fp.read(),
           ^^^^^^^^^^^^^^^^
  File "/usr/lib/python3.12/json/__init__.py", line 346, in loads
    return _default_decoder.decode(s)
           ^^^^^^^^^^^^^^^^^^^^^^^^^^
  File "/usr/lib/python3.12/json/decoder.py", line 340, in decode
    raise JSONDecodeError("Extra data", s, end)
json.decoder.JSONDecodeError: Extra data: line 1 column 13979 (char 13978)
20:20:37 Traceback (most recent call last):
  File "/root/rocm-tests/bench/smc-read.py", line 12, in <module>
    m=json.load(open(MAP)) if os.path.exists(MAP) else build_map()
      ^^^^^^^^^^^^^^^^^^^^
  File "/usr/lib/python3.12/json/__init__.py", line 293, in load
    return loads(fp.read(),
           ^^^^^^^^^^^^^^^^
  File "/usr/lib/python3.12/json/__init__.py", line 346, in loads
    return _default_decoder.decode(s)
           ^^^^^^^^^^^^^^^^^^^^^^^^^^
  File "/usr/lib/python3.12/json/decoder.py", line 340, in decode
    raise JSONDecodeError("Extra data", s, end)
json.decoder.JSONDecodeError: Extra data: line 1 column 13979 (char 13978)
20:20:42 Traceback (most recent call last):
  File "/root/rocm-tests/bench/smc-read.py", line 12, in <module>
    m=json.load(open(MAP)) if os.path.exists(MAP) else build_map()
      ^^^^^^^^^^^^^^^^^^^^
  File "/usr/lib/python3.12/json/__init__.py", line 293, in load
    return loads(fp.read(),
           ^^^^^^^^^^^^^^^^
  File "/usr/lib/python3.12/json/__init__.py", line 346, in loads
    return _default_decoder.decode(s)
           ^^^^^^^^^^^^^^^^^^^^^^^^^^
  File "/usr/lib/python3.12/json/decoder.py", line 340, in decode
    raise JSONDecodeError("Extra data", s, end)
json.decoder.JSONDecodeError: Extra data: line 1 column 13979 (char 13978)
20:20:47 Traceback (most recent call last):
  File "/root/rocm-tests/bench/smc-read.py", line 12, in <module>
    m=json.load(open(MAP)) if os.path.exists(MAP) else build_map()
      ^^^^^^^^^^^^^^^^^^^^
  File "/usr/lib/python3.12/json/__init__.py", line 293, in load
    return loads(fp.read(),
           ^^^^^^^^^^^^^^^^
  File "/usr/lib/python3.12/json/__init__.py", line 346, in loads
    return _default_decoder.decode(s)
           ^^^^^^^^^^^^^^^^^^^^^^^^^^
  File "/usr/lib/python3.12/json/decoder.py", line 340, in decode
    raise JSONDecodeError("Extra data", s, end)
json.decoder.JSONDecodeError: Extra data: line 1 column 13979 (char 13978)
20:20:52 Traceback (most recent call last):
  File "/root/rocm-tests/bench/smc-read.py", line 12, in <module>
    m=json.load(open(MAP)) if os.path.exists(MAP) else build_map()
      ^^^^^^^^^^^^^^^^^^^^
  File "/usr/lib/python3.12/json/__init__.py", line 293, in load
    return loads(fp.read(),
           ^^^^^^^^^^^^^^^^
  File "/usr/lib/python3.12/json/__init__.py", line 346, in loads
    return _default_decoder.decode(s)
           ^^^^^^^^^^^^^^^^^^^^^^^^^^
  File "/usr/lib/python3.12/json/decoder.py", line 340, in decode
    raise JSONDecodeError("Extra data", s, end)
json.decoder.JSONDecodeError: Extra data: line 1 column 13979 (char 13978)
20:20:57 Traceback (most recent call last):
  File "/root/rocm-tests/bench/smc-read.py", line 12, in <module>
    m=json.load(open(MAP)) if os.path.exists(MAP) else build_map()
      ^^^^^^^^^^^^^^^^^^^^
  File "/usr/lib/python3.12/json/__init__.py", line 293, in load
    return loads(fp.read(),
           ^^^^^^^^^^^^^^^^
  File "/usr/lib/python3.12/json/__init__.py", line 346, in loads
    return _default_decoder.decode(s)
           ^^^^^^^^^^^^^^^^^^^^^^^^^^
  File "/usr/lib/python3.12/json/decoder.py", line 340, in decode
    raise JSONDecodeError("Extra data", s, end)
json.decoder.JSONDecodeError: Extra data: line 1 column 13979 (char 13978)
20:21:03 Traceback (most recent call last):
  File "/root/rocm-tests/bench/smc-read.py", line 12, in <module>
    m=json.load(open(MAP)) if os.path.exists(MAP) else build_map()
      ^^^^^^^^^^^^^^^^^^^^
  File "/usr/lib/python3.12/json/__init__.py", line 293, in load
    return loads(fp.read(),
           ^^^^^^^^^^^^^^^^
  File "/usr/lib/python3.12/json/__init__.py", line 346, in loads
    return _default_decoder.decode(s)
           ^^^^^^^^^^^^^^^^^^^^^^^^^^
  File "/usr/lib/python3.12/json/decoder.py", line 340, in decode
    raise JSONDecodeError("Extra data", s, end)
json.decoder.JSONDecodeError: Extra data: line 1 column 13979 (char 13978)
20:21:08 Traceback (most recent call last):
  File "/root/rocm-tests/bench/smc-read.py", line 12, in <module>
    m=json.load(open(MAP)) if os.path.exists(MAP) else build_map()
      ^^^^^^^^^^^^^^^^^^^^
  File "/usr/lib/python3.12/json/__init__.py", line 293, in load
    return loads(fp.read(),
           ^^^^^^^^^^^^^^^^
  File "/usr/lib/python3.12/json/__init__.py", line 346, in loads
    return _default_decoder.decode(s)
           ^^^^^^^^^^^^^^^^^^^^^^^^^^
  File "/usr/lib/python3.12/json/decoder.py", line 340, in decode
    raise JSONDecodeError("Extra data", s, end)
json.decoder.JSONDecodeError: Extra data: line 1 column 13979 (char 13978)
20:21:13 Traceback (most recent call last):
  File "/root/rocm-tests/bench/smc-read.py", line 12, in <module>
    m=json.load(open(MAP)) if os.path.exists(MAP) else build_map()
      ^^^^^^^^^^^^^^^^^^^^
  File "/usr/lib/python3.12/json/__init__.py", line 293, in load
    return loads(fp.read(),
           ^^^^^^^^^^^^^^^^
  File "/usr/lib/python3.12/json/__init__.py", line 346, in loads
    return _default_decoder.decode(s)
           ^^^^^^^^^^^^^^^^^^^^^^^^^^
  File "/usr/lib/python3.12/json/decoder.py", line 340, in decode
    raise JSONDecodeError("Extra data", s, end)
json.decoder.JSONDecodeError: Extra data: line 1 column 13979 (char 13978)
20:21:18 Traceback (most recent call last):
  File "/root/rocm-tests/bench/smc-read.py", line 12, in <module>
    m=json.load(open(MAP)) if os.path.exists(MAP) else build_map()
      ^^^^^^^^^^^^^^^^^^^^
  File "/usr/lib/python3.12/json/__init__.py", line 293, in load
    return loads(fp.read(),
           ^^^^^^^^^^^^^^^^
  File "/usr/lib/python3.12/json/__init__.py", line 346, in loads
    return _default_decoder.decode(s)
           ^^^^^^^^^^^^^^^^^^^^^^^^^^
  File "/usr/lib/python3.12/json/decoder.py", line 340, in decode
    raise JSONDecodeError("Extra data", s, end)
json.decoder.JSONDecodeError: Extra data: line 1 column 13979 (char 13978)
20:21:23 Traceback (most recent call last):
  File "/root/rocm-tests/bench/smc-read.py", line 12, in <module>
    m=json.load(open(MAP)) if os.path.exists(MAP) else build_map()
      ^^^^^^^^^^^^^^^^^^^^
  File "/usr/lib/python3.12/json/__init__.py", line 293, in load
    return loads(fp.read(),
           ^^^^^^^^^^^^^^^^
  File "/usr/lib/python3.12/json/__init__.py", line 346, in loads
    return _default_decoder.decode(s)
           ^^^^^^^^^^^^^^^^^^^^^^^^^^
  File "/usr/lib/python3.12/json/decoder.py", line 340, in decode
    raise JSONDecodeError("Extra data", s, end)
json.decoder.JSONDecodeError: Extra data: line 1 column 13979 (char 13978)
20:21:28 Traceback (most recent call last):
  File "/root/rocm-tests/bench/smc-read.py", line 12, in <module>
    m=json.load(open(MAP)) if os.path.exists(MAP) else build_map()
      ^^^^^^^^^^^^^^^^^^^^
  File "/usr/lib/python3.12/json/__init__.py", line 293, in load
    return loads(fp.read(),
           ^^^^^^^^^^^^^^^^
  File "/usr/lib/python3.12/json/__init__.py", line 346, in loads
    return _default_decoder.decode(s)
           ^^^^^^^^^^^^^^^^^^^^^^^^^^
  File "/usr/lib/python3.12/json/decoder.py", line 340, in decode
    raise JSONDecodeError("Extra data", s, end)
json.decoder.JSONDecodeError: Extra data: line 1 column 13979 (char 13978)
20:21:33 Traceback (most recent call last):
  File "/root/rocm-tests/bench/smc-read.py", line 12, in <module>
    m=json.load(open(MAP)) if os.path.exists(MAP) else build_map()
      ^^^^^^^^^^^^^^^^^^^^
  File "/usr/lib/python3.12/json/__init__.py", line 293, in load
    return loads(fp.read(),
           ^^^^^^^^^^^^^^^^
  File "/usr/lib/python3.12/json/__init__.py", line 346, in loads
    return _default_decoder.decode(s)
           ^^^^^^^^^^^^^^^^^^^^^^^^^^
  File "/usr/lib/python3.12/json/decoder.py", line 340, in decode
    raise JSONDecodeError("Extra data", s, end)
json.decoder.JSONDecodeError: Extra data: line 1 column 13979 (char 13978)
20:21:38 Traceback (most recent call last):
  File "/root/rocm-tests/bench/smc-read.py", line 12, in <module>
    m=json.load(open(MAP)) if os.path.exists(MAP) else build_map()
      ^^^^^^^^^^^^^^^^^^^^
  File "/usr/lib/python3.12/json/__init__.py", line 293, in load
    return loads(fp.read(),
           ^^^^^^^^^^^^^^^^
  File "/usr/lib/python3.12/json/__init__.py", line 346, in loads
    return _default_decoder.decode(s)
           ^^^^^^^^^^^^^^^^^^^^^^^^^^
  File "/usr/lib/python3.12/json/decoder.py", line 340, in decode
    raise JSONDecodeError("Extra data", s, end)
json.decoder.JSONDecodeError: Extra data: line 1 column 13979 (char 13978)
20:21:43 Traceback (most recent call last):
  File "/root/rocm-tests/bench/smc-read.py", line 12, in <module>
    m=json.load(open(MAP)) if os.path.exists(MAP) else build_map()
      ^^^^^^^^^^^^^^^^^^^^
  File "/usr/lib/python3.12/json/__init__.py", line 293, in load
    return loads(fp.read(),
           ^^^^^^^^^^^^^^^^
  File "/usr/lib/python3.12/json/__init__.py", line 346, in loads
    return _default_decoder.decode(s)
           ^^^^^^^^^^^^^^^^^^^^^^^^^^
  File "/usr/lib/python3.12/json/decoder.py", line 340, in decode
    raise JSONDecodeError("Extra data", s, end)
json.decoder.JSONDecodeError: Extra data: line 1 column 13979 (char 13978)
20:21:48 Traceback (most recent call last):
  File "/root/rocm-tests/bench/smc-read.py", line 12, in <module>
    m=json.load(open(MAP)) if os.path.exists(MAP) else build_map()
      ^^^^^^^^^^^^^^^^^^^^
  File "/usr/lib/python3.12/json/__init__.py", line 293, in load
    return loads(fp.read(),
           ^^^^^^^^^^^^^^^^
  File "/usr/lib/python3.12/json/__init__.py", line 346, in loads
    return _default_decoder.decode(s)
           ^^^^^^^^^^^^^^^^^^^^^^^^^^
  File "/usr/lib/python3.12/json/decoder.py", line 340, in decode
    raise JSONDecodeError("Extra data", s, end)
json.decoder.JSONDecodeError: Extra data: line 1 column 13979 (char 13978)
20:21:54 Traceback (most recent call last):
  File "/root/rocm-tests/bench/smc-read.py", line 12, in <module>
    m=json.load(open(MAP)) if os.path.exists(MAP) else build_map()
      ^^^^^^^^^^^^^^^^^^^^
  File "/usr/lib/python3.12/json/__init__.py", line 293, in load
    return loads(fp.read(),
           ^^^^^^^^^^^^^^^^
  File "/usr/lib/python3.12/json/__init__.py", line 346, in loads
    return _default_decoder.decode(s)
           ^^^^^^^^^^^^^^^^^^^^^^^^^^
  File "/usr/lib/python3.12/json/decoder.py", line 340, in decode
    raise JSONDecodeError("Extra data", s, end)
json.decoder.JSONDecodeError: Extra data: line 1 column 13979 (char 13978)
20:21:59 Traceback (most recent call last):
  File "/root/rocm-tests/bench/smc-read.py", line 12, in <module>
    m=json.load(open(MAP)) if os.path.exists(MAP) else build_map()
      ^^^^^^^^^^^^^^^^^^^^
  File "/usr/lib/python3.12/json/__init__.py", line 293, in load
    return loads(fp.read(),
           ^^^^^^^^^^^^^^^^
  File "/usr/lib/python3.12/json/__init__.py", line 346, in loads
    return _default_decoder.decode(s)
           ^^^^^^^^^^^^^^^^^^^^^^^^^^
  File "/usr/lib/python3.12/json/decoder.py", line 340, in decode
    raise JSONDecodeError("Extra data", s, end)
json.decoder.JSONDecodeError: Extra data: line 1 column 13979 (char 13978)
20:22:04 Traceback (most recent call last):
  File "/root/rocm-tests/bench/smc-read.py", line 12, in <module>
    m=json.load(open(MAP)) if os.path.exists(MAP) else build_map()
      ^^^^^^^^^^^^^^^^^^^^
  File "/usr/lib/python3.12/json/__init__.py", line 293, in load
    return loads(fp.read(),
           ^^^^^^^^^^^^^^^^
  File "/usr/lib/python3.12/json/__init__.py", line 346, in loads
    return _default_decoder.decode(s)
           ^^^^^^^^^^^^^^^^^^^^^^^^^^
  File "/usr/lib/python3.12/json/decoder.py", line 340, in decode
    raise JSONDecodeError("Extra data", s, end)
json.decoder.JSONDecodeError: Extra data: line 1 column 13979 (char 13978)
20:22:09 Traceback (most recent call last):
  File "/root/rocm-tests/bench/smc-read.py", line 12, in <module>
    m=json.load(open(MAP)) if os.path.exists(MAP) else build_map()
      ^^^^^^^^^^^^^^^^^^^^
  File "/usr/lib/python3.12/json/__init__.py", line 293, in load
    return loads(fp.read(),
           ^^^^^^^^^^^^^^^^
  File "/usr/lib/python3.12/json/__init__.py", line 346, in loads
    return _default_decoder.decode(s)
           ^^^^^^^^^^^^^^^^^^^^^^^^^^
  File "/usr/lib/python3.12/json/decoder.py", line 340, in decode
    raise JSONDecodeError("Extra data", s, end)
json.decoder.JSONDecodeError: Extra data: line 1 column 13979 (char 13978)
20:22:14 Traceback (most recent call last):
  File "/root/rocm-tests/bench/smc-read.py", line 12, in <module>
    m=json.load(open(MAP)) if os.path.exists(MAP) else build_map()
      ^^^^^^^^^^^^^^^^^^^^
  File "/usr/lib/python3.12/json/__init__.py", line 293, in load
    return loads(fp.read(),
           ^^^^^^^^^^^^^^^^
  File "/usr/lib/python3.12/json/__init__.py", line 346, in loads
    return _default_decoder.decode(s)
           ^^^^^^^^^^^^^^^^^^^^^^^^^^
  File "/usr/lib/python3.12/json/decoder.py", line 340, in decode
    raise JSONDecodeError("Extra data", s, end)
json.decoder.JSONDecodeError: Extra data: line 1 column 13979 (char 13978)
20:22:19 Traceback (most recent call last):
  File "/root/rocm-tests/bench/smc-read.py", line 12, in <module>
    m=json.load(open(MAP)) if os.path.exists(MAP) else build_map()
      ^^^^^^^^^^^^^^^^^^^^
  File "/usr/lib/python3.12/json/__init__.py", line 293, in load
    return loads(fp.read(),
           ^^^^^^^^^^^^^^^^
  File "/usr/lib/python3.12/json/__init__.py", line 346, in loads
    return _default_decoder.decode(s)
           ^^^^^^^^^^^^^^^^^^^^^^^^^^
  File "/usr/lib/python3.12/json/decoder.py", line 340, in decode
    raise JSONDecodeError("Extra data", s, end)
json.decoder.JSONDecodeError: Extra data: line 1 column 13979 (char 13978)
20:22:24 Traceback (most recent call last):
  File "/root/rocm-tests/bench/smc-read.py", line 12, in <module>
    m=json.load(open(MAP)) if os.path.exists(MAP) else build_map()
      ^^^^^^^^^^^^^^^^^^^^
  File "/usr/lib/python3.12/json/__init__.py", line 293, in load
    return loads(fp.read(),
           ^^^^^^^^^^^^^^^^
  File "/usr/lib/python3.12/json/__init__.py", line 346, in loads
    return _default_decoder.decode(s)
           ^^^^^^^^^^^^^^^^^^^^^^^^^^
  File "/usr/lib/python3.12/json/decoder.py", line 340, in decode
    raise JSONDecodeError("Extra data", s, end)
json.decoder.JSONDecodeError: Extra data: line 1 column 13979 (char 13978)
20:22:29 Traceback (most recent call last):
  File "/root/rocm-tests/bench/smc-read.py", line 12, in <module>
    m=json.load(open(MAP)) if os.path.exists(MAP) else build_map()
      ^^^^^^^^^^^^^^^^^^^^
  File "/usr/lib/python3.12/json/__init__.py", line 293, in load
    return loads(fp.read(),
           ^^^^^^^^^^^^^^^^
  File "/usr/lib/python3.12/json/__init__.py", line 346, in loads
    return _default_decoder.decode(s)
           ^^^^^^^^^^^^^^^^^^^^^^^^^^
  File "/usr/lib/python3.12/json/decoder.py", line 340, in decode
    raise JSONDecodeError("Extra data", s, end)
json.decoder.JSONDecodeError: Extra data: line 1 column 13979 (char 13978)
20:22:34 Traceback (most recent call last):
  File "/root/rocm-tests/bench/smc-read.py", line 12, in <module>
    m=json.load(open(MAP)) if os.path.exists(MAP) else build_map()
      ^^^^^^^^^^^^^^^^^^^^
  File "/usr/lib/python3.12/json/__init__.py", line 293, in load
    return loads(fp.read(),
           ^^^^^^^^^^^^^^^^
  File "/usr/lib/python3.12/json/__init__.py", line 346, in loads
    return _default_decoder.decode(s)
           ^^^^^^^^^^^^^^^^^^^^^^^^^^
  File "/usr/lib/python3.12/json/decoder.py", line 340, in decode
    raise JSONDecodeError("Extra data", s, end)
json.decoder.JSONDecodeError: Extra data: line 1 column 13979 (char 13978)
20:22:39 Traceback (most recent call last):
  File "/root/rocm-tests/bench/smc-read.py", line 12, in <module>
    m=json.load(open(MAP)) if os.path.exists(MAP) else build_map()
      ^^^^^^^^^^^^^^^^^^^^
  File "/usr/lib/python3.12/json/__init__.py", line 293, in load
    return loads(fp.read(),
           ^^^^^^^^^^^^^^^^
  File "/usr/lib/python3.12/json/__init__.py", line 346, in loads
    return _default_decoder.decode(s)
           ^^^^^^^^^^^^^^^^^^^^^^^^^^
  File "/usr/lib/python3.12/json/decoder.py", line 340, in decode
    raise JSONDecodeError("Extra data", s, end)
json.decoder.JSONDecodeError: Extra data: line 1 column 13979 (char 13978)
20:22:44 Traceback (most recent call last):
  File "/root/rocm-tests/bench/smc-read.py", line 12, in <module>
    m=json.load(open(MAP)) if os.path.exists(MAP) else build_map()
      ^^^^^^^^^^^^^^^^^^^^
  File "/usr/lib/python3.12/json/__init__.py", line 293, in load
    return loads(fp.read(),
           ^^^^^^^^^^^^^^^^
  File "/usr/lib/python3.12/json/__init__.py", line 346, in loads
    return _default_decoder.decode(s)
           ^^^^^^^^^^^^^^^^^^^^^^^^^^
  File "/usr/lib/python3.12/json/decoder.py", line 340, in decode
    raise JSONDecodeError("Extra data", s, end)
json.decoder.JSONDecodeError: Extra data: line 1 column 13979 (char 13978)
20:22:50 Traceback (most recent call last):
  File "/root/rocm-tests/bench/smc-read.py", line 12, in <module>
    m=json.load(open(MAP)) if os.path.exists(MAP) else build_map()
      ^^^^^^^^^^^^^^^^^^^^
  File "/usr/lib/python3.12/json/__init__.py", line 293, in load
    return loads(fp.read(),
           ^^^^^^^^^^^^^^^^
  File "/usr/lib/python3.12/json/__init__.py", line 346, in loads
    return _default_decoder.decode(s)
           ^^^^^^^^^^^^^^^^^^^^^^^^^^
  File "/usr/lib/python3.12/json/decoder.py", line 340, in decode
    raise JSONDecodeError("Extra data", s, end)
json.decoder.JSONDecodeError: Extra data: line 1 column 13979 (char 13978)
20:22:55 Traceback (most recent call last):
  File "/root/rocm-tests/bench/smc-read.py", line 12, in <module>
    m=json.load(open(MAP)) if os.path.exists(MAP) else build_map()
      ^^^^^^^^^^^^^^^^^^^^
  File "/usr/lib/python3.12/json/__init__.py", line 293, in load
    return loads(fp.read(),
           ^^^^^^^^^^^^^^^^
  File "/usr/lib/python3.12/json/__init__.py", line 346, in loads
    return _default_decoder.decode(s)
           ^^^^^^^^^^^^^^^^^^^^^^^^^^
  File "/usr/lib/python3.12/json/decoder.py", line 340, in decode
    raise JSONDecodeError("Extra data", s, end)
json.decoder.JSONDecodeError: Extra data: line 1 column 13979 (char 13978)
20:23:00 Traceback (most recent call last):
  File "/root/rocm-tests/bench/smc-read.py", line 12, in <module>
    m=json.load(open(MAP)) if os.path.exists(MAP) else build_map()
      ^^^^^^^^^^^^^^^^^^^^
  File "/usr/lib/python3.12/json/__init__.py", line 293, in load
    return loads(fp.read(),
           ^^^^^^^^^^^^^^^^
  File "/usr/lib/python3.12/json/__init__.py", line 346, in loads
    return _default_decoder.decode(s)
           ^^^^^^^^^^^^^^^^^^^^^^^^^^
  File "/usr/lib/python3.12/json/decoder.py", line 340, in decode
    raise JSONDecodeError("Extra data", s, end)
json.decoder.JSONDecodeError: Extra data: line 1 column 13979 (char 13978)
20:23:05 Traceback (most recent call last):
  File "/root/rocm-tests/bench/smc-read.py", line 12, in <module>
    m=json.load(open(MAP)) if os.path.exists(MAP) else build_map()
      ^^^^^^^^^^^^^^^^^^^^
  File "/usr/lib/python3.12/json/__init__.py", line 293, in load
    return loads(fp.read(),
           ^^^^^^^^^^^^^^^^
  File "/usr/lib/python3.12/json/__init__.py", line 346, in loads
    return _default_decoder.decode(s)
           ^^^^^^^^^^^^^^^^^^^^^^^^^^
  File "/usr/lib/python3.12/json/decoder.py", line 340, in decode
    raise JSONDecodeError("Extra data", s, end)
json.decoder.JSONDecodeError: Extra data: line 1 column 13979 (char 13978)
20:23:10 Traceback (most recent call last):
  File "/root/rocm-tests/bench/smc-read.py", line 12, in <module>
    m=json.load(open(MAP)) if os.path.exists(MAP) else build_map()
      ^^^^^^^^^^^^^^^^^^^^
  File "/usr/lib/python3.12/json/__init__.py", line 293, in load
    return loads(fp.read(),
           ^^^^^^^^^^^^^^^^
  File "/usr/lib/python3.12/json/__init__.py", line 346, in loads
    return _default_decoder.decode(s)
           ^^^^^^^^^^^^^^^^^^^^^^^^^^
  File "/usr/lib/python3.12/json/decoder.py", line 340, in decode
    raise JSONDecodeError("Extra data", s, end)
json.decoder.JSONDecodeError: Extra data: line 1 column 13979 (char 13978)
20:23:15 Traceback (most recent call last):
  File "/root/rocm-tests/bench/smc-read.py", line 12, in <module>
    m=json.load(open(MAP)) if os.path.exists(MAP) else build_map()
      ^^^^^^^^^^^^^^^^^^^^
  File "/usr/lib/python3.12/json/__init__.py", line 293, in load
    return loads(fp.read(),
           ^^^^^^^^^^^^^^^^
  File "/usr/lib/python3.12/json/__init__.py", line 346, in loads
    return _default_decoder.decode(s)
           ^^^^^^^^^^^^^^^^^^^^^^^^^^
  File "/usr/lib/python3.12/json/decoder.py", line 340, in decode
    raise JSONDecodeError("Extra data", s, end)
json.decoder.JSONDecodeError: Extra data: line 1 column 13979 (char 13978)
20:23:20 Traceback (most recent call last):
  File "/root/rocm-tests/bench/smc-read.py", line 12, in <module>
    m=json.load(open(MAP)) if os.path.exists(MAP) else build_map()
      ^^^^^^^^^^^^^^^^^^^^
  File "/usr/lib/python3.12/json/__init__.py", line 293, in load
    return loads(fp.read(),
           ^^^^^^^^^^^^^^^^
  File "/usr/lib/python3.12/json/__init__.py", line 346, in loads
    return _default_decoder.decode(s)
           ^^^^^^^^^^^^^^^^^^^^^^^^^^
  File "/usr/lib/python3.12/json/decoder.py", line 340, in decode
    raise JSONDecodeError("Extra data", s, end)
json.decoder.JSONDecodeError: Extra data: line 1 column 13979 (char 13978)
20:23:25 Traceback (most recent call last):
  File "/root/rocm-tests/bench/smc-read.py", line 12, in <module>
    m=json.load(open(MAP)) if os.path.exists(MAP) else build_map()
      ^^^^^^^^^^^^^^^^^^^^
  File "/usr/lib/python3.12/json/__init__.py", line 293, in load
    return loads(fp.read(),
           ^^^^^^^^^^^^^^^^
  File "/usr/lib/python3.12/json/__init__.py", line 346, in loads
    return _default_decoder.decode(s)
           ^^^^^^^^^^^^^^^^^^^^^^^^^^
  File "/usr/lib/python3.12/json/decoder.py", line 340, in decode
    raise JSONDecodeError("Extra data", s, end)
json.decoder.JSONDecodeError: Extra data: line 1 column 13979 (char 13978)
20:23:30 Traceback (most recent call last):
  File "/root/rocm-tests/bench/smc-read.py", line 12, in <module>
    m=json.load(open(MAP)) if os.path.exists(MAP) else build_map()
      ^^^^^^^^^^^^^^^^^^^^
  File "/usr/lib/python3.12/json/__init__.py", line 293, in load
    return loads(fp.read(),
           ^^^^^^^^^^^^^^^^
  File "/usr/lib/python3.12/json/__init__.py", line 346, in loads
    return _default_decoder.decode(s)
           ^^^^^^^^^^^^^^^^^^^^^^^^^^
  File "/usr/lib/python3.12/json/decoder.py", line 340, in decode
    raise JSONDecodeError("Extra data", s, end)
json.decoder.JSONDecodeError: Extra data: line 1 column 13979 (char 13978)
20:23:35 Traceback (most recent call last):
  File "/root/rocm-tests/bench/smc-read.py", line 12, in <module>
    m=json.load(open(MAP)) if os.path.exists(MAP) else build_map()
      ^^^^^^^^^^^^^^^^^^^^
  File "/usr/lib/python3.12/json/__init__.py", line 293, in load
    return loads(fp.read(),
           ^^^^^^^^^^^^^^^^
  File "/usr/lib/python3.12/json/__init__.py", line 346, in loads
    return _default_decoder.decode(s)
           ^^^^^^^^^^^^^^^^^^^^^^^^^^
  File "/usr/lib/python3.12/json/decoder.py", line 340, in decode
    raise JSONDecodeError("Extra data", s, end)
json.decoder.JSONDecodeError: Extra data: line 1 column 13979 (char 13978)
20:23:41 Traceback (most recent call last):
  File "/root/rocm-tests/bench/smc-read.py", line 12, in <module>
    m=json.load(open(MAP)) if os.path.exists(MAP) else build_map()
      ^^^^^^^^^^^^^^^^^^^^
  File "/usr/lib/python3.12/json/__init__.py", line 293, in load
    return loads(fp.read(),
           ^^^^^^^^^^^^^^^^
  File "/usr/lib/python3.12/json/__init__.py", line 346, in loads
    return _default_decoder.decode(s)
           ^^^^^^^^^^^^^^^^^^^^^^^^^^
  File "/usr/lib/python3.12/json/decoder.py", line 340, in decode
    raise JSONDecodeError("Extra data", s, end)
json.decoder.JSONDecodeError: Extra data: line 1 column 13979 (char 13978)
20:23:46 Traceback (most recent call last):
  File "/root/rocm-tests/bench/smc-read.py", line 12, in <module>
    m=json.load(open(MAP)) if os.path.exists(MAP) else build_map()
      ^^^^^^^^^^^^^^^^^^^^
  File "/usr/lib/python3.12/json/__init__.py", line 293, in load
    return loads(fp.read(),
           ^^^^^^^^^^^^^^^^
  File "/usr/lib/python3.12/json/__init__.py", line 346, in loads
    return _default_decoder.decode(s)
           ^^^^^^^^^^^^^^^^^^^^^^^^^^
  File "/usr/lib/python3.12/json/decoder.py", line 340, in decode
    raise JSONDecodeError("Extra data", s, end)
json.decoder.JSONDecodeError: Extra data: line 1 column 13979 (char 13978)
20:23:51 Traceback (most recent call last):
  File "/root/rocm-tests/bench/smc-read.py", line 12, in <module>
    m=json.load(open(MAP)) if os.path.exists(MAP) else build_map()
      ^^^^^^^^^^^^^^^^^^^^
  File "/usr/lib/python3.12/json/__init__.py", line 293, in load
    return loads(fp.read(),
           ^^^^^^^^^^^^^^^^
  File "/usr/lib/python3.12/json/__init__.py", line 346, in loads
    return _default_decoder.decode(s)
           ^^^^^^^^^^^^^^^^^^^^^^^^^^
  File "/usr/lib/python3.12/json/decoder.py", line 340, in decode
    raise JSONDecodeError("Extra data", s, end)
json.decoder.JSONDecodeError: Extra data: line 1 column 13979 (char 13978)
20:23:56 Traceback (most recent call last):
  File "/root/rocm-tests/bench/smc-read.py", line 12, in <module>
    m=json.load(open(MAP)) if os.path.exists(MAP) else build_map()
      ^^^^^^^^^^^^^^^^^^^^
  File "/usr/lib/python3.12/json/__init__.py", line 293, in load
    return loads(fp.read(),
           ^^^^^^^^^^^^^^^^
  File "/usr/lib/python3.12/json/__init__.py", line 346, in loads
    return _default_decoder.decode(s)
           ^^^^^^^^^^^^^^^^^^^^^^^^^^
  File "/usr/lib/python3.12/json/decoder.py", line 340, in decode
    raise JSONDecodeError("Extra data", s, end)
json.decoder.JSONDecodeError: Extra data: line 1 column 13979 (char 13978)
20:24:01 Traceback (most recent call last):
  File "/root/rocm-tests/bench/smc-read.py", line 12, in <module>
    m=json.load(open(MAP)) if os.path.exists(MAP) else build_map()
      ^^^^^^^^^^^^^^^^^^^^
  File "/usr/lib/python3.12/json/__init__.py", line 293, in load
    return loads(fp.read(),
           ^^^^^^^^^^^^^^^^
  File "/usr/lib/python3.12/json/__init__.py", line 346, in loads
    return _default_decoder.decode(s)
           ^^^^^^^^^^^^^^^^^^^^^^^^^^
  File "/usr/lib/python3.12/json/decoder.py", line 340, in decode
    raise JSONDecodeError("Extra data", s, end)
json.decoder.JSONDecodeError: Extra data: line 1 column 13979 (char 13978)
20:24:06 Traceback (most recent call last):
  File "/root/rocm-tests/bench/smc-read.py", line 12, in <module>
    m=json.load(open(MAP)) if os.path.exists(MAP) else build_map()
      ^^^^^^^^^^^^^^^^^^^^
  File "/usr/lib/python3.12/json/__init__.py", line 293, in load
    return loads(fp.read(),
           ^^^^^^^^^^^^^^^^
  File "/usr/lib/python3.12/json/__init__.py", line 346, in loads
    return _default_decoder.decode(s)
           ^^^^^^^^^^^^^^^^^^^^^^^^^^
  File "/usr/lib/python3.12/json/decoder.py", line 340, in decode
    raise JSONDecodeError("Extra data", s, end)
json.decoder.JSONDecodeError: Extra data: line 1 column 13979 (char 13978)
20:24:11 Traceback (most recent call last):
  File "/root/rocm-tests/bench/smc-read.py", line 12, in <module>
    m=json.load(open(MAP)) if os.path.exists(MAP) else build_map()
      ^^^^^^^^^^^^^^^^^^^^
  File "/usr/lib/python3.12/json/__init__.py", line 293, in load
    return loads(fp.read(),
           ^^^^^^^^^^^^^^^^
  File "/usr/lib/python3.12/json/__init__.py", line 346, in loads
    return _default_decoder.decode(s)
           ^^^^^^^^^^^^^^^^^^^^^^^^^^
  File "/usr/lib/python3.12/json/decoder.py", line 340, in decode
    raise JSONDecodeError("Extra data", s, end)
json.decoder.JSONDecodeError: Extra data: line 1 column 13979 (char 13978)
20:24:16 Traceback (most recent call last):
  File "/root/rocm-tests/bench/smc-read.py", line 12, in <module>
    m=json.load(open(MAP)) if os.path.exists(MAP) else build_map()
      ^^^^^^^^^^^^^^^^^^^^
  File "/usr/lib/python3.12/json/__init__.py", line 293, in load
    return loads(fp.read(),
           ^^^^^^^^^^^^^^^^
  File "/usr/lib/python3.12/json/__init__.py", line 346, in loads
    return _default_decoder.decode(s)
           ^^^^^^^^^^^^^^^^^^^^^^^^^^
  File "/usr/lib/python3.12/json/decoder.py", line 340, in decode
    raise JSONDecodeError("Extra data", s, end)
json.decoder.JSONDecodeError: Extra data: line 1 column 13979 (char 13978)
20:24:21 Traceback (most recent call last):
  File "/root/rocm-tests/bench/smc-read.py", line 12, in <module>
    m=json.load(open(MAP)) if os.path.exists(MAP) else build_map()
      ^^^^^^^^^^^^^^^^^^^^
  File "/usr/lib/python3.12/json/__init__.py", line 293, in load
    return loads(fp.read(),
           ^^^^^^^^^^^^^^^^
  File "/usr/lib/python3.12/json/__init__.py", line 346, in loads
    return _default_decoder.decode(s)
           ^^^^^^^^^^^^^^^^^^^^^^^^^^
  File "/usr/lib/python3.12/json/decoder.py", line 340, in decode
    raise JSONDecodeError("Extra data", s, end)
json.decoder.JSONDecodeError: Extra data: line 1 column 13979 (char 13978)
20:24:26 Traceback (most recent call last):
  File "/root/rocm-tests/bench/smc-read.py", line 12, in <module>
    m=json.load(open(MAP)) if os.path.exists(MAP) else build_map()
      ^^^^^^^^^^^^^^^^^^^^
  File "/usr/lib/python3.12/json/__init__.py", line 293, in load
    return loads(fp.read(),
           ^^^^^^^^^^^^^^^^
  File "/usr/lib/python3.12/json/__init__.py", line 346, in loads
    return _default_decoder.decode(s)
           ^^^^^^^^^^^^^^^^^^^^^^^^^^
  File "/usr/lib/python3.12/json/decoder.py", line 340, in decode
    raise JSONDecodeError("Extra data", s, end)
json.decoder.JSONDecodeError: Extra data: line 1 column 13979 (char 13978)
20:24:32 Traceback (most recent call last):
  File "/root/rocm-tests/bench/smc-read.py", line 12, in <module>
    m=json.load(open(MAP)) if os.path.exists(MAP) else build_map()
      ^^^^^^^^^^^^^^^^^^^^
  File "/usr/lib/python3.12/json/__init__.py", line 293, in load
    return loads(fp.read(),
           ^^^^^^^^^^^^^^^^
  File "/usr/lib/python3.12/json/__init__.py", line 346, in loads
    return _default_decoder.decode(s)
           ^^^^^^^^^^^^^^^^^^^^^^^^^^
  File "/usr/lib/python3.12/json/decoder.py", line 340, in decode
    raise JSONDecodeError("Extra data", s, end)
json.decoder.JSONDecodeError: Extra data: line 1 column 13979 (char 13978)
20:24:37 Traceback (most recent call last):
  File "/root/rocm-tests/bench/smc-read.py", line 12, in <module>
    m=json.load(open(MAP)) if os.path.exists(MAP) else build_map()
      ^^^^^^^^^^^^^^^^^^^^
  File "/usr/lib/python3.12/json/__init__.py", line 293, in load
    return loads(fp.read(),
           ^^^^^^^^^^^^^^^^
  File "/usr/lib/python3.12/json/__init__.py", line 346, in loads
    return _default_decoder.decode(s)
           ^^^^^^^^^^^^^^^^^^^^^^^^^^
  File "/usr/lib/python3.12/json/decoder.py", line 340, in decode
    raise JSONDecodeError("Extra data", s, end)
json.decoder.JSONDecodeError: Extra data: line 1 column 13979 (char 13978)
20:24:42 Traceback (most recent call last):
  File "/root/rocm-tests/bench/smc-read.py", line 12, in <module>
    m=json.load(open(MAP)) if os.path.exists(MAP) else build_map()
      ^^^^^^^^^^^^^^^^^^^^
  File "/usr/lib/python3.12/json/__init__.py", line 293, in load
    return loads(fp.read(),
           ^^^^^^^^^^^^^^^^
  File "/usr/lib/python3.12/json/__init__.py", line 346, in loads
    return _default_decoder.decode(s)
           ^^^^^^^^^^^^^^^^^^^^^^^^^^
  File "/usr/lib/python3.12/json/decoder.py", line 340, in decode
    raise JSONDecodeError("Extra data", s, end)
json.decoder.JSONDecodeError: Extra data: line 1 column 13979 (char 13978)
20:24:47 Traceback (most recent call last):
  File "/root/rocm-tests/bench/smc-read.py", line 12, in <module>
    m=json.load(open(MAP)) if os.path.exists(MAP) else build_map()
      ^^^^^^^^^^^^^^^^^^^^
  File "/usr/lib/python3.12/json/__init__.py", line 293, in load
    return loads(fp.read(),
           ^^^^^^^^^^^^^^^^
  File "/usr/lib/python3.12/json/__init__.py", line 346, in loads
    return _default_decoder.decode(s)
           ^^^^^^^^^^^^^^^^^^^^^^^^^^
  File "/usr/lib/python3.12/json/decoder.py", line 340, in decode
    raise JSONDecodeError("Extra data", s, end)
json.decoder.JSONDecodeError: Extra data: line 1 column 13979 (char 13978)
20:24:52 Traceback (most recent call last):
  File "/root/rocm-tests/bench/smc-read.py", line 12, in <module>
    m=json.load(open(MAP)) if os.path.exists(MAP) else build_map()
      ^^^^^^^^^^^^^^^^^^^^
  File "/usr/lib/python3.12/json/__init__.py", line 293, in load
    return loads(fp.read(),
           ^^^^^^^^^^^^^^^^
  File "/usr/lib/python3.12/json/__init__.py", line 346, in loads
    return _default_decoder.decode(s)
           ^^^^^^^^^^^^^^^^^^^^^^^^^^
  File "/usr/lib/python3.12/json/decoder.py", line 340, in decode
    raise JSONDecodeError("Extra data", s, end)
json.decoder.JSONDecodeError: Extra data: line 1 column 13979 (char 13978)
20:24:57 Traceback (most recent call last):
  File "/root/rocm-tests/bench/smc-read.py", line 12, in <module>
    m=json.load(open(MAP)) if os.path.exists(MAP) else build_map()
      ^^^^^^^^^^^^^^^^^^^^
  File "/usr/lib/python3.12/json/__init__.py", line 293, in load
    return loads(fp.read(),
           ^^^^^^^^^^^^^^^^
  File "/usr/lib/python3.12/json/__init__.py", line 346, in loads
    return _default_decoder.decode(s)
           ^^^^^^^^^^^^^^^^^^^^^^^^^^
  File "/usr/lib/python3.12/json/decoder.py", line 340, in decode
    raise JSONDecodeError("Extra data", s, end)
json.decoder.JSONDecodeError: Extra data: line 1 column 13979 (char 13978)
20:25:02 Traceback (most recent call last):
  File "/root/rocm-tests/bench/smc-read.py", line 12, in <module>
    m=json.load(open(MAP)) if os.path.exists(MAP) else build_map()
      ^^^^^^^^^^^^^^^^^^^^
  File "/usr/lib/python3.12/json/__init__.py", line 293, in load
    return loads(fp.read(),
           ^^^^^^^^^^^^^^^^
  File "/usr/lib/python3.12/json/__init__.py", line 346, in loads
    return _default_decoder.decode(s)
           ^^^^^^^^^^^^^^^^^^^^^^^^^^
  File "/usr/lib/python3.12/json/decoder.py", line 340, in decode
    raise JSONDecodeError("Extra data", s, end)
json.decoder.JSONDecodeError: Extra data: line 1 column 13979 (char 13978)
20:25:07 Traceback (most recent call last):
  File "/root/rocm-tests/bench/smc-read.py", line 12, in <module>
    m=json.load(open(MAP)) if os.path.exists(MAP) else build_map()
      ^^^^^^^^^^^^^^^^^^^^
  File "/usr/lib/python3.12/json/__init__.py", line 293, in load
    return loads(fp.read(),
           ^^^^^^^^^^^^^^^^
  File "/usr/lib/python3.12/json/__init__.py", line 346, in loads
    return _default_decoder.decode(s)
           ^^^^^^^^^^^^^^^^^^^^^^^^^^
  File "/usr/lib/python3.12/json/decoder.py", line 340, in decode
    raise JSONDecodeError("Extra data", s, end)
json.decoder.JSONDecodeError: Extra data: line 1 column 13979 (char 13978)
20:25:12 Traceback (most recent call last):
  File "/root/rocm-tests/bench/smc-read.py", line 12, in <module>
    m=json.load(open(MAP)) if os.path.exists(MAP) else build_map()
      ^^^^^^^^^^^^^^^^^^^^
  File "/usr/lib/python3.12/json/__init__.py", line 293, in load
    return loads(fp.read(),
           ^^^^^^^^^^^^^^^^
  File "/usr/lib/python3.12/json/__init__.py", line 346, in loads
    return _default_decoder.decode(s)
           ^^^^^^^^^^^^^^^^^^^^^^^^^^
  File "/usr/lib/python3.12/json/decoder.py", line 340, in decode
    raise JSONDecodeError("Extra data", s, end)
json.decoder.JSONDecodeError: Extra data: line 1 column 13979 (char 13978)
20:25:17 Traceback (most recent call last):
  File "/root/rocm-tests/bench/smc-read.py", line 12, in <module>
    m=json.load(open(MAP)) if os.path.exists(MAP) else build_map()
      ^^^^^^^^^^^^^^^^^^^^
  File "/usr/lib/python3.12/json/__init__.py", line 293, in load
    return loads(fp.read(),
           ^^^^^^^^^^^^^^^^
  File "/usr/lib/python3.12/json/__init__.py", line 346, in loads
    return _default_decoder.decode(s)
           ^^^^^^^^^^^^^^^^^^^^^^^^^^
  File "/usr/lib/python3.12/json/decoder.py", line 340, in decode
    raise JSONDecodeError("Extra data", s, end)
json.decoder.JSONDecodeError: Extra data: line 1 column 13979 (char 13978)
20:25:22 Traceback (most recent call last):
  File "/root/rocm-tests/bench/smc-read.py", line 12, in <module>
    m=json.load(open(MAP)) if os.path.exists(MAP) else build_map()
      ^^^^^^^^^^^^^^^^^^^^
  File "/usr/lib/python3.12/json/__init__.py", line 293, in load
    return loads(fp.read(),
           ^^^^^^^^^^^^^^^^
  File "/usr/lib/python3.12/json/__init__.py", line 346, in loads
    return _default_decoder.decode(s)
           ^^^^^^^^^^^^^^^^^^^^^^^^^^
  File "/usr/lib/python3.12/json/decoder.py", line 340, in decode
    raise JSONDecodeError("Extra data", s, end)
json.decoder.JSONDecodeError: Extra data: line 1 column 13979 (char 13978)
20:25:28 Traceback (most recent call last):
  File "/root/rocm-tests/bench/smc-read.py", line 12, in <module>
    m=json.load(open(MAP)) if os.path.exists(MAP) else build_map()
      ^^^^^^^^^^^^^^^^^^^^
  File "/usr/lib/python3.12/json/__init__.py", line 293, in load
    return loads(fp.read(),
           ^^^^^^^^^^^^^^^^
  File "/usr/lib/python3.12/json/__init__.py", line 346, in loads
    return _default_decoder.decode(s)
           ^^^^^^^^^^^^^^^^^^^^^^^^^^
  File "/usr/lib/python3.12/json/decoder.py", line 340, in decode
    raise JSONDecodeError("Extra data", s, end)
json.decoder.JSONDecodeError: Extra data: line 1 column 13979 (char 13978)
20:25:33 Traceback (most recent call last):
  File "/root/rocm-tests/bench/smc-read.py", line 12, in <module>
    m=json.load(open(MAP)) if os.path.exists(MAP) else build_map()
      ^^^^^^^^^^^^^^^^^^^^
  File "/usr/lib/python3.12/json/__init__.py", line 293, in load
    return loads(fp.read(),
           ^^^^^^^^^^^^^^^^
  File "/usr/lib/python3.12/json/__init__.py", line 346, in loads
    return _default_decoder.decode(s)
           ^^^^^^^^^^^^^^^^^^^^^^^^^^
  File "/usr/lib/python3.12/json/decoder.py", line 340, in decode
    raise JSONDecodeError("Extra data", s, end)
json.decoder.JSONDecodeError: Extra data: line 1 column 13979 (char 13978)
20:25:38 Traceback (most recent call last):
  File "/root/rocm-tests/bench/smc-read.py", line 12, in <module>
    m=json.load(open(MAP)) if os.path.exists(MAP) else build_map()
      ^^^^^^^^^^^^^^^^^^^^
  File "/usr/lib/python3.12/json/__init__.py", line 293, in load
    return loads(fp.read(),
           ^^^^^^^^^^^^^^^^
  File "/usr/lib/python3.12/json/__init__.py", line 346, in loads
    return _default_decoder.decode(s)
           ^^^^^^^^^^^^^^^^^^^^^^^^^^
  File "/usr/lib/python3.12/json/decoder.py", line 340, in decode
    raise JSONDecodeError("Extra data", s, end)
json.decoder.JSONDecodeError: Extra data: line 1 column 13979 (char 13978)
20:25:43 Traceback (most recent call last):
  File "/root/rocm-tests/bench/smc-read.py", line 12, in <module>
    m=json.load(open(MAP)) if os.path.exists(MAP) else build_map()
      ^^^^^^^^^^^^^^^^^^^^
  File "/usr/lib/python3.12/json/__init__.py", line 293, in load
    return loads(fp.read(),
           ^^^^^^^^^^^^^^^^
  File "/usr/lib/python3.12/json/__init__.py", line 346, in loads
    return _default_decoder.decode(s)
           ^^^^^^^^^^^^^^^^^^^^^^^^^^
  File "/usr/lib/python3.12/json/decoder.py", line 340, in decode
    raise JSONDecodeError("Extra data", s, end)
json.decoder.JSONDecodeError: Extra data: line 1 column 13979 (char 13978)
20:25:48 Traceback (most recent call last):
  File "/root/rocm-tests/bench/smc-read.py", line 12, in <module>
    m=json.load(open(MAP)) if os.path.exists(MAP) else build_map()
      ^^^^^^^^^^^^^^^^^^^^
  File "/usr/lib/python3.12/json/__init__.py", line 293, in load
    return loads(fp.read(),
           ^^^^^^^^^^^^^^^^
  File "/usr/lib/python3.12/json/__init__.py", line 346, in loads
    return _default_decoder.decode(s)
           ^^^^^^^^^^^^^^^^^^^^^^^^^^
  File "/usr/lib/python3.12/json/decoder.py", line 340, in decode
    raise JSONDecodeError("Extra data", s, end)
json.decoder.JSONDecodeError: Extra data: line 1 column 13979 (char 13978)
20:25:53 Traceback (most recent call last):
  File "/root/rocm-tests/bench/smc-read.py", line 12, in <module>
    m=json.load(open(MAP)) if os.path.exists(MAP) else build_map()
      ^^^^^^^^^^^^^^^^^^^^
  File "/usr/lib/python3.12/json/__init__.py", line 293, in load
    return loads(fp.read(),
           ^^^^^^^^^^^^^^^^
  File "/usr/lib/python3.12/json/__init__.py", line 346, in loads
    return _default_decoder.decode(s)
           ^^^^^^^^^^^^^^^^^^^^^^^^^^
  File "/usr/lib/python3.12/json/decoder.py", line 340, in decode
    raise JSONDecodeError("Extra data", s, end)
json.decoder.JSONDecodeError: Extra data: line 1 column 13979 (char 13978)
20:25:58 Traceback (most recent call last):
  File "/root/rocm-tests/bench/smc-read.py", line 12, in <module>
    m=json.load(open(MAP)) if os.path.exists(MAP) else build_map()
      ^^^^^^^^^^^^^^^^^^^^
  File "/usr/lib/python3.12/json/__init__.py", line 293, in load
    return loads(fp.read(),
           ^^^^^^^^^^^^^^^^
  File "/usr/lib/python3.12/json/__init__.py", line 346, in loads
    return _default_decoder.decode(s)
           ^^^^^^^^^^^^^^^^^^^^^^^^^^
  File "/usr/lib/python3.12/json/decoder.py", line 340, in decode
    raise JSONDecodeError("Extra data", s, end)
json.decoder.JSONDecodeError: Extra data: line 1 column 13979 (char 13978)
20:26:03 Traceback (most recent call last):
  File "/root/rocm-tests/bench/smc-read.py", line 12, in <module>
    m=json.load(open(MAP)) if os.path.exists(MAP) else build_map()
      ^^^^^^^^^^^^^^^^^^^^
  File "/usr/lib/python3.12/json/__init__.py", line 293, in load
    return loads(fp.read(),
           ^^^^^^^^^^^^^^^^
  File "/usr/lib/python3.12/json/__init__.py", line 346, in loads
    return _default_decoder.decode(s)
           ^^^^^^^^^^^^^^^^^^^^^^^^^^
  File "/usr/lib/python3.12/json/decoder.py", line 340, in decode
    raise JSONDecodeError("Extra data", s, end)
json.decoder.JSONDecodeError: Extra data: line 1 column 13979 (char 13978)
20:26:08 Traceback (most recent call last):
  File "/root/rocm-tests/bench/smc-read.py", line 12, in <module>
    m=json.load(open(MAP)) if os.path.exists(MAP) else build_map()
      ^^^^^^^^^^^^^^^^^^^^
  File "/usr/lib/python3.12/json/__init__.py", line 293, in load
    return loads(fp.read(),
           ^^^^^^^^^^^^^^^^
  File "/usr/lib/python3.12/json/__init__.py", line 346, in loads
    return _default_decoder.decode(s)
           ^^^^^^^^^^^^^^^^^^^^^^^^^^
  File "/usr/lib/python3.12/json/decoder.py", line 340, in decode
    raise JSONDecodeError("Extra data", s, end)
json.decoder.JSONDecodeError: Extra data: line 1 column 13979 (char 13978)
20:26:13 Traceback (most recent call last):
  File "/root/rocm-tests/bench/smc-read.py", line 12, in <module>
    m=json.load(open(MAP)) if os.path.exists(MAP) else build_map()
      ^^^^^^^^^^^^^^^^^^^^
  File "/usr/lib/python3.12/json/__init__.py", line 293, in load
    return loads(fp.read(),
           ^^^^^^^^^^^^^^^^
  File "/usr/lib/python3.12/json/__init__.py", line 346, in loads
    return _default_decoder.decode(s)
           ^^^^^^^^^^^^^^^^^^^^^^^^^^
  File "/usr/lib/python3.12/json/decoder.py", line 340, in decode
    raise JSONDecodeError("Extra data", s, end)
json.decoder.JSONDecodeError: Extra data: line 1 column 13979 (char 13978)
20:26:19 Traceback (most recent call last):
  File "/root/rocm-tests/bench/smc-read.py", line 12, in <module>
    m=json.load(open(MAP)) if os.path.exists(MAP) else build_map()
      ^^^^^^^^^^^^^^^^^^^^
  File "/usr/lib/python3.12/json/__init__.py", line 293, in load
    return loads(fp.read(),
           ^^^^^^^^^^^^^^^^
  File "/usr/lib/python3.12/json/__init__.py", line 346, in loads
    return _default_decoder.decode(s)
           ^^^^^^^^^^^^^^^^^^^^^^^^^^
  File "/usr/lib/python3.12/json/decoder.py", line 340, in decode
    raise JSONDecodeError("Extra data", s, end)
json.decoder.JSONDecodeError: Extra data: line 1 column 13979 (char 13978)
20:26:24 Traceback (most recent call last):
  File "/root/rocm-tests/bench/smc-read.py", line 12, in <module>
    m=json.load(open(MAP)) if os.path.exists(MAP) else build_map()
      ^^^^^^^^^^^^^^^^^^^^
  File "/usr/lib/python3.12/json/__init__.py", line 293, in load
    return loads(fp.read(),
           ^^^^^^^^^^^^^^^^
  File "/usr/lib/python3.12/json/__init__.py", line 346, in loads
    return _default_decoder.decode(s)
           ^^^^^^^^^^^^^^^^^^^^^^^^^^
  File "/usr/lib/python3.12/json/decoder.py", line 340, in decode
    raise JSONDecodeError("Extra data", s, end)
json.decoder.JSONDecodeError: Extra data: line 1 column 13979 (char 13978)
20:26:29 Traceback (most recent call last):
  File "/root/rocm-tests/bench/smc-read.py", line 12, in <module>
    m=json.load(open(MAP)) if os.path.exists(MAP) else build_map()
      ^^^^^^^^^^^^^^^^^^^^
  File "/usr/lib/python3.12/json/__init__.py", line 293, in load
    return loads(fp.read(),
           ^^^^^^^^^^^^^^^^
  File "/usr/lib/python3.12/json/__init__.py", line 346, in loads
    return _default_decoder.decode(s)
           ^^^^^^^^^^^^^^^^^^^^^^^^^^
  File "/usr/lib/python3.12/json/decoder.py", line 340, in decode
    raise JSONDecodeError("Extra data", s, end)
json.decoder.JSONDecodeError: Extra data: line 1 column 13979 (char 13978)
20:26:34 Traceback (most recent call last):
  File "/root/rocm-tests/bench/smc-read.py", line 12, in <module>
    m=json.load(open(MAP)) if os.path.exists(MAP) else build_map()
      ^^^^^^^^^^^^^^^^^^^^
  File "/usr/lib/python3.12/json/__init__.py", line 293, in load
    return loads(fp.read(),
           ^^^^^^^^^^^^^^^^
  File "/usr/lib/python3.12/json/__init__.py", line 346, in loads
    return _default_decoder.decode(s)
           ^^^^^^^^^^^^^^^^^^^^^^^^^^
  File "/usr/lib/python3.12/json/decoder.py", line 340, in decode
    raise JSONDecodeError("Extra data", s, end)
json.decoder.JSONDecodeError: Extra data: line 1 column 13979 (char 13978)
20:26:39 Traceback (most recent call last):
  File "/root/rocm-tests/bench/smc-read.py", line 12, in <module>
    m=json.load(open(MAP)) if os.path.exists(MAP) else build_map()
      ^^^^^^^^^^^^^^^^^^^^
  File "/usr/lib/python3.12/json/__init__.py", line 293, in load
    return loads(fp.read(),
           ^^^^^^^^^^^^^^^^
  File "/usr/lib/python3.12/json/__init__.py", line 346, in loads
    return _default_decoder.decode(s)
           ^^^^^^^^^^^^^^^^^^^^^^^^^^
  File "/usr/lib/python3.12/json/decoder.py", line 340, in decode
    raise JSONDecodeError("Extra data", s, end)
json.decoder.JSONDecodeError: Extra data: line 1 column 13979 (char 13978)
20:26:44 Traceback (most recent call last):
  File "/root/rocm-tests/bench/smc-read.py", line 12, in <module>
    m=json.load(open(MAP)) if os.path.exists(MAP) else build_map()
      ^^^^^^^^^^^^^^^^^^^^
  File "/usr/lib/python3.12/json/__init__.py", line 293, in load
    return loads(fp.read(),
           ^^^^^^^^^^^^^^^^
  File "/usr/lib/python3.12/json/__init__.py", line 346, in loads
    return _default_decoder.decode(s)
           ^^^^^^^^^^^^^^^^^^^^^^^^^^
  File "/usr/lib/python3.12/json/decoder.py", line 340, in decode
    raise JSONDecodeError("Extra data", s, end)
json.decoder.JSONDecodeError: Extra data: line 1 column 13979 (char 13978)
20:26:49 Traceback (most recent call last):
  File "/root/rocm-tests/bench/smc-read.py", line 12, in <module>
    m=json.load(open(MAP)) if os.path.exists(MAP) else build_map()
      ^^^^^^^^^^^^^^^^^^^^
  File "/usr/lib/python3.12/json/__init__.py", line 293, in load
    return loads(fp.read(),
           ^^^^^^^^^^^^^^^^
  File "/usr/lib/python3.12/json/__init__.py", line 346, in loads
    return _default_decoder.decode(s)
           ^^^^^^^^^^^^^^^^^^^^^^^^^^
  File "/usr/lib/python3.12/json/decoder.py", line 340, in decode
    raise JSONDecodeError("Extra data", s, end)
json.decoder.JSONDecodeError: Extra data: line 1 column 13979 (char 13978)
20:26:54 Traceback (most recent call last):
  File "/root/rocm-tests/bench/smc-read.py", line 12, in <module>
    m=json.load(open(MAP)) if os.path.exists(MAP) else build_map()
      ^^^^^^^^^^^^^^^^^^^^
  File "/usr/lib/python3.12/json/__init__.py", line 293, in load
    return loads(fp.read(),
           ^^^^^^^^^^^^^^^^
  File "/usr/lib/python3.12/json/__init__.py", line 346, in loads
    return _default_decoder.decode(s)
           ^^^^^^^^^^^^^^^^^^^^^^^^^^
  File "/usr/lib/python3.12/json/decoder.py", line 340, in decode
    raise JSONDecodeError("Extra data", s, end)
json.decoder.JSONDecodeError: Extra data: line 1 column 13979 (char 13978)
20:26:59 Traceback (most recent call last):
  File "/root/rocm-tests/bench/smc-read.py", line 12, in <module>
    m=json.load(open(MAP)) if os.path.exists(MAP) else build_map()
      ^^^^^^^^^^^^^^^^^^^^
  File "/usr/lib/python3.12/json/__init__.py", line 293, in load
    return loads(fp.read(),
           ^^^^^^^^^^^^^^^^
  File "/usr/lib/python3.12/json/__init__.py", line 346, in loads
    return _default_decoder.decode(s)
           ^^^^^^^^^^^^^^^^^^^^^^^^^^
  File "/usr/lib/python3.12/json/decoder.py", line 340, in decode
    raise JSONDecodeError("Extra data", s, end)
json.decoder.JSONDecodeError: Extra data: line 1 column 13979 (char 13978)
20:27:04 Traceback (most recent call last):
  File "/root/rocm-tests/bench/smc-read.py", line 12, in <module>
    m=json.load(open(MAP)) if os.path.exists(MAP) else build_map()
      ^^^^^^^^^^^^^^^^^^^^
  File "/usr/lib/python3.12/json/__init__.py", line 293, in load
    return loads(fp.read(),
           ^^^^^^^^^^^^^^^^
  File "/usr/lib/python3.12/json/__init__.py", line 346, in loads
    return _default_decoder.decode(s)
           ^^^^^^^^^^^^^^^^^^^^^^^^^^
  File "/usr/lib/python3.12/json/decoder.py", line 340, in decode
    raise JSONDecodeError("Extra data", s, end)
json.decoder.JSONDecodeError: Extra data: line 1 column 13979 (char 13978)
20:27:09 Traceback (most recent call last):
  File "/root/rocm-tests/bench/smc-read.py", line 12, in <module>
    m=json.load(open(MAP)) if os.path.exists(MAP) else build_map()
      ^^^^^^^^^^^^^^^^^^^^
  File "/usr/lib/python3.12/json/__init__.py", line 293, in load
    return loads(fp.read(),
           ^^^^^^^^^^^^^^^^
  File "/usr/lib/python3.12/json/__init__.py", line 346, in loads
    return _default_decoder.decode(s)
           ^^^^^^^^^^^^^^^^^^^^^^^^^^
  File "/usr/lib/python3.12/json/decoder.py", line 340, in decode
    raise JSONDecodeError("Extra data", s, end)
json.decoder.JSONDecodeError: Extra data: line 1 column 13979 (char 13978)
20:27:15 Traceback (most recent call last):
  File "/root/rocm-tests/bench/smc-read.py", line 12, in <module>
    m=json.load(open(MAP)) if os.path.exists(MAP) else build_map()
      ^^^^^^^^^^^^^^^^^^^^
  File "/usr/lib/python3.12/json/__init__.py", line 293, in load
    return loads(fp.read(),
           ^^^^^^^^^^^^^^^^
  File "/usr/lib/python3.12/json/__init__.py", line 346, in loads
    return _default_decoder.decode(s)
           ^^^^^^^^^^^^^^^^^^^^^^^^^^
  File "/usr/lib/python3.12/json/decoder.py", line 340, in decode
    raise JSONDecodeError("Extra data", s, end)
json.decoder.JSONDecodeError: Extra data: line 1 column 13979 (char 13978)
20:27:20 Traceback (most recent call last):
  File "/root/rocm-tests/bench/smc-read.py", line 12, in <module>
    m=json.load(open(MAP)) if os.path.exists(MAP) else build_map()
      ^^^^^^^^^^^^^^^^^^^^
  File "/usr/lib/python3.12/json/__init__.py", line 293, in load
    return loads(fp.read(),
           ^^^^^^^^^^^^^^^^
  File "/usr/lib/python3.12/json/__init__.py", line 346, in loads
    return _default_decoder.decode(s)
           ^^^^^^^^^^^^^^^^^^^^^^^^^^
  File "/usr/lib/python3.12/json/decoder.py", line 340, in decode
    raise JSONDecodeError("Extra data", s, end)
json.decoder.JSONDecodeError: Extra data: line 1 column 13979 (char 13978)
20:27:25 Traceback (most recent call last):
  File "/root/rocm-tests/bench/smc-read.py", line 12, in <module>
    m=json.load(open(MAP)) if os.path.exists(MAP) else build_map()
      ^^^^^^^^^^^^^^^^^^^^
  File "/usr/lib/python3.12/json/__init__.py", line 293, in load
    return loads(fp.read(),
           ^^^^^^^^^^^^^^^^
  File "/usr/lib/python3.12/json/__init__.py", line 346, in loads
    return _default_decoder.decode(s)
           ^^^^^^^^^^^^^^^^^^^^^^^^^^
  File "/usr/lib/python3.12/json/decoder.py", line 340, in decode
    raise JSONDecodeError("Extra data", s, end)
json.decoder.JSONDecodeError: Extra data: line 1 column 13979 (char 13978)
20:27:30 Traceback (most recent call last):
  File "/root/rocm-tests/bench/smc-read.py", line 12, in <module>
    m=json.load(open(MAP)) if os.path.exists(MAP) else build_map()
      ^^^^^^^^^^^^^^^^^^^^
  File "/usr/lib/python3.12/json/__init__.py", line 293, in load
    return loads(fp.read(),
           ^^^^^^^^^^^^^^^^
  File "/usr/lib/python3.12/json/__init__.py", line 346, in loads
    return _default_decoder.decode(s)
           ^^^^^^^^^^^^^^^^^^^^^^^^^^
  File "/usr/lib/python3.12/json/decoder.py", line 340, in decode
    raise JSONDecodeError("Extra data", s, end)
json.decoder.JSONDecodeError: Extra data: line 1 column 13979 (char 13978)
20:27:35 Traceback (most recent call last):
  File "/root/rocm-tests/bench/smc-read.py", line 12, in <module>
    m=json.load(open(MAP)) if os.path.exists(MAP) else build_map()
      ^^^^^^^^^^^^^^^^^^^^
  File "/usr/lib/python3.12/json/__init__.py", line 293, in load
    return loads(fp.read(),
           ^^^^^^^^^^^^^^^^
  File "/usr/lib/python3.12/json/__init__.py", line 346, in loads
    return _default_decoder.decode(s)
           ^^^^^^^^^^^^^^^^^^^^^^^^^^
  File "/usr/lib/python3.12/json/decoder.py", line 340, in decode
    raise JSONDecodeError("Extra data", s, end)
json.decoder.JSONDecodeError: Extra data: line 1 column 13979 (char 13978)
20:27:40 Traceback (most recent call last):
  File "/root/rocm-tests/bench/smc-read.py", line 12, in <module>
    m=json.load(open(MAP)) if os.path.exists(MAP) else build_map()
      ^^^^^^^^^^^^^^^^^^^^
  File "/usr/lib/python3.12/json/__init__.py", line 293, in load
    return loads(fp.read(),
           ^^^^^^^^^^^^^^^^
  File "/usr/lib/python3.12/json/__init__.py", line 346, in loads
    return _default_decoder.decode(s)
           ^^^^^^^^^^^^^^^^^^^^^^^^^^
  File "/usr/lib/python3.12/json/decoder.py", line 340, in decode
    raise JSONDecodeError("Extra data", s, end)
json.decoder.JSONDecodeError: Extra data: line 1 column 13979 (char 13978)
20:27:45 Traceback (most recent call last):
  File "/root/rocm-tests/bench/smc-read.py", line 12, in <module>
    m=json.load(open(MAP)) if os.path.exists(MAP) else build_map()
      ^^^^^^^^^^^^^^^^^^^^
  File "/usr/lib/python3.12/json/__init__.py", line 293, in load
    return loads(fp.read(),
           ^^^^^^^^^^^^^^^^
  File "/usr/lib/python3.12/json/__init__.py", line 346, in loads
    return _default_decoder.decode(s)
           ^^^^^^^^^^^^^^^^^^^^^^^^^^
  File "/usr/lib/python3.12/json/decoder.py", line 340, in decode
    raise JSONDecodeError("Extra data", s, end)
json.decoder.JSONDecodeError: Extra data: line 1 column 13979 (char 13978)
20:27:50 Traceback (most recent call last):
  File "/root/rocm-tests/bench/smc-read.py", line 12, in <module>
    m=json.load(open(MAP)) if os.path.exists(MAP) else build_map()
      ^^^^^^^^^^^^^^^^^^^^
  File "/usr/lib/python3.12/json/__init__.py", line 293, in load
    return loads(fp.read(),
           ^^^^^^^^^^^^^^^^
  File "/usr/lib/python3.12/json/__init__.py", line 346, in loads
    return _default_decoder.decode(s)
           ^^^^^^^^^^^^^^^^^^^^^^^^^^
  File "/usr/lib/python3.12/json/decoder.py", line 340, in decode
    raise JSONDecodeError("Extra data", s, end)
json.decoder.JSONDecodeError: Extra data: line 1 column 13979 (char 13978)
20:27:55 Traceback (most recent call last):
  File "/root/rocm-tests/bench/smc-read.py", line 12, in <module>
    m=json.load(open(MAP)) if os.path.exists(MAP) else build_map()
      ^^^^^^^^^^^^^^^^^^^^
  File "/usr/lib/python3.12/json/__init__.py", line 293, in load
    return loads(fp.read(),
           ^^^^^^^^^^^^^^^^
  File "/usr/lib/python3.12/json/__init__.py", line 346, in loads
    return _default_decoder.decode(s)
           ^^^^^^^^^^^^^^^^^^^^^^^^^^
  File "/usr/lib/python3.12/json/decoder.py", line 340, in decode
    raise JSONDecodeError("Extra data", s, end)
json.decoder.JSONDecodeError: Extra data: line 1 column 13979 (char 13978)
20:28:00 Traceback (most recent call last):
  File "/root/rocm-tests/bench/smc-read.py", line 12, in <module>
    m=json.load(open(MAP)) if os.path.exists(MAP) else build_map()
      ^^^^^^^^^^^^^^^^^^^^
  File "/usr/lib/python3.12/json/__init__.py", line 293, in load
    return loads(fp.read(),
           ^^^^^^^^^^^^^^^^
  File "/usr/lib/python3.12/json/__init__.py", line 346, in loads
    return _default_decoder.decode(s)
           ^^^^^^^^^^^^^^^^^^^^^^^^^^
  File "/usr/lib/python3.12/json/decoder.py", line 340, in decode
    raise JSONDecodeError("Extra data", s, end)
json.decoder.JSONDecodeError: Extra data: line 1 column 13979 (char 13978)
20:28:06 Traceback (most recent call last):
  File "/root/rocm-tests/bench/smc-read.py", line 12, in <module>
    m=json.load(open(MAP)) if os.path.exists(MAP) else build_map()
      ^^^^^^^^^^^^^^^^^^^^
  File "/usr/lib/python3.12/json/__init__.py", line 293, in load
    return loads(fp.read(),
           ^^^^^^^^^^^^^^^^
  File "/usr/lib/python3.12/json/__init__.py", line 346, in loads
    return _default_decoder.decode(s)
           ^^^^^^^^^^^^^^^^^^^^^^^^^^
  File "/usr/lib/python3.12/json/decoder.py", line 340, in decode
    raise JSONDecodeError("Extra data", s, end)
json.decoder.JSONDecodeError: Extra data: line 1 column 13979 (char 13978)
20:28:11 Traceback (most recent call last):
  File "/root/rocm-tests/bench/smc-read.py", line 12, in <module>
    m=json.load(open(MAP)) if os.path.exists(MAP) else build_map()
      ^^^^^^^^^^^^^^^^^^^^
  File "/usr/lib/python3.12/json/__init__.py", line 293, in load
    return loads(fp.read(),
           ^^^^^^^^^^^^^^^^
  File "/usr/lib/python3.12/json/__init__.py", line 346, in loads
    return _default_decoder.decode(s)
           ^^^^^^^^^^^^^^^^^^^^^^^^^^
  File "/usr/lib/python3.12/json/decoder.py", line 340, in decode
    raise JSONDecodeError("Extra data", s, end)
json.decoder.JSONDecodeError: Extra data: line 1 column 13979 (char 13978)
20:28:16 Traceback (most recent call last):
  File "/root/rocm-tests/bench/smc-read.py", line 12, in <module>
    m=json.load(open(MAP)) if os.path.exists(MAP) else build_map()
      ^^^^^^^^^^^^^^^^^^^^
  File "/usr/lib/python3.12/json/__init__.py", line 293, in load
    return loads(fp.read(),
           ^^^^^^^^^^^^^^^^
  File "/usr/lib/python3.12/json/__init__.py", line 346, in loads
    return _default_decoder.decode(s)
           ^^^^^^^^^^^^^^^^^^^^^^^^^^
  File "/usr/lib/python3.12/json/decoder.py", line 340, in decode
    raise JSONDecodeError("Extra data", s, end)
json.decoder.JSONDecodeError: Extra data: line 1 column 13979 (char 13978)
20:28:21 Traceback (most recent call last):
  File "/root/rocm-tests/bench/smc-read.py", line 12, in <module>
    m=json.load(open(MAP)) if os.path.exists(MAP) else build_map()
      ^^^^^^^^^^^^^^^^^^^^
  File "/usr/lib/python3.12/json/__init__.py", line 293, in load
    return loads(fp.read(),
           ^^^^^^^^^^^^^^^^
  File "/usr/lib/python3.12/json/__init__.py", line 346, in loads
    return _default_decoder.decode(s)
           ^^^^^^^^^^^^^^^^^^^^^^^^^^
  File "/usr/lib/python3.12/json/decoder.py", line 340, in decode
    raise JSONDecodeError("Extra data", s, end)
json.decoder.JSONDecodeError: Extra data: line 1 column 13979 (char 13978)
20:28:26 Traceback (most recent call last):
  File "/root/rocm-tests/bench/smc-read.py", line 12, in <module>
    m=json.load(open(MAP)) if os.path.exists(MAP) else build_map()
      ^^^^^^^^^^^^^^^^^^^^
  File "/usr/lib/python3.12/json/__init__.py", line 293, in load
    return loads(fp.read(),
           ^^^^^^^^^^^^^^^^
  File "/usr/lib/python3.12/json/__init__.py", line 346, in loads
    return _default_decoder.decode(s)
           ^^^^^^^^^^^^^^^^^^^^^^^^^^
  File "/usr/lib/python3.12/json/decoder.py", line 340, in decode
    raise JSONDecodeError("Extra data", s, end)
json.decoder.JSONDecodeError: Extra data: line 1 column 13979 (char 13978)
20:28:31 Traceback (most recent call last):
  File "/root/rocm-tests/bench/smc-read.py", line 12, in <module>
    m=json.load(open(MAP)) if os.path.exists(MAP) else build_map()
      ^^^^^^^^^^^^^^^^^^^^
  File "/usr/lib/python3.12/json/__init__.py", line 293, in load
    return loads(fp.read(),
           ^^^^^^^^^^^^^^^^
  File "/usr/lib/python3.12/json/__init__.py", line 346, in loads
    return _default_decoder.decode(s)
           ^^^^^^^^^^^^^^^^^^^^^^^^^^
  File "/usr/lib/python3.12/json/decoder.py", line 340, in decode
    raise JSONDecodeError("Extra data", s, end)
json.decoder.JSONDecodeError: Extra data: line 1 column 13979 (char 13978)
20:28:36 Traceback (most recent call last):
  File "/root/rocm-tests/bench/smc-read.py", line 12, in <module>
    m=json.load(open(MAP)) if os.path.exists(MAP) else build_map()
      ^^^^^^^^^^^^^^^^^^^^
  File "/usr/lib/python3.12/json/__init__.py", line 293, in load
    return loads(fp.read(),
           ^^^^^^^^^^^^^^^^
  File "/usr/lib/python3.12/json/__init__.py", line 346, in loads
    return _default_decoder.decode(s)
           ^^^^^^^^^^^^^^^^^^^^^^^^^^
  File "/usr/lib/python3.12/json/decoder.py", line 340, in decode
    raise JSONDecodeError("Extra data", s, end)
json.decoder.JSONDecodeError: Extra data: line 1 column 13979 (char 13978)
20:28:41 Traceback (most recent call last):
  File "/root/rocm-tests/bench/smc-read.py", line 12, in <module>
    m=json.load(open(MAP)) if os.path.exists(MAP) else build_map()
      ^^^^^^^^^^^^^^^^^^^^
  File "/usr/lib/python3.12/json/__init__.py", line 293, in load
    return loads(fp.read(),
           ^^^^^^^^^^^^^^^^
  File "/usr/lib/python3.12/json/__init__.py", line 346, in loads
    return _default_decoder.decode(s)
           ^^^^^^^^^^^^^^^^^^^^^^^^^^
  File "/usr/lib/python3.12/json/decoder.py", line 340, in decode
    raise JSONDecodeError("Extra data", s, end)
json.decoder.JSONDecodeError: Extra data: line 1 column 13979 (char 13978)
20:28:46 Traceback (most recent call last):
  File "/root/rocm-tests/bench/smc-read.py", line 12, in <module>
    m=json.load(open(MAP)) if os.path.exists(MAP) else build_map()
      ^^^^^^^^^^^^^^^^^^^^
  File "/usr/lib/python3.12/json/__init__.py", line 293, in load
    return loads(fp.read(),
           ^^^^^^^^^^^^^^^^
  File "/usr/lib/python3.12/json/__init__.py", line 346, in loads
    return _default_decoder.decode(s)
           ^^^^^^^^^^^^^^^^^^^^^^^^^^
  File "/usr/lib/python3.12/json/decoder.py", line 340, in decode
    raise JSONDecodeError("Extra data", s, end)
json.decoder.JSONDecodeError: Extra data: line 1 column 13979 (char 13978)
20:28:51 Traceback (most recent call last):
  File "/root/rocm-tests/bench/smc-read.py", line 12, in <module>
    m=json.load(open(MAP)) if os.path.exists(MAP) else build_map()
      ^^^^^^^^^^^^^^^^^^^^
  File "/usr/lib/python3.12/json/__init__.py", line 293, in load
    return loads(fp.read(),
           ^^^^^^^^^^^^^^^^
  File "/usr/lib/python3.12/json/__init__.py", line 346, in loads
    return _default_decoder.decode(s)
           ^^^^^^^^^^^^^^^^^^^^^^^^^^
  File "/usr/lib/python3.12/json/decoder.py", line 340, in decode
    raise JSONDecodeError("Extra data", s, end)
json.decoder.JSONDecodeError: Extra data: line 1 column 13979 (char 13978)
20:28:57 Traceback (most recent call last):
  File "/root/rocm-tests/bench/smc-read.py", line 12, in <module>
    m=json.load(open(MAP)) if os.path.exists(MAP) else build_map()
      ^^^^^^^^^^^^^^^^^^^^
  File "/usr/lib/python3.12/json/__init__.py", line 293, in load
    return loads(fp.read(),
           ^^^^^^^^^^^^^^^^
  File "/usr/lib/python3.12/json/__init__.py", line 346, in loads
    return _default_decoder.decode(s)
           ^^^^^^^^^^^^^^^^^^^^^^^^^^
  File "/usr/lib/python3.12/json/decoder.py", line 340, in decode
    raise JSONDecodeError("Extra data", s, end)
json.decoder.JSONDecodeError: Extra data: line 1 column 13979 (char 13978)
20:29:02 Traceback (most recent call last):
  File "/root/rocm-tests/bench/smc-read.py", line 12, in <module>
    m=json.load(open(MAP)) if os.path.exists(MAP) else build_map()
      ^^^^^^^^^^^^^^^^^^^^
  File "/usr/lib/python3.12/json/__init__.py", line 293, in load
    return loads(fp.read(),
           ^^^^^^^^^^^^^^^^
  File "/usr/lib/python3.12/json/__init__.py", line 346, in loads
    return _default_decoder.decode(s)
           ^^^^^^^^^^^^^^^^^^^^^^^^^^
  File "/usr/lib/python3.12/json/decoder.py", line 340, in decode
    raise JSONDecodeError("Extra data", s, end)
json.decoder.JSONDecodeError: Extra data: line 1 column 13979 (char 13978)
20:29:07 Traceback (most recent call last):
  File "/root/rocm-tests/bench/smc-read.py", line 12, in <module>
    m=json.load(open(MAP)) if os.path.exists(MAP) else build_map()
      ^^^^^^^^^^^^^^^^^^^^
  File "/usr/lib/python3.12/json/__init__.py", line 293, in load
    return loads(fp.read(),
           ^^^^^^^^^^^^^^^^
  File "/usr/lib/python3.12/json/__init__.py", line 346, in loads
    return _default_decoder.decode(s)
           ^^^^^^^^^^^^^^^^^^^^^^^^^^
  File "/usr/lib/python3.12/json/decoder.py", line 340, in decode
    raise JSONDecodeError("Extra data", s, end)
json.decoder.JSONDecodeError: Extra data: line 1 column 13979 (char 13978)
20:29:12 Traceback (most recent call last):
  File "/root/rocm-tests/bench/smc-read.py", line 12, in <module>
    m=json.load(open(MAP)) if os.path.exists(MAP) else build_map()
      ^^^^^^^^^^^^^^^^^^^^
  File "/usr/lib/python3.12/json/__init__.py", line 293, in load
    return loads(fp.read(),
           ^^^^^^^^^^^^^^^^
  File "/usr/lib/python3.12/json/__init__.py", line 346, in loads
    return _default_decoder.decode(s)
           ^^^^^^^^^^^^^^^^^^^^^^^^^^
  File "/usr/lib/python3.12/json/decoder.py", line 340, in decode
    raise JSONDecodeError("Extra data", s, end)
json.decoder.JSONDecodeError: Extra data: line 1 column 13979 (char 13978)
20:29:17 Traceback (most recent call last):
  File "/root/rocm-tests/bench/smc-read.py", line 12, in <module>
    m=json.load(open(MAP)) if os.path.exists(MAP) else build_map()
      ^^^^^^^^^^^^^^^^^^^^
  File "/usr/lib/python3.12/json/__init__.py", line 293, in load
    return loads(fp.read(),
           ^^^^^^^^^^^^^^^^
  File "/usr/lib/python3.12/json/__init__.py", line 346, in loads
    return _default_decoder.decode(s)
           ^^^^^^^^^^^^^^^^^^^^^^^^^^
  File "/usr/lib/python3.12/json/decoder.py", line 340, in decode
    raise JSONDecodeError("Extra data", s, end)
json.decoder.JSONDecodeError: Extra data: line 1 column 13979 (char 13978)
20:29:22 Traceback (most recent call last):
  File "/root/rocm-tests/bench/smc-read.py", line 12, in <module>
    m=json.load(open(MAP)) if os.path.exists(MAP) else build_map()
      ^^^^^^^^^^^^^^^^^^^^
  File "/usr/lib/python3.12/json/__init__.py", line 293, in load
    return loads(fp.read(),
           ^^^^^^^^^^^^^^^^
  File "/usr/lib/python3.12/json/__init__.py", line 346, in loads
    return _default_decoder.decode(s)
           ^^^^^^^^^^^^^^^^^^^^^^^^^^
  File "/usr/lib/python3.12/json/decoder.py", line 340, in decode
    raise JSONDecodeError("Extra data", s, end)
json.decoder.JSONDecodeError: Extra data: line 1 column 13979 (char 13978)
20:29:27 Traceback (most recent call last):
  File "/root/rocm-tests/bench/smc-read.py", line 12, in <module>
    m=json.load(open(MAP)) if os.path.exists(MAP) else build_map()
      ^^^^^^^^^^^^^^^^^^^^
  File "/usr/lib/python3.12/json/__init__.py", line 293, in load
    return loads(fp.read(),
           ^^^^^^^^^^^^^^^^
  File "/usr/lib/python3.12/json/__init__.py", line 346, in loads
    return _default_decoder.decode(s)
           ^^^^^^^^^^^^^^^^^^^^^^^^^^
  File "/usr/lib/python3.12/json/decoder.py", line 340, in decode
    raise JSONDecodeError("Extra data", s, end)
json.decoder.JSONDecodeError: Extra data: line 1 column 13979 (char 13978)
20:29:32 Traceback (most recent call last):
  File "/root/rocm-tests/bench/smc-read.py", line 12, in <module>
    m=json.load(open(MAP)) if os.path.exists(MAP) else build_map()
      ^^^^^^^^^^^^^^^^^^^^
  File "/usr/lib/python3.12/json/__init__.py", line 293, in load
    return loads(fp.read(),
           ^^^^^^^^^^^^^^^^
  File "/usr/lib/python3.12/json/__init__.py", line 346, in loads
    return _default_decoder.decode(s)
           ^^^^^^^^^^^^^^^^^^^^^^^^^^
  File "/usr/lib/python3.12/json/decoder.py", line 340, in decode
    raise JSONDecodeError("Extra data", s, end)
json.decoder.JSONDecodeError: Extra data: line 1 column 13979 (char 13978)
20:29:37 Traceback (most recent call last):
  File "/root/rocm-tests/bench/smc-read.py", line 12, in <module>
    m=json.load(open(MAP)) if os.path.exists(MAP) else build_map()
      ^^^^^^^^^^^^^^^^^^^^
  File "/usr/lib/python3.12/json/__init__.py", line 293, in load
    return loads(fp.read(),
           ^^^^^^^^^^^^^^^^
  File "/usr/lib/python3.12/json/__init__.py", line 346, in loads
    return _default_decoder.decode(s)
           ^^^^^^^^^^^^^^^^^^^^^^^^^^
  File "/usr/lib/python3.12/json/decoder.py", line 340, in decode
    raise JSONDecodeError("Extra data", s, end)
json.decoder.JSONDecodeError: Extra data: line 1 column 13979 (char 13978)
20:29:42 Traceback (most recent call last):
  File "/root/rocm-tests/bench/smc-read.py", line 12, in <module>
    m=json.load(open(MAP)) if os.path.exists(MAP) else build_map()
      ^^^^^^^^^^^^^^^^^^^^
  File "/usr/lib/python3.12/json/__init__.py", line 293, in load
    return loads(fp.read(),
           ^^^^^^^^^^^^^^^^
  File "/usr/lib/python3.12/json/__init__.py", line 346, in loads
    return _default_decoder.decode(s)
           ^^^^^^^^^^^^^^^^^^^^^^^^^^
  File "/usr/lib/python3.12/json/decoder.py", line 340, in decode
    raise JSONDecodeError("Extra data", s, end)
json.decoder.JSONDecodeError: Extra data: line 1 column 13979 (char 13978)
20:29:47 Traceback (most recent call last):
  File "/root/rocm-tests/bench/smc-read.py", line 12, in <module>
    m=json.load(open(MAP)) if os.path.exists(MAP) else build_map()
      ^^^^^^^^^^^^^^^^^^^^
  File "/usr/lib/python3.12/json/__init__.py", line 293, in load
    return loads(fp.read(),
           ^^^^^^^^^^^^^^^^
  File "/usr/lib/python3.12/json/__init__.py", line 346, in loads
    return _default_decoder.decode(s)
           ^^^^^^^^^^^^^^^^^^^^^^^^^^
  File "/usr/lib/python3.12/json/decoder.py", line 340, in decode
    raise JSONDecodeError("Extra data", s, end)
json.decoder.JSONDecodeError: Extra data: line 1 column 13979 (char 13978)
20:29:53 Traceback (most recent call last):
  File "/root/rocm-tests/bench/smc-read.py", line 12, in <module>
    m=json.load(open(MAP)) if os.path.exists(MAP) else build_map()
      ^^^^^^^^^^^^^^^^^^^^
  File "/usr/lib/python3.12/json/__init__.py", line 293, in load
    return loads(fp.read(),
           ^^^^^^^^^^^^^^^^
  File "/usr/lib/python3.12/json/__init__.py", line 346, in loads
    return _default_decoder.decode(s)
           ^^^^^^^^^^^^^^^^^^^^^^^^^^
  File "/usr/lib/python3.12/json/decoder.py", line 340, in decode
    raise JSONDecodeError("Extra data", s, end)
json.decoder.JSONDecodeError: Extra data: line 1 column 13979 (char 13978)
20:29:58 Traceback (most recent call last):
  File "/root/rocm-tests/bench/smc-read.py", line 12, in <module>
    m=json.load(open(MAP)) if os.path.exists(MAP) else build_map()
      ^^^^^^^^^^^^^^^^^^^^
  File "/usr/lib/python3.12/json/__init__.py", line 293, in load
    return loads(fp.read(),
           ^^^^^^^^^^^^^^^^
  File "/usr/lib/python3.12/json/__init__.py", line 346, in loads
    return _default_decoder.decode(s)
           ^^^^^^^^^^^^^^^^^^^^^^^^^^
  File "/usr/lib/python3.12/json/decoder.py", line 340, in decode
    raise JSONDecodeError("Extra data", s, end)
json.decoder.JSONDecodeError: Extra data: line 1 column 13979 (char 13978)
20:30:03 Traceback (most recent call last):
  File "/root/rocm-tests/bench/smc-read.py", line 12, in <module>
    m=json.load(open(MAP)) if os.path.exists(MAP) else build_map()
      ^^^^^^^^^^^^^^^^^^^^
  File "/usr/lib/python3.12/json/__init__.py", line 293, in load
    return loads(fp.read(),
           ^^^^^^^^^^^^^^^^
  File "/usr/lib/python3.12/json/__init__.py", line 346, in loads
    return _default_decoder.decode(s)
           ^^^^^^^^^^^^^^^^^^^^^^^^^^
  File "/usr/lib/python3.12/json/decoder.py", line 340, in decode
    raise JSONDecodeError("Extra data", s, end)
json.decoder.JSONDecodeError: Extra data: line 1 column 13979 (char 13978)
20:30:08 Traceback (most recent call last):
  File "/root/rocm-tests/bench/smc-read.py", line 12, in <module>
    m=json.load(open(MAP)) if os.path.exists(MAP) else build_map()
      ^^^^^^^^^^^^^^^^^^^^
  File "/usr/lib/python3.12/json/__init__.py", line 293, in load
    return loads(fp.read(),
           ^^^^^^^^^^^^^^^^
  File "/usr/lib/python3.12/json/__init__.py", line 346, in loads
    return _default_decoder.decode(s)
           ^^^^^^^^^^^^^^^^^^^^^^^^^^
  File "/usr/lib/python3.12/json/decoder.py", line 340, in decode
    raise JSONDecodeError("Extra data", s, end)
json.decoder.JSONDecodeError: Extra data: line 1 column 13979 (char 13978)
20:30:13 Traceback (most recent call last):
  File "/root/rocm-tests/bench/smc-read.py", line 12, in <module>
    m=json.load(open(MAP)) if os.path.exists(MAP) else build_map()
      ^^^^^^^^^^^^^^^^^^^^
  File "/usr/lib/python3.12/json/__init__.py", line 293, in load
    return loads(fp.read(),
           ^^^^^^^^^^^^^^^^
  File "/usr/lib/python3.12/json/__init__.py", line 346, in loads
    return _default_decoder.decode(s)
           ^^^^^^^^^^^^^^^^^^^^^^^^^^
  File "/usr/lib/python3.12/json/decoder.py", line 340, in decode
    raise JSONDecodeError("Extra data", s, end)
json.decoder.JSONDecodeError: Extra data: line 1 column 13979 (char 13978)
20:30:18 Traceback (most recent call last):
  File "/root/rocm-tests/bench/smc-read.py", line 12, in <module>
    m=json.load(open(MAP)) if os.path.exists(MAP) else build_map()
      ^^^^^^^^^^^^^^^^^^^^
  File "/usr/lib/python3.12/json/__init__.py", line 293, in load
    return loads(fp.read(),
           ^^^^^^^^^^^^^^^^
  File "/usr/lib/python3.12/json/__init__.py", line 346, in loads
    return _default_decoder.decode(s)
           ^^^^^^^^^^^^^^^^^^^^^^^^^^
  File "/usr/lib/python3.12/json/decoder.py", line 340, in decode
    raise JSONDecodeError("Extra data", s, end)
json.decoder.JSONDecodeError: Extra data: line 1 column 13979 (char 13978)
20:30:23 Traceback (most recent call last):
  File "/root/rocm-tests/bench/smc-read.py", line 12, in <module>
    m=json.load(open(MAP)) if os.path.exists(MAP) else build_map()
      ^^^^^^^^^^^^^^^^^^^^
  File "/usr/lib/python3.12/json/__init__.py", line 293, in load
    return loads(fp.read(),
           ^^^^^^^^^^^^^^^^
  File "/usr/lib/python3.12/json/__init__.py", line 346, in loads
    return _default_decoder.decode(s)
           ^^^^^^^^^^^^^^^^^^^^^^^^^^
  File "/usr/lib/python3.12/json/decoder.py", line 340, in decode
    raise JSONDecodeError("Extra data", s, end)
json.decoder.JSONDecodeError: Extra data: line 1 column 13979 (char 13978)
20:30:28 Traceback (most recent call last):
  File "/root/rocm-tests/bench/smc-read.py", line 12, in <module>
    m=json.load(open(MAP)) if os.path.exists(MAP) else build_map()
      ^^^^^^^^^^^^^^^^^^^^
  File "/usr/lib/python3.12/json/__init__.py", line 293, in load
    return loads(fp.read(),
           ^^^^^^^^^^^^^^^^
  File "/usr/lib/python3.12/json/__init__.py", line 346, in loads
    return _default_decoder.decode(s)
           ^^^^^^^^^^^^^^^^^^^^^^^^^^
  File "/usr/lib/python3.12/json/decoder.py", line 340, in decode
    raise JSONDecodeError("Extra data", s, end)
json.decoder.JSONDecodeError: Extra data: line 1 column 13979 (char 13978)
20:30:33 Traceback (most recent call last):
  File "/root/rocm-tests/bench/smc-read.py", line 12, in <module>
    m=json.load(open(MAP)) if os.path.exists(MAP) else build_map()
      ^^^^^^^^^^^^^^^^^^^^
  File "/usr/lib/python3.12/json/__init__.py", line 293, in load
    return loads(fp.read(),
           ^^^^^^^^^^^^^^^^
  File "/usr/lib/python3.12/json/__init__.py", line 346, in loads
    return _default_decoder.decode(s)
           ^^^^^^^^^^^^^^^^^^^^^^^^^^
  File "/usr/lib/python3.12/json/decoder.py", line 340, in decode
    raise JSONDecodeError("Extra data", s, end)
json.decoder.JSONDecodeError: Extra data: line 1 column 13979 (char 13978)
20:30:38 Traceback (most recent call last):
  File "/root/rocm-tests/bench/smc-read.py", line 12, in <module>
    m=json.load(open(MAP)) if os.path.exists(MAP) else build_map()
      ^^^^^^^^^^^^^^^^^^^^
  File "/usr/lib/python3.12/json/__init__.py", line 293, in load
    return loads(fp.read(),
           ^^^^^^^^^^^^^^^^
  File "/usr/lib/python3.12/json/__init__.py", line 346, in loads
    return _default_decoder.decode(s)
           ^^^^^^^^^^^^^^^^^^^^^^^^^^
  File "/usr/lib/python3.12/json/decoder.py", line 340, in decode
    raise JSONDecodeError("Extra data", s, end)
json.decoder.JSONDecodeError: Extra data: line 1 column 13979 (char 13978)
20:30:44 Traceback (most recent call last):
  File "/root/rocm-tests/bench/smc-read.py", line 12, in <module>
    m=json.load(open(MAP)) if os.path.exists(MAP) else build_map()
      ^^^^^^^^^^^^^^^^^^^^
  File "/usr/lib/python3.12/json/__init__.py", line 293, in load
    return loads(fp.read(),
           ^^^^^^^^^^^^^^^^
  File "/usr/lib/python3.12/json/__init__.py", line 346, in loads
    return _default_decoder.decode(s)
           ^^^^^^^^^^^^^^^^^^^^^^^^^^
  File "/usr/lib/python3.12/json/decoder.py", line 340, in decode
    raise JSONDecodeError("Extra data", s, end)
json.decoder.JSONDecodeError: Extra data: line 1 column 13979 (char 13978)
20:30:49 Traceback (most recent call last):
  File "/root/rocm-tests/bench/smc-read.py", line 12, in <module>
    m=json.load(open(MAP)) if os.path.exists(MAP) else build_map()
      ^^^^^^^^^^^^^^^^^^^^
  File "/usr/lib/python3.12/json/__init__.py", line 293, in load
    return loads(fp.read(),
           ^^^^^^^^^^^^^^^^
  File "/usr/lib/python3.12/json/__init__.py", line 346, in loads
    return _default_decoder.decode(s)
           ^^^^^^^^^^^^^^^^^^^^^^^^^^
  File "/usr/lib/python3.12/json/decoder.py", line 340, in decode
    raise JSONDecodeError("Extra data", s, end)
json.decoder.JSONDecodeError: Extra data: line 1 column 13979 (char 13978)
20:30:54 Traceback (most recent call last):
  File "/root/rocm-tests/bench/smc-read.py", line 12, in <module>
    m=json.load(open(MAP)) if os.path.exists(MAP) else build_map()
      ^^^^^^^^^^^^^^^^^^^^
  File "/usr/lib/python3.12/json/__init__.py", line 293, in load
    return loads(fp.read(),
           ^^^^^^^^^^^^^^^^
  File "/usr/lib/python3.12/json/__init__.py", line 346, in loads
    return _default_decoder.decode(s)
           ^^^^^^^^^^^^^^^^^^^^^^^^^^
  File "/usr/lib/python3.12/json/decoder.py", line 340, in decode
    raise JSONDecodeError("Extra data", s, end)
json.decoder.JSONDecodeError: Extra data: line 1 column 13979 (char 13978)
20:30:59 Traceback (most recent call last):
  File "/root/rocm-tests/bench/smc-read.py", line 12, in <module>
    m=json.load(open(MAP)) if os.path.exists(MAP) else build_map()
      ^^^^^^^^^^^^^^^^^^^^
  File "/usr/lib/python3.12/json/__init__.py", line 293, in load
    return loads(fp.read(),
           ^^^^^^^^^^^^^^^^
  File "/usr/lib/python3.12/json/__init__.py", line 346, in loads
    return _default_decoder.decode(s)
           ^^^^^^^^^^^^^^^^^^^^^^^^^^
  File "/usr/lib/python3.12/json/decoder.py", line 340, in decode
    raise JSONDecodeError("Extra data", s, end)
json.decoder.JSONDecodeError: Extra data: line 1 column 13979 (char 13978)
20:31:04 Traceback (most recent call last):
  File "/root/rocm-tests/bench/smc-read.py", line 12, in <module>
    m=json.load(open(MAP)) if os.path.exists(MAP) else build_map()
      ^^^^^^^^^^^^^^^^^^^^
  File "/usr/lib/python3.12/json/__init__.py", line 293, in load
    return loads(fp.read(),
           ^^^^^^^^^^^^^^^^
  File "/usr/lib/python3.12/json/__init__.py", line 346, in loads
    return _default_decoder.decode(s)
           ^^^^^^^^^^^^^^^^^^^^^^^^^^
  File "/usr/lib/python3.12/json/decoder.py", line 340, in decode
    raise JSONDecodeError("Extra data", s, end)
json.decoder.JSONDecodeError: Extra data: line 1 column 13979 (char 13978)
20:31:09 Traceback (most recent call last):
  File "/root/rocm-tests/bench/smc-read.py", line 12, in <module>
    m=json.load(open(MAP)) if os.path.exists(MAP) else build_map()
      ^^^^^^^^^^^^^^^^^^^^
  File "/usr/lib/python3.12/json/__init__.py", line 293, in load
    return loads(fp.read(),
           ^^^^^^^^^^^^^^^^
  File "/usr/lib/python3.12/json/__init__.py", line 346, in loads
    return _default_decoder.decode(s)
           ^^^^^^^^^^^^^^^^^^^^^^^^^^
  File "/usr/lib/python3.12/json/decoder.py", line 340, in decode
    raise JSONDecodeError("Extra data", s, end)
json.decoder.JSONDecodeError: Extra data: line 1 column 13979 (char 13978)
20:31:14 Traceback (most recent call last):
  File "/root/rocm-tests/bench/smc-read.py", line 12, in <module>
    m=json.load(open(MAP)) if os.path.exists(MAP) else build_map()
      ^^^^^^^^^^^^^^^^^^^^
  File "/usr/lib/python3.12/json/__init__.py", line 293, in load
    return loads(fp.read(),
           ^^^^^^^^^^^^^^^^
  File "/usr/lib/python3.12/json/__init__.py", line 346, in loads
    return _default_decoder.decode(s)
           ^^^^^^^^^^^^^^^^^^^^^^^^^^
  File "/usr/lib/python3.12/json/decoder.py", line 340, in decode
    raise JSONDecodeError("Extra data", s, end)
json.decoder.JSONDecodeError: Extra data: line 1 column 13979 (char 13978)
20:31:19 Traceback (most recent call last):
  File "/root/rocm-tests/bench/smc-read.py", line 12, in <module>
    m=json.load(open(MAP)) if os.path.exists(MAP) else build_map()
      ^^^^^^^^^^^^^^^^^^^^
  File "/usr/lib/python3.12/json/__init__.py", line 293, in load
    return loads(fp.read(),
           ^^^^^^^^^^^^^^^^
  File "/usr/lib/python3.12/json/__init__.py", line 346, in loads
    return _default_decoder.decode(s)
           ^^^^^^^^^^^^^^^^^^^^^^^^^^
  File "/usr/lib/python3.12/json/decoder.py", line 340, in decode
    raise JSONDecodeError("Extra data", s, end)
json.decoder.JSONDecodeError: Extra data: line 1 column 13979 (char 13978)
20:31:24 Traceback (most recent call last):
  File "/root/rocm-tests/bench/smc-read.py", line 12, in <module>
    m=json.load(open(MAP)) if os.path.exists(MAP) else build_map()
      ^^^^^^^^^^^^^^^^^^^^
  File "/usr/lib/python3.12/json/__init__.py", line 293, in load
    return loads(fp.read(),
           ^^^^^^^^^^^^^^^^
  File "/usr/lib/python3.12/json/__init__.py", line 346, in loads
    return _default_decoder.decode(s)
           ^^^^^^^^^^^^^^^^^^^^^^^^^^
  File "/usr/lib/python3.12/json/decoder.py", line 340, in decode
    raise JSONDecodeError("Extra data", s, end)
json.decoder.JSONDecodeError: Extra data: line 1 column 13979 (char 13978)
20:31:29 Traceback (most recent call last):
  File "/root/rocm-tests/bench/smc-read.py", line 12, in <module>
    m=json.load(open(MAP)) if os.path.exists(MAP) else build_map()
      ^^^^^^^^^^^^^^^^^^^^
  File "/usr/lib/python3.12/json/__init__.py", line 293, in load
    return loads(fp.read(),
           ^^^^^^^^^^^^^^^^
  File "/usr/lib/python3.12/json/__init__.py", line 346, in loads
    return _default_decoder.decode(s)
           ^^^^^^^^^^^^^^^^^^^^^^^^^^
  File "/usr/lib/python3.12/json/decoder.py", line 340, in decode
    raise JSONDecodeError("Extra data", s, end)
json.decoder.JSONDecodeError: Extra data: line 1 column 13979 (char 13978)
20:31:35 Traceback (most recent call last):
  File "/root/rocm-tests/bench/smc-read.py", line 12, in <module>
    m=json.load(open(MAP)) if os.path.exists(MAP) else build_map()
      ^^^^^^^^^^^^^^^^^^^^
  File "/usr/lib/python3.12/json/__init__.py", line 293, in load
    return loads(fp.read(),
           ^^^^^^^^^^^^^^^^
  File "/usr/lib/python3.12/json/__init__.py", line 346, in loads
    return _default_decoder.decode(s)
           ^^^^^^^^^^^^^^^^^^^^^^^^^^
  File "/usr/lib/python3.12/json/decoder.py", line 340, in decode
    raise JSONDecodeError("Extra data", s, end)
json.decoder.JSONDecodeError: Extra data: line 1 column 13979 (char 13978)
20:31:40 Traceback (most recent call last):
  File "/root/rocm-tests/bench/smc-read.py", line 12, in <module>
    m=json.load(open(MAP)) if os.path.exists(MAP) else build_map()
      ^^^^^^^^^^^^^^^^^^^^
  File "/usr/lib/python3.12/json/__init__.py", line 293, in load
    return loads(fp.read(),
           ^^^^^^^^^^^^^^^^
  File "/usr/lib/python3.12/json/__init__.py", line 346, in loads
    return _default_decoder.decode(s)
           ^^^^^^^^^^^^^^^^^^^^^^^^^^
  File "/usr/lib/python3.12/json/decoder.py", line 340, in decode
    raise JSONDecodeError("Extra data", s, end)
json.decoder.JSONDecodeError: Extra data: line 1 column 13979 (char 13978)
20:31:45 Traceback (most recent call last):
  File "/root/rocm-tests/bench/smc-read.py", line 12, in <module>
    m=json.load(open(MAP)) if os.path.exists(MAP) else build_map()
      ^^^^^^^^^^^^^^^^^^^^
  File "/usr/lib/python3.12/json/__init__.py", line 293, in load
    return loads(fp.read(),
           ^^^^^^^^^^^^^^^^
  File "/usr/lib/python3.12/json/__init__.py", line 346, in loads
    return _default_decoder.decode(s)
           ^^^^^^^^^^^^^^^^^^^^^^^^^^
  File "/usr/lib/python3.12/json/decoder.py", line 340, in decode
    raise JSONDecodeError("Extra data", s, end)
json.decoder.JSONDecodeError: Extra data: line 1 column 13979 (char 13978)
20:31:50 Traceback (most recent call last):
  File "/root/rocm-tests/bench/smc-read.py", line 12, in <module>
    m=json.load(open(MAP)) if os.path.exists(MAP) else build_map()
      ^^^^^^^^^^^^^^^^^^^^
  File "/usr/lib/python3.12/json/__init__.py", line 293, in load
    return loads(fp.read(),
           ^^^^^^^^^^^^^^^^
  File "/usr/lib/python3.12/json/__init__.py", line 346, in loads
    return _default_decoder.decode(s)
           ^^^^^^^^^^^^^^^^^^^^^^^^^^
  File "/usr/lib/python3.12/json/decoder.py", line 340, in decode
    raise JSONDecodeError("Extra data", s, end)
json.decoder.JSONDecodeError: Extra data: line 1 column 13979 (char 13978)
20:31:55 Traceback (most recent call last):
  File "/root/rocm-tests/bench/smc-read.py", line 12, in <module>
    m=json.load(open(MAP)) if os.path.exists(MAP) else build_map()
      ^^^^^^^^^^^^^^^^^^^^
  File "/usr/lib/python3.12/json/__init__.py", line 293, in load
    return loads(fp.read(),
           ^^^^^^^^^^^^^^^^
  File "/usr/lib/python3.12/json/__init__.py", line 346, in loads
    return _default_decoder.decode(s)
           ^^^^^^^^^^^^^^^^^^^^^^^^^^
  File "/usr/lib/python3.12/json/decoder.py", line 340, in decode
    raise JSONDecodeError("Extra data", s, end)
json.decoder.JSONDecodeError: Extra data: line 1 column 13979 (char 13978)
20:32:00 Traceback (most recent call last):
  File "/root/rocm-tests/bench/smc-read.py", line 12, in <module>
    m=json.load(open(MAP)) if os.path.exists(MAP) else build_map()
      ^^^^^^^^^^^^^^^^^^^^
  File "/usr/lib/python3.12/json/__init__.py", line 293, in load
    return loads(fp.read(),
           ^^^^^^^^^^^^^^^^
  File "/usr/lib/python3.12/json/__init__.py", line 346, in loads
    return _default_decoder.decode(s)
           ^^^^^^^^^^^^^^^^^^^^^^^^^^
  File "/usr/lib/python3.12/json/decoder.py", line 340, in decode
    raise JSONDecodeError("Extra data", s, end)
json.decoder.JSONDecodeError: Extra data: line 1 column 13979 (char 13978)
20:32:05 Traceback (most recent call last):
  File "/root/rocm-tests/bench/smc-read.py", line 12, in <module>
    m=json.load(open(MAP)) if os.path.exists(MAP) else build_map()
      ^^^^^^^^^^^^^^^^^^^^
  File "/usr/lib/python3.12/json/__init__.py", line 293, in load
    return loads(fp.read(),
           ^^^^^^^^^^^^^^^^
  File "/usr/lib/python3.12/json/__init__.py", line 346, in loads
    return _default_decoder.decode(s)
           ^^^^^^^^^^^^^^^^^^^^^^^^^^
  File "/usr/lib/python3.12/json/decoder.py", line 340, in decode
    raise JSONDecodeError("Extra data", s, end)
json.decoder.JSONDecodeError: Extra data: line 1 column 13979 (char 13978)
20:32:10 Traceback (most recent call last):
  File "/root/rocm-tests/bench/smc-read.py", line 12, in <module>
    m=json.load(open(MAP)) if os.path.exists(MAP) else build_map()
      ^^^^^^^^^^^^^^^^^^^^
  File "/usr/lib/python3.12/json/__init__.py", line 293, in load
    return loads(fp.read(),
           ^^^^^^^^^^^^^^^^
  File "/usr/lib/python3.12/json/__init__.py", line 346, in loads
    return _default_decoder.decode(s)
           ^^^^^^^^^^^^^^^^^^^^^^^^^^
  File "/usr/lib/python3.12/json/decoder.py", line 340, in decode
    raise JSONDecodeError("Extra data", s, end)
json.decoder.JSONDecodeError: Extra data: line 1 column 13979 (char 13978)
20:32:15 Traceback (most recent call last):
  File "/root/rocm-tests/bench/smc-read.py", line 12, in <module>
    m=json.load(open(MAP)) if os.path.exists(MAP) else build_map()
      ^^^^^^^^^^^^^^^^^^^^
  File "/usr/lib/python3.12/json/__init__.py", line 293, in load
    return loads(fp.read(),
           ^^^^^^^^^^^^^^^^
  File "/usr/lib/python3.12/json/__init__.py", line 346, in loads
    return _default_decoder.decode(s)
           ^^^^^^^^^^^^^^^^^^^^^^^^^^
  File "/usr/lib/python3.12/json/decoder.py", line 340, in decode
    raise JSONDecodeError("Extra data", s, end)
json.decoder.JSONDecodeError: Extra data: line 1 column 13979 (char 13978)
20:32:20 Traceback (most recent call last):
  File "/root/rocm-tests/bench/smc-read.py", line 12, in <module>
    m=json.load(open(MAP)) if os.path.exists(MAP) else build_map()
      ^^^^^^^^^^^^^^^^^^^^
  File "/usr/lib/python3.12/json/__init__.py", line 293, in load
    return loads(fp.read(),
           ^^^^^^^^^^^^^^^^
  File "/usr/lib/python3.12/json/__init__.py", line 346, in loads
    return _default_decoder.decode(s)
           ^^^^^^^^^^^^^^^^^^^^^^^^^^
  File "/usr/lib/python3.12/json/decoder.py", line 340, in decode
    raise JSONDecodeError("Extra data", s, end)
json.decoder.JSONDecodeError: Extra data: line 1 column 13979 (char 13978)
20:32:25 Traceback (most recent call last):
  File "/root/rocm-tests/bench/smc-read.py", line 12, in <module>
    m=json.load(open(MAP)) if os.path.exists(MAP) else build_map()
      ^^^^^^^^^^^^^^^^^^^^
  File "/usr/lib/python3.12/json/__init__.py", line 293, in load
    return loads(fp.read(),
           ^^^^^^^^^^^^^^^^
  File "/usr/lib/python3.12/json/__init__.py", line 346, in loads
    return _default_decoder.decode(s)
           ^^^^^^^^^^^^^^^^^^^^^^^^^^
  File "/usr/lib/python3.12/json/decoder.py", line 340, in decode
    raise JSONDecodeError("Extra data", s, end)
json.decoder.JSONDecodeError: Extra data: line 1 column 13979 (char 13978)
20:32:31 Traceback (most recent call last):
  File "/root/rocm-tests/bench/smc-read.py", line 12, in <module>
    m=json.load(open(MAP)) if os.path.exists(MAP) else build_map()
      ^^^^^^^^^^^^^^^^^^^^
  File "/usr/lib/python3.12/json/__init__.py", line 293, in load
    return loads(fp.read(),
           ^^^^^^^^^^^^^^^^
  File "/usr/lib/python3.12/json/__init__.py", line 346, in loads
    return _default_decoder.decode(s)
           ^^^^^^^^^^^^^^^^^^^^^^^^^^
  File "/usr/lib/python3.12/json/decoder.py", line 340, in decode
    raise JSONDecodeError("Extra data", s, end)
json.decoder.JSONDecodeError: Extra data: line 1 column 13979 (char 13978)
20:32:36 Traceback (most recent call last):
  File "/root/rocm-tests/bench/smc-read.py", line 12, in <module>
    m=json.load(open(MAP)) if os.path.exists(MAP) else build_map()
      ^^^^^^^^^^^^^^^^^^^^
  File "/usr/lib/python3.12/json/__init__.py", line 293, in load
    return loads(fp.read(),
           ^^^^^^^^^^^^^^^^
  File "/usr/lib/python3.12/json/__init__.py", line 346, in loads
    return _default_decoder.decode(s)
           ^^^^^^^^^^^^^^^^^^^^^^^^^^
  File "/usr/lib/python3.12/json/decoder.py", line 340, in decode
    raise JSONDecodeError("Extra data", s, end)
json.decoder.JSONDecodeError: Extra data: line 1 column 13979 (char 13978)
20:32:41 Traceback (most recent call last):
  File "/root/rocm-tests/bench/smc-read.py", line 12, in <module>
    m=json.load(open(MAP)) if os.path.exists(MAP) else build_map()
      ^^^^^^^^^^^^^^^^^^^^
  File "/usr/lib/python3.12/json/__init__.py", line 293, in load
    return loads(fp.read(),
           ^^^^^^^^^^^^^^^^
  File "/usr/lib/python3.12/json/__init__.py", line 346, in loads
    return _default_decoder.decode(s)
           ^^^^^^^^^^^^^^^^^^^^^^^^^^
  File "/usr/lib/python3.12/json/decoder.py", line 340, in decode
    raise JSONDecodeError("Extra data", s, end)
json.decoder.JSONDecodeError: Extra data: line 1 column 13979 (char 13978)
20:32:46 Traceback (most recent call last):
  File "/root/rocm-tests/bench/smc-read.py", line 12, in <module>
    m=json.load(open(MAP)) if os.path.exists(MAP) else build_map()
      ^^^^^^^^^^^^^^^^^^^^
  File "/usr/lib/python3.12/json/__init__.py", line 293, in load
    return loads(fp.read(),
           ^^^^^^^^^^^^^^^^
  File "/usr/lib/python3.12/json/__init__.py", line 346, in loads
    return _default_decoder.decode(s)
           ^^^^^^^^^^^^^^^^^^^^^^^^^^
  File "/usr/lib/python3.12/json/decoder.py", line 340, in decode
    raise JSONDecodeError("Extra data", s, end)
json.decoder.JSONDecodeError: Extra data: line 1 column 13979 (char 13978)
20:32:51 Traceback (most recent call last):
  File "/root/rocm-tests/bench/smc-read.py", line 12, in <module>
    m=json.load(open(MAP)) if os.path.exists(MAP) else build_map()
      ^^^^^^^^^^^^^^^^^^^^
  File "/usr/lib/python3.12/json/__init__.py", line 293, in load
    return loads(fp.read(),
           ^^^^^^^^^^^^^^^^
  File "/usr/lib/python3.12/json/__init__.py", line 346, in loads
    return _default_decoder.decode(s)
           ^^^^^^^^^^^^^^^^^^^^^^^^^^
  File "/usr/lib/python3.12/json/decoder.py", line 340, in decode
    raise JSONDecodeError("Extra data", s, end)
json.decoder.JSONDecodeError: Extra data: line 1 column 13979 (char 13978)
20:32:56 Traceback (most recent call last):
  File "/root/rocm-tests/bench/smc-read.py", line 12, in <module>
    m=json.load(open(MAP)) if os.path.exists(MAP) else build_map()
      ^^^^^^^^^^^^^^^^^^^^
  File "/usr/lib/python3.12/json/__init__.py", line 293, in load
    return loads(fp.read(),
           ^^^^^^^^^^^^^^^^
  File "/usr/lib/python3.12/json/__init__.py", line 346, in loads
    return _default_decoder.decode(s)
           ^^^^^^^^^^^^^^^^^^^^^^^^^^
  File "/usr/lib/python3.12/json/decoder.py", line 340, in decode
    raise JSONDecodeError("Extra data", s, end)
json.decoder.JSONDecodeError: Extra data: line 1 column 13979 (char 13978)
20:33:01 Traceback (most recent call last):
  File "/root/rocm-tests/bench/smc-read.py", line 12, in <module>
    m=json.load(open(MAP)) if os.path.exists(MAP) else build_map()
      ^^^^^^^^^^^^^^^^^^^^
  File "/usr/lib/python3.12/json/__init__.py", line 293, in load
    return loads(fp.read(),
           ^^^^^^^^^^^^^^^^
  File "/usr/lib/python3.12/json/__init__.py", line 346, in loads
    return _default_decoder.decode(s)
           ^^^^^^^^^^^^^^^^^^^^^^^^^^
  File "/usr/lib/python3.12/json/decoder.py", line 340, in decode
    raise JSONDecodeError("Extra data", s, end)
json.decoder.JSONDecodeError: Extra data: line 1 column 13979 (char 13978)
20:33:06 Traceback (most recent call last):
  File "/root/rocm-tests/bench/smc-read.py", line 12, in <module>
    m=json.load(open(MAP)) if os.path.exists(MAP) else build_map()
      ^^^^^^^^^^^^^^^^^^^^
  File "/usr/lib/python3.12/json/__init__.py", line 293, in load
    return loads(fp.read(),
           ^^^^^^^^^^^^^^^^
  File "/usr/lib/python3.12/json/__init__.py", line 346, in loads
    return _default_decoder.decode(s)
           ^^^^^^^^^^^^^^^^^^^^^^^^^^
  File "/usr/lib/python3.12/json/decoder.py", line 340, in decode
    raise JSONDecodeError("Extra data", s, end)
json.decoder.JSONDecodeError: Extra data: line 1 column 13979 (char 13978)
20:33:11 Traceback (most recent call last):
  File "/root/rocm-tests/bench/smc-read.py", line 12, in <module>
    m=json.load(open(MAP)) if os.path.exists(MAP) else build_map()
      ^^^^^^^^^^^^^^^^^^^^
  File "/usr/lib/python3.12/json/__init__.py", line 293, in load
    return loads(fp.read(),
           ^^^^^^^^^^^^^^^^
  File "/usr/lib/python3.12/json/__init__.py", line 346, in loads
    return _default_decoder.decode(s)
           ^^^^^^^^^^^^^^^^^^^^^^^^^^
  File "/usr/lib/python3.12/json/decoder.py", line 340, in decode
    raise JSONDecodeError("Extra data", s, end)
json.decoder.JSONDecodeError: Extra data: line 1 column 13979 (char 13978)
20:33:16 Traceback (most recent call last):
  File "/root/rocm-tests/bench/smc-read.py", line 12, in <module>
    m=json.load(open(MAP)) if os.path.exists(MAP) else build_map()
      ^^^^^^^^^^^^^^^^^^^^
  File "/usr/lib/python3.12/json/__init__.py", line 293, in load
    return loads(fp.read(),
           ^^^^^^^^^^^^^^^^
  File "/usr/lib/python3.12/json/__init__.py", line 346, in loads
    return _default_decoder.decode(s)
           ^^^^^^^^^^^^^^^^^^^^^^^^^^
  File "/usr/lib/python3.12/json/decoder.py", line 340, in decode
    raise JSONDecodeError("Extra data", s, end)
json.decoder.JSONDecodeError: Extra data: line 1 column 13979 (char 13978)
20:33:22 Traceback (most recent call last):
  File "/root/rocm-tests/bench/smc-read.py", line 12, in <module>
    m=json.load(open(MAP)) if os.path.exists(MAP) else build_map()
      ^^^^^^^^^^^^^^^^^^^^
  File "/usr/lib/python3.12/json/__init__.py", line 293, in load
    return loads(fp.read(),
           ^^^^^^^^^^^^^^^^
  File "/usr/lib/python3.12/json/__init__.py", line 346, in loads
    return _default_decoder.decode(s)
           ^^^^^^^^^^^^^^^^^^^^^^^^^^
  File "/usr/lib/python3.12/json/decoder.py", line 340, in decode
    raise JSONDecodeError("Extra data", s, end)
json.decoder.JSONDecodeError: Extra data: line 1 column 13979 (char 13978)
20:33:27 Traceback (most recent call last):
  File "/root/rocm-tests/bench/smc-read.py", line 12, in <module>
    m=json.load(open(MAP)) if os.path.exists(MAP) else build_map()
      ^^^^^^^^^^^^^^^^^^^^
  File "/usr/lib/python3.12/json/__init__.py", line 293, in load
    return loads(fp.read(),
           ^^^^^^^^^^^^^^^^
  File "/usr/lib/python3.12/json/__init__.py", line 346, in loads
    return _default_decoder.decode(s)
           ^^^^^^^^^^^^^^^^^^^^^^^^^^
  File "/usr/lib/python3.12/json/decoder.py", line 340, in decode
    raise JSONDecodeError("Extra data", s, end)
json.decoder.JSONDecodeError: Extra data: line 1 column 13979 (char 13978)
20:33:32 Traceback (most recent call last):
  File "/root/rocm-tests/bench/smc-read.py", line 12, in <module>
    m=json.load(open(MAP)) if os.path.exists(MAP) else build_map()
      ^^^^^^^^^^^^^^^^^^^^
  File "/usr/lib/python3.12/json/__init__.py", line 293, in load
    return loads(fp.read(),
           ^^^^^^^^^^^^^^^^
  File "/usr/lib/python3.12/json/__init__.py", line 346, in loads
    return _default_decoder.decode(s)
           ^^^^^^^^^^^^^^^^^^^^^^^^^^
  File "/usr/lib/python3.12/json/decoder.py", line 340, in decode
    raise JSONDecodeError("Extra data", s, end)
json.decoder.JSONDecodeError: Extra data: line 1 column 13979 (char 13978)
20:33:37 Traceback (most recent call last):
  File "/root/rocm-tests/bench/smc-read.py", line 12, in <module>
    m=json.load(open(MAP)) if os.path.exists(MAP) else build_map()
      ^^^^^^^^^^^^^^^^^^^^
  File "/usr/lib/python3.12/json/__init__.py", line 293, in load
    return loads(fp.read(),
           ^^^^^^^^^^^^^^^^
  File "/usr/lib/python3.12/json/__init__.py", line 346, in loads
    return _default_decoder.decode(s)
           ^^^^^^^^^^^^^^^^^^^^^^^^^^
  File "/usr/lib/python3.12/json/decoder.py", line 340, in decode
    raise JSONDecodeError("Extra data", s, end)
json.decoder.JSONDecodeError: Extra data: line 1 column 13979 (char 13978)
20:33:42 Traceback (most recent call last):
  File "/root/rocm-tests/bench/smc-read.py", line 12, in <module>
    m=json.load(open(MAP)) if os.path.exists(MAP) else build_map()
      ^^^^^^^^^^^^^^^^^^^^
  File "/usr/lib/python3.12/json/__init__.py", line 293, in load
    return loads(fp.read(),
           ^^^^^^^^^^^^^^^^
  File "/usr/lib/python3.12/json/__init__.py", line 346, in loads
    return _default_decoder.decode(s)
           ^^^^^^^^^^^^^^^^^^^^^^^^^^
  File "/usr/lib/python3.12/json/decoder.py", line 340, in decode
    raise JSONDecodeError("Extra data", s, end)
json.decoder.JSONDecodeError: Extra data: line 1 column 13979 (char 13978)
20:33:47 Traceback (most recent call last):
  File "/root/rocm-tests/bench/smc-read.py", line 12, in <module>
    m=json.load(open(MAP)) if os.path.exists(MAP) else build_map()
      ^^^^^^^^^^^^^^^^^^^^
  File "/usr/lib/python3.12/json/__init__.py", line 293, in load
    return loads(fp.read(),
           ^^^^^^^^^^^^^^^^
  File "/usr/lib/python3.12/json/__init__.py", line 346, in loads
    return _default_decoder.decode(s)
           ^^^^^^^^^^^^^^^^^^^^^^^^^^
  File "/usr/lib/python3.12/json/decoder.py", line 340, in decode
    raise JSONDecodeError("Extra data", s, end)
json.decoder.JSONDecodeError: Extra data: line 1 column 13979 (char 13978)
20:33:52 Traceback (most recent call last):
  File "/root/rocm-tests/bench/smc-read.py", line 12, in <module>
    m=json.load(open(MAP)) if os.path.exists(MAP) else build_map()
      ^^^^^^^^^^^^^^^^^^^^
  File "/usr/lib/python3.12/json/__init__.py", line 293, in load
    return loads(fp.read(),
           ^^^^^^^^^^^^^^^^
  File "/usr/lib/python3.12/json/__init__.py", line 346, in loads
    return _default_decoder.decode(s)
           ^^^^^^^^^^^^^^^^^^^^^^^^^^
  File "/usr/lib/python3.12/json/decoder.py", line 340, in decode
    raise JSONDecodeError("Extra data", s, end)
json.decoder.JSONDecodeError: Extra data: line 1 column 13979 (char 13978)
20:33:57 Traceback (most recent call last):
  File "/root/rocm-tests/bench/smc-read.py", line 12, in <module>
    m=json.load(open(MAP)) if os.path.exists(MAP) else build_map()
      ^^^^^^^^^^^^^^^^^^^^
  File "/usr/lib/python3.12/json/__init__.py", line 293, in load
    return loads(fp.read(),
           ^^^^^^^^^^^^^^^^
  File "/usr/lib/python3.12/json/__init__.py", line 346, in loads
    return _default_decoder.decode(s)
           ^^^^^^^^^^^^^^^^^^^^^^^^^^
  File "/usr/lib/python3.12/json/decoder.py", line 340, in decode
    raise JSONDecodeError("Extra data", s, end)
json.decoder.JSONDecodeError: Extra data: line 1 column 13979 (char 13978)
20:34:02 Traceback (most recent call last):
  File "/root/rocm-tests/bench/smc-read.py", line 12, in <module>
    m=json.load(open(MAP)) if os.path.exists(MAP) else build_map()
      ^^^^^^^^^^^^^^^^^^^^
  File "/usr/lib/python3.12/json/__init__.py", line 293, in load
    return loads(fp.read(),
           ^^^^^^^^^^^^^^^^
  File "/usr/lib/python3.12/json/__init__.py", line 346, in loads
    return _default_decoder.decode(s)
           ^^^^^^^^^^^^^^^^^^^^^^^^^^
  File "/usr/lib/python3.12/json/decoder.py", line 340, in decode
    raise JSONDecodeError("Extra data", s, end)
json.decoder.JSONDecodeError: Extra data: line 1 column 13979 (char 13978)
20:34:07 Traceback (most recent call last):
  File "/root/rocm-tests/bench/smc-read.py", line 12, in <module>
    m=json.load(open(MAP)) if os.path.exists(MAP) else build_map()
      ^^^^^^^^^^^^^^^^^^^^
  File "/usr/lib/python3.12/json/__init__.py", line 293, in load
    return loads(fp.read(),
           ^^^^^^^^^^^^^^^^
  File "/usr/lib/python3.12/json/__init__.py", line 346, in loads
    return _default_decoder.decode(s)
           ^^^^^^^^^^^^^^^^^^^^^^^^^^
  File "/usr/lib/python3.12/json/decoder.py", line 340, in decode
    raise JSONDecodeError("Extra data", s, end)
json.decoder.JSONDecodeError: Extra data: line 1 column 13979 (char 13978)
20:34:13 Traceback (most recent call last):
  File "/root/rocm-tests/bench/smc-read.py", line 12, in <module>
    m=json.load(open(MAP)) if os.path.exists(MAP) else build_map()
      ^^^^^^^^^^^^^^^^^^^^
  File "/usr/lib/python3.12/json/__init__.py", line 293, in load
    return loads(fp.read(),
           ^^^^^^^^^^^^^^^^
  File "/usr/lib/python3.12/json/__init__.py", line 346, in loads
    return _default_decoder.decode(s)
           ^^^^^^^^^^^^^^^^^^^^^^^^^^
  File "/usr/lib/python3.12/json/decoder.py", line 340, in decode
    raise JSONDecodeError("Extra data", s, end)
json.decoder.JSONDecodeError: Extra data: line 1 column 13979 (char 13978)
20:34:18 Traceback (most recent call last):
  File "/root/rocm-tests/bench/smc-read.py", line 12, in <module>
    m=json.load(open(MAP)) if os.path.exists(MAP) else build_map()
      ^^^^^^^^^^^^^^^^^^^^
  File "/usr/lib/python3.12/json/__init__.py", line 293, in load
    return loads(fp.read(),
           ^^^^^^^^^^^^^^^^
  File "/usr/lib/python3.12/json/__init__.py", line 346, in loads
    return _default_decoder.decode(s)
           ^^^^^^^^^^^^^^^^^^^^^^^^^^
  File "/usr/lib/python3.12/json/decoder.py", line 340, in decode
    raise JSONDecodeError("Extra data", s, end)
json.decoder.JSONDecodeError: Extra data: line 1 column 13979 (char 13978)
20:34:23 Traceback (most recent call last):
  File "/root/rocm-tests/bench/smc-read.py", line 12, in <module>
    m=json.load(open(MAP)) if os.path.exists(MAP) else build_map()
      ^^^^^^^^^^^^^^^^^^^^
  File "/usr/lib/python3.12/json/__init__.py", line 293, in load
    return loads(fp.read(),
           ^^^^^^^^^^^^^^^^
  File "/usr/lib/python3.12/json/__init__.py", line 346, in loads
    return _default_decoder.decode(s)
           ^^^^^^^^^^^^^^^^^^^^^^^^^^
  File "/usr/lib/python3.12/json/decoder.py", line 340, in decode
    raise JSONDecodeError("Extra data", s, end)
json.decoder.JSONDecodeError: Extra data: line 1 column 13979 (char 13978)
20:34:28 Traceback (most recent call last):
  File "/root/rocm-tests/bench/smc-read.py", line 12, in <module>
    m=json.load(open(MAP)) if os.path.exists(MAP) else build_map()
      ^^^^^^^^^^^^^^^^^^^^
  File "/usr/lib/python3.12/json/__init__.py", line 293, in load
    return loads(fp.read(),
           ^^^^^^^^^^^^^^^^
  File "/usr/lib/python3.12/json/__init__.py", line 346, in loads
    return _default_decoder.decode(s)
           ^^^^^^^^^^^^^^^^^^^^^^^^^^
  File "/usr/lib/python3.12/json/decoder.py", line 340, in decode
    raise JSONDecodeError("Extra data", s, end)
json.decoder.JSONDecodeError: Extra data: line 1 column 13979 (char 13978)
20:34:33 Traceback (most recent call last):
  File "/root/rocm-tests/bench/smc-read.py", line 12, in <module>
    m=json.load(open(MAP)) if os.path.exists(MAP) else build_map()
      ^^^^^^^^^^^^^^^^^^^^
  File "/usr/lib/python3.12/json/__init__.py", line 293, in load
    return loads(fp.read(),
           ^^^^^^^^^^^^^^^^
  File "/usr/lib/python3.12/json/__init__.py", line 346, in loads
    return _default_decoder.decode(s)
           ^^^^^^^^^^^^^^^^^^^^^^^^^^
  File "/usr/lib/python3.12/json/decoder.py", line 340, in decode
    raise JSONDecodeError("Extra data", s, end)
json.decoder.JSONDecodeError: Extra data: line 1 column 13979 (char 13978)
20:34:38 Traceback (most recent call last):
  File "/root/rocm-tests/bench/smc-read.py", line 12, in <module>
    m=json.load(open(MAP)) if os.path.exists(MAP) else build_map()
      ^^^^^^^^^^^^^^^^^^^^
  File "/usr/lib/python3.12/json/__init__.py", line 293, in load
    return loads(fp.read(),
           ^^^^^^^^^^^^^^^^
  File "/usr/lib/python3.12/json/__init__.py", line 346, in loads
    return _default_decoder.decode(s)
           ^^^^^^^^^^^^^^^^^^^^^^^^^^
  File "/usr/lib/python3.12/json/decoder.py", line 340, in decode
    raise JSONDecodeError("Extra data", s, end)
json.decoder.JSONDecodeError: Extra data: line 1 column 13979 (char 13978)
20:34:43 Traceback (most recent call last):
  File "/root/rocm-tests/bench/smc-read.py", line 12, in <module>
    m=json.load(open(MAP)) if os.path.exists(MAP) else build_map()
      ^^^^^^^^^^^^^^^^^^^^
  File "/usr/lib/python3.12/json/__init__.py", line 293, in load
    return loads(fp.read(),
           ^^^^^^^^^^^^^^^^
  File "/usr/lib/python3.12/json/__init__.py", line 346, in loads
    return _default_decoder.decode(s)
           ^^^^^^^^^^^^^^^^^^^^^^^^^^
  File "/usr/lib/python3.12/json/decoder.py", line 340, in decode
    raise JSONDecodeError("Extra data", s, end)
json.decoder.JSONDecodeError: Extra data: line 1 column 13979 (char 13978)
20:34:48 Traceback (most recent call last):
  File "/root/rocm-tests/bench/smc-read.py", line 12, in <module>
    m=json.load(open(MAP)) if os.path.exists(MAP) else build_map()
      ^^^^^^^^^^^^^^^^^^^^
  File "/usr/lib/python3.12/json/__init__.py", line 293, in load
    return loads(fp.read(),
           ^^^^^^^^^^^^^^^^
  File "/usr/lib/python3.12/json/__init__.py", line 346, in loads
    return _default_decoder.decode(s)
           ^^^^^^^^^^^^^^^^^^^^^^^^^^
  File "/usr/lib/python3.12/json/decoder.py", line 340, in decode
    raise JSONDecodeError("Extra data", s, end)
json.decoder.JSONDecodeError: Extra data: line 1 column 13979 (char 13978)
20:34:53 Traceback (most recent call last):
  File "/root/rocm-tests/bench/smc-read.py", line 12, in <module>
    m=json.load(open(MAP)) if os.path.exists(MAP) else build_map()
      ^^^^^^^^^^^^^^^^^^^^
  File "/usr/lib/python3.12/json/__init__.py", line 293, in load
    return loads(fp.read(),
           ^^^^^^^^^^^^^^^^
  File "/usr/lib/python3.12/json/__init__.py", line 346, in loads
    return _default_decoder.decode(s)
           ^^^^^^^^^^^^^^^^^^^^^^^^^^
  File "/usr/lib/python3.12/json/decoder.py", line 340, in decode
    raise JSONDecodeError("Extra data", s, end)
json.decoder.JSONDecodeError: Extra data: line 1 column 13979 (char 13978)
20:34:58 Traceback (most recent call last):
  File "/root/rocm-tests/bench/smc-read.py", line 12, in <module>
    m=json.load(open(MAP)) if os.path.exists(MAP) else build_map()
      ^^^^^^^^^^^^^^^^^^^^
  File "/usr/lib/python3.12/json/__init__.py", line 293, in load
    return loads(fp.read(),
           ^^^^^^^^^^^^^^^^
  File "/usr/lib/python3.12/json/__init__.py", line 346, in loads
    return _default_decoder.decode(s)
           ^^^^^^^^^^^^^^^^^^^^^^^^^^
  File "/usr/lib/python3.12/json/decoder.py", line 340, in decode
    raise JSONDecodeError("Extra data", s, end)
json.decoder.JSONDecodeError: Extra data: line 1 column 13979 (char 13978)
20:35:04 Traceback (most recent call last):
  File "/root/rocm-tests/bench/smc-read.py", line 12, in <module>
    m=json.load(open(MAP)) if os.path.exists(MAP) else build_map()
      ^^^^^^^^^^^^^^^^^^^^
  File "/usr/lib/python3.12/json/__init__.py", line 293, in load
    return loads(fp.read(),
           ^^^^^^^^^^^^^^^^
  File "/usr/lib/python3.12/json/__init__.py", line 346, in loads
    return _default_decoder.decode(s)
           ^^^^^^^^^^^^^^^^^^^^^^^^^^
  File "/usr/lib/python3.12/json/decoder.py", line 340, in decode
    raise JSONDecodeError("Extra data", s, end)
json.decoder.JSONDecodeError: Extra data: line 1 column 13979 (char 13978)
20:35:09 Traceback (most recent call last):
  File "/root/rocm-tests/bench/smc-read.py", line 12, in <module>
    m=json.load(open(MAP)) if os.path.exists(MAP) else build_map()
      ^^^^^^^^^^^^^^^^^^^^
  File "/usr/lib/python3.12/json/__init__.py", line 293, in load
    return loads(fp.read(),
           ^^^^^^^^^^^^^^^^
  File "/usr/lib/python3.12/json/__init__.py", line 346, in loads
    return _default_decoder.decode(s)
           ^^^^^^^^^^^^^^^^^^^^^^^^^^
  File "/usr/lib/python3.12/json/decoder.py", line 340, in decode
    raise JSONDecodeError("Extra data", s, end)
json.decoder.JSONDecodeError: Extra data: line 1 column 13979 (char 13978)
20:35:14 Traceback (most recent call last):
  File "/root/rocm-tests/bench/smc-read.py", line 12, in <module>
    m=json.load(open(MAP)) if os.path.exists(MAP) else build_map()
      ^^^^^^^^^^^^^^^^^^^^
  File "/usr/lib/python3.12/json/__init__.py", line 293, in load
    return loads(fp.read(),
           ^^^^^^^^^^^^^^^^
  File "/usr/lib/python3.12/json/__init__.py", line 346, in loads
    return _default_decoder.decode(s)
           ^^^^^^^^^^^^^^^^^^^^^^^^^^
  File "/usr/lib/python3.12/json/decoder.py", line 340, in decode
    raise JSONDecodeError("Extra data", s, end)
json.decoder.JSONDecodeError: Extra data: line 1 column 13979 (char 13978)
20:35:19 Traceback (most recent call last):
  File "/root/rocm-tests/bench/smc-read.py", line 12, in <module>
    m=json.load(open(MAP)) if os.path.exists(MAP) else build_map()
      ^^^^^^^^^^^^^^^^^^^^
  File "/usr/lib/python3.12/json/__init__.py", line 293, in load
    return loads(fp.read(),
           ^^^^^^^^^^^^^^^^
  File "/usr/lib/python3.12/json/__init__.py", line 346, in loads
    return _default_decoder.decode(s)
           ^^^^^^^^^^^^^^^^^^^^^^^^^^
  File "/usr/lib/python3.12/json/decoder.py", line 340, in decode
    raise JSONDecodeError("Extra data", s, end)
json.decoder.JSONDecodeError: Extra data: line 1 column 13979 (char 13978)
20:35:24 Traceback (most recent call last):
  File "/root/rocm-tests/bench/smc-read.py", line 12, in <module>
    m=json.load(open(MAP)) if os.path.exists(MAP) else build_map()
      ^^^^^^^^^^^^^^^^^^^^
  File "/usr/lib/python3.12/json/__init__.py", line 293, in load
    return loads(fp.read(),
           ^^^^^^^^^^^^^^^^
  File "/usr/lib/python3.12/json/__init__.py", line 346, in loads
    return _default_decoder.decode(s)
           ^^^^^^^^^^^^^^^^^^^^^^^^^^
  File "/usr/lib/python3.12/json/decoder.py", line 340, in decode
    raise JSONDecodeError("Extra data", s, end)
json.decoder.JSONDecodeError: Extra data: line 1 column 13979 (char 13978)
20:35:29 Traceback (most recent call last):
  File "/root/rocm-tests/bench/smc-read.py", line 12, in <module>
    m=json.load(open(MAP)) if os.path.exists(MAP) else build_map()
      ^^^^^^^^^^^^^^^^^^^^
  File "/usr/lib/python3.12/json/__init__.py", line 293, in load
    return loads(fp.read(),
           ^^^^^^^^^^^^^^^^
  File "/usr/lib/python3.12/json/__init__.py", line 346, in loads
    return _default_decoder.decode(s)
           ^^^^^^^^^^^^^^^^^^^^^^^^^^
  File "/usr/lib/python3.12/json/decoder.py", line 340, in decode
    raise JSONDecodeError("Extra data", s, end)
json.decoder.JSONDecodeError: Extra data: line 1 column 13979 (char 13978)
20:35:34 Traceback (most recent call last):
  File "/root/rocm-tests/bench/smc-read.py", line 12, in <module>
    m=json.load(open(MAP)) if os.path.exists(MAP) else build_map()
      ^^^^^^^^^^^^^^^^^^^^
  File "/usr/lib/python3.12/json/__init__.py", line 293, in load
    return loads(fp.read(),
           ^^^^^^^^^^^^^^^^
  File "/usr/lib/python3.12/json/__init__.py", line 346, in loads
    return _default_decoder.decode(s)
           ^^^^^^^^^^^^^^^^^^^^^^^^^^
  File "/usr/lib/python3.12/json/decoder.py", line 340, in decode
    raise JSONDecodeError("Extra data", s, end)
json.decoder.JSONDecodeError: Extra data: line 1 column 13979 (char 13978)
20:35:39 Traceback (most recent call last):
  File "/root/rocm-tests/bench/smc-read.py", line 12, in <module>
    m=json.load(open(MAP)) if os.path.exists(MAP) else build_map()
      ^^^^^^^^^^^^^^^^^^^^
  File "/usr/lib/python3.12/json/__init__.py", line 293, in load
    return loads(fp.read(),
           ^^^^^^^^^^^^^^^^
  File "/usr/lib/python3.12/json/__init__.py", line 346, in loads
    return _default_decoder.decode(s)
           ^^^^^^^^^^^^^^^^^^^^^^^^^^
  File "/usr/lib/python3.12/json/decoder.py", line 340, in decode
    raise JSONDecodeError("Extra data", s, end)
json.decoder.JSONDecodeError: Extra data: line 1 column 13979 (char 13978)
20:35:44 Traceback (most recent call last):
  File "/root/rocm-tests/bench/smc-read.py", line 12, in <module>
    m=json.load(open(MAP)) if os.path.exists(MAP) else build_map()
      ^^^^^^^^^^^^^^^^^^^^
  File "/usr/lib/python3.12/json/__init__.py", line 293, in load
    return loads(fp.read(),
           ^^^^^^^^^^^^^^^^
  File "/usr/lib/python3.12/json/__init__.py", line 346, in loads
    return _default_decoder.decode(s)
           ^^^^^^^^^^^^^^^^^^^^^^^^^^
  File "/usr/lib/python3.12/json/decoder.py", line 340, in decode
    raise JSONDecodeError("Extra data", s, end)
json.decoder.JSONDecodeError: Extra data: line 1 column 13979 (char 13978)
20:35:49 Traceback (most recent call last):
  File "/root/rocm-tests/bench/smc-read.py", line 12, in <module>
    m=json.load(open(MAP)) if os.path.exists(MAP) else build_map()
      ^^^^^^^^^^^^^^^^^^^^
  File "/usr/lib/python3.12/json/__init__.py", line 293, in load
    return loads(fp.read(),
           ^^^^^^^^^^^^^^^^
  File "/usr/lib/python3.12/json/__init__.py", line 346, in loads
    return _default_decoder.decode(s)
           ^^^^^^^^^^^^^^^^^^^^^^^^^^
  File "/usr/lib/python3.12/json/decoder.py", line 340, in decode
    raise JSONDecodeError("Extra data", s, end)
json.decoder.JSONDecodeError: Extra data: line 1 column 13979 (char 13978)
20:35:54 Traceback (most recent call last):
  File "/root/rocm-tests/bench/smc-read.py", line 12, in <module>
    m=json.load(open(MAP)) if os.path.exists(MAP) else build_map()
      ^^^^^^^^^^^^^^^^^^^^
  File "/usr/lib/python3.12/json/__init__.py", line 293, in load
    return loads(fp.read(),
           ^^^^^^^^^^^^^^^^
  File "/usr/lib/python3.12/json/__init__.py", line 346, in loads
    return _default_decoder.decode(s)
           ^^^^^^^^^^^^^^^^^^^^^^^^^^
  File "/usr/lib/python3.12/json/decoder.py", line 340, in decode
    raise JSONDecodeError("Extra data", s, end)
json.decoder.JSONDecodeError: Extra data: line 1 column 13979 (char 13978)
20:36:00 Traceback (most recent call last):
  File "/root/rocm-tests/bench/smc-read.py", line 12, in <module>
    m=json.load(open(MAP)) if os.path.exists(MAP) else build_map()
      ^^^^^^^^^^^^^^^^^^^^
  File "/usr/lib/python3.12/json/__init__.py", line 293, in load
    return loads(fp.read(),
           ^^^^^^^^^^^^^^^^
  File "/usr/lib/python3.12/json/__init__.py", line 346, in loads
    return _default_decoder.decode(s)
           ^^^^^^^^^^^^^^^^^^^^^^^^^^
  File "/usr/lib/python3.12/json/decoder.py", line 340, in decode
    raise JSONDecodeError("Extra data", s, end)
json.decoder.JSONDecodeError: Extra data: line 1 column 13979 (char 13978)
20:36:05 Traceback (most recent call last):
  File "/root/rocm-tests/bench/smc-read.py", line 12, in <module>
    m=json.load(open(MAP)) if os.path.exists(MAP) else build_map()
      ^^^^^^^^^^^^^^^^^^^^
  File "/usr/lib/python3.12/json/__init__.py", line 293, in load
    return loads(fp.read(),
           ^^^^^^^^^^^^^^^^
  File "/usr/lib/python3.12/json/__init__.py", line 346, in loads
    return _default_decoder.decode(s)
           ^^^^^^^^^^^^^^^^^^^^^^^^^^
  File "/usr/lib/python3.12/json/decoder.py", line 340, in decode
    raise JSONDecodeError("Extra data", s, end)
json.decoder.JSONDecodeError: Extra data: line 1 column 13979 (char 13978)
20:36:10 Traceback (most recent call last):
  File "/root/rocm-tests/bench/smc-read.py", line 12, in <module>
    m=json.load(open(MAP)) if os.path.exists(MAP) else build_map()
      ^^^^^^^^^^^^^^^^^^^^
  File "/usr/lib/python3.12/json/__init__.py", line 293, in load
    return loads(fp.read(),
           ^^^^^^^^^^^^^^^^
  File "/usr/lib/python3.12/json/__init__.py", line 346, in loads
    return _default_decoder.decode(s)
           ^^^^^^^^^^^^^^^^^^^^^^^^^^
  File "/usr/lib/python3.12/json/decoder.py", line 340, in decode
    raise JSONDecodeError("Extra data", s, end)
json.decoder.JSONDecodeError: Extra data: line 1 column 13979 (char 13978)
20:36:15 Traceback (most recent call last):
  File "/root/rocm-tests/bench/smc-read.py", line 12, in <module>
    m=json.load(open(MAP)) if os.path.exists(MAP) else build_map()
      ^^^^^^^^^^^^^^^^^^^^
  File "/usr/lib/python3.12/json/__init__.py", line 293, in load
    return loads(fp.read(),
           ^^^^^^^^^^^^^^^^
  File "/usr/lib/python3.12/json/__init__.py", line 346, in loads
    return _default_decoder.decode(s)
           ^^^^^^^^^^^^^^^^^^^^^^^^^^
  File "/usr/lib/python3.12/json/decoder.py", line 340, in decode
    raise JSONDecodeError("Extra data", s, end)
json.decoder.JSONDecodeError: Extra data: line 1 column 13979 (char 13978)
20:36:20 Traceback (most recent call last):
  File "/root/rocm-tests/bench/smc-read.py", line 12, in <module>
    m=json.load(open(MAP)) if os.path.exists(MAP) else build_map()
      ^^^^^^^^^^^^^^^^^^^^
  File "/usr/lib/python3.12/json/__init__.py", line 293, in load
    return loads(fp.read(),
           ^^^^^^^^^^^^^^^^
  File "/usr/lib/python3.12/json/__init__.py", line 346, in loads
    return _default_decoder.decode(s)
           ^^^^^^^^^^^^^^^^^^^^^^^^^^
  File "/usr/lib/python3.12/json/decoder.py", line 340, in decode
    raise JSONDecodeError("Extra data", s, end)
json.decoder.JSONDecodeError: Extra data: line 1 column 13979 (char 13978)
20:36:25 Traceback (most recent call last):
  File "/root/rocm-tests/bench/smc-read.py", line 12, in <module>
    m=json.load(open(MAP)) if os.path.exists(MAP) else build_map()
      ^^^^^^^^^^^^^^^^^^^^
  File "/usr/lib/python3.12/json/__init__.py", line 293, in load
    return loads(fp.read(),
           ^^^^^^^^^^^^^^^^
  File "/usr/lib/python3.12/json/__init__.py", line 346, in loads
    return _default_decoder.decode(s)
           ^^^^^^^^^^^^^^^^^^^^^^^^^^
  File "/usr/lib/python3.12/json/decoder.py", line 340, in decode
    raise JSONDecodeError("Extra data", s, end)
json.decoder.JSONDecodeError: Extra data: line 1 column 13979 (char 13978)
20:36:30 Traceback (most recent call last):
  File "/root/rocm-tests/bench/smc-read.py", line 12, in <module>
    m=json.load(open(MAP)) if os.path.exists(MAP) else build_map()
      ^^^^^^^^^^^^^^^^^^^^
  File "/usr/lib/python3.12/json/__init__.py", line 293, in load
    return loads(fp.read(),
           ^^^^^^^^^^^^^^^^
  File "/usr/lib/python3.12/json/__init__.py", line 346, in loads
    return _default_decoder.decode(s)
           ^^^^^^^^^^^^^^^^^^^^^^^^^^
  File "/usr/lib/python3.12/json/decoder.py", line 340, in decode
    raise JSONDecodeError("Extra data", s, end)
json.decoder.JSONDecodeError: Extra data: line 1 column 13979 (char 13978)
20:36:35 Traceback (most recent call last):
  File "/root/rocm-tests/bench/smc-read.py", line 12, in <module>
    m=json.load(open(MAP)) if os.path.exists(MAP) else build_map()
      ^^^^^^^^^^^^^^^^^^^^
  File "/usr/lib/python3.12/json/__init__.py", line 293, in load
    return loads(fp.read(),
           ^^^^^^^^^^^^^^^^
  File "/usr/lib/python3.12/json/__init__.py", line 346, in loads
    return _default_decoder.decode(s)
           ^^^^^^^^^^^^^^^^^^^^^^^^^^
  File "/usr/lib/python3.12/json/decoder.py", line 340, in decode
    raise JSONDecodeError("Extra data", s, end)
json.decoder.JSONDecodeError: Extra data: line 1 column 13979 (char 13978)
20:36:40 Traceback (most recent call last):
  File "/root/rocm-tests/bench/smc-read.py", line 12, in <module>
    m=json.load(open(MAP)) if os.path.exists(MAP) else build_map()
      ^^^^^^^^^^^^^^^^^^^^
  File "/usr/lib/python3.12/json/__init__.py", line 293, in load
    return loads(fp.read(),
           ^^^^^^^^^^^^^^^^
  File "/usr/lib/python3.12/json/__init__.py", line 346, in loads
    return _default_decoder.decode(s)
           ^^^^^^^^^^^^^^^^^^^^^^^^^^
  File "/usr/lib/python3.12/json/decoder.py", line 340, in decode
    raise JSONDecodeError("Extra data", s, end)
json.decoder.JSONDecodeError: Extra data: line 1 column 13979 (char 13978)
20:36:45 Traceback (most recent call last):
  File "/root/rocm-tests/bench/smc-read.py", line 12, in <module>
    m=json.load(open(MAP)) if os.path.exists(MAP) else build_map()
      ^^^^^^^^^^^^^^^^^^^^
  File "/usr/lib/python3.12/json/__init__.py", line 293, in load
    return loads(fp.read(),
           ^^^^^^^^^^^^^^^^
  File "/usr/lib/python3.12/json/__init__.py", line 346, in loads
    return _default_decoder.decode(s)
           ^^^^^^^^^^^^^^^^^^^^^^^^^^
  File "/usr/lib/python3.12/json/decoder.py", line 340, in decode
    raise JSONDecodeError("Extra data", s, end)
json.decoder.JSONDecodeError: Extra data: line 1 column 13979 (char 13978)
20:36:50 Traceback (most recent call last):
  File "/root/rocm-tests/bench/smc-read.py", line 12, in <module>
    m=json.load(open(MAP)) if os.path.exists(MAP) else build_map()
      ^^^^^^^^^^^^^^^^^^^^
  File "/usr/lib/python3.12/json/__init__.py", line 293, in load
    return loads(fp.read(),
           ^^^^^^^^^^^^^^^^
  File "/usr/lib/python3.12/json/__init__.py", line 346, in loads
    return _default_decoder.decode(s)
           ^^^^^^^^^^^^^^^^^^^^^^^^^^
  File "/usr/lib/python3.12/json/decoder.py", line 340, in decode
    raise JSONDecodeError("Extra data", s, end)
json.decoder.JSONDecodeError: Extra data: line 1 column 13979 (char 13978)
20:36:56 Traceback (most recent call last):
  File "/root/rocm-tests/bench/smc-read.py", line 12, in <module>
    m=json.load(open(MAP)) if os.path.exists(MAP) else build_map()
      ^^^^^^^^^^^^^^^^^^^^
  File "/usr/lib/python3.12/json/__init__.py", line 293, in load
    return loads(fp.read(),
           ^^^^^^^^^^^^^^^^
  File "/usr/lib/python3.12/json/__init__.py", line 346, in loads
    return _default_decoder.decode(s)
           ^^^^^^^^^^^^^^^^^^^^^^^^^^
  File "/usr/lib/python3.12/json/decoder.py", line 340, in decode
    raise JSONDecodeError("Extra data", s, end)
json.decoder.JSONDecodeError: Extra data: line 1 column 13979 (char 13978)
20:37:01 Traceback (most recent call last):
  File "/root/rocm-tests/bench/smc-read.py", line 12, in <module>
    m=json.load(open(MAP)) if os.path.exists(MAP) else build_map()
      ^^^^^^^^^^^^^^^^^^^^
  File "/usr/lib/python3.12/json/__init__.py", line 293, in load
    return loads(fp.read(),
           ^^^^^^^^^^^^^^^^
  File "/usr/lib/python3.12/json/__init__.py", line 346, in loads
    return _default_decoder.decode(s)
           ^^^^^^^^^^^^^^^^^^^^^^^^^^
  File "/usr/lib/python3.12/json/decoder.py", line 340, in decode
    raise JSONDecodeError("Extra data", s, end)
json.decoder.JSONDecodeError: Extra data: line 1 column 13979 (char 13978)
20:37:06 Traceback (most recent call last):
  File "/root/rocm-tests/bench/smc-read.py", line 12, in <module>
    m=json.load(open(MAP)) if os.path.exists(MAP) else build_map()
      ^^^^^^^^^^^^^^^^^^^^
  File "/usr/lib/python3.12/json/__init__.py", line 293, in load
    return loads(fp.read(),
           ^^^^^^^^^^^^^^^^
  File "/usr/lib/python3.12/json/__init__.py", line 346, in loads
    return _default_decoder.decode(s)
           ^^^^^^^^^^^^^^^^^^^^^^^^^^
  File "/usr/lib/python3.12/json/decoder.py", line 340, in decode
    raise JSONDecodeError("Extra data", s, end)
json.decoder.JSONDecodeError: Extra data: line 1 column 13979 (char 13978)
20:37:11 Traceback (most recent call last):
  File "/root/rocm-tests/bench/smc-read.py", line 12, in <module>
    m=json.load(open(MAP)) if os.path.exists(MAP) else build_map()
      ^^^^^^^^^^^^^^^^^^^^
  File "/usr/lib/python3.12/json/__init__.py", line 293, in load
    return loads(fp.read(),
           ^^^^^^^^^^^^^^^^
  File "/usr/lib/python3.12/json/__init__.py", line 346, in loads
    return _default_decoder.decode(s)
           ^^^^^^^^^^^^^^^^^^^^^^^^^^
  File "/usr/lib/python3.12/json/decoder.py", line 340, in decode
    raise JSONDecodeError("Extra data", s, end)
json.decoder.JSONDecodeError: Extra data: line 1 column 13979 (char 13978)
20:37:16 Traceback (most recent call last):
  File "/root/rocm-tests/bench/smc-read.py", line 12, in <module>
    m=json.load(open(MAP)) if os.path.exists(MAP) else build_map()
      ^^^^^^^^^^^^^^^^^^^^
  File "/usr/lib/python3.12/json/__init__.py", line 293, in load
    return loads(fp.read(),
           ^^^^^^^^^^^^^^^^
  File "/usr/lib/python3.12/json/__init__.py", line 346, in loads
    return _default_decoder.decode(s)
           ^^^^^^^^^^^^^^^^^^^^^^^^^^
  File "/usr/lib/python3.12/json/decoder.py", line 340, in decode
    raise JSONDecodeError("Extra data", s, end)
json.decoder.JSONDecodeError: Extra data: line 1 column 13979 (char 13978)
20:37:21 Traceback (most recent call last):
  File "/root/rocm-tests/bench/smc-read.py", line 12, in <module>
    m=json.load(open(MAP)) if os.path.exists(MAP) else build_map()
      ^^^^^^^^^^^^^^^^^^^^
  File "/usr/lib/python3.12/json/__init__.py", line 293, in load
    return loads(fp.read(),
           ^^^^^^^^^^^^^^^^
  File "/usr/lib/python3.12/json/__init__.py", line 346, in loads
    return _default_decoder.decode(s)
           ^^^^^^^^^^^^^^^^^^^^^^^^^^
  File "/usr/lib/python3.12/json/decoder.py", line 340, in decode
    raise JSONDecodeError("Extra data", s, end)
json.decoder.JSONDecodeError: Extra data: line 1 column 13979 (char 13978)
20:37:26 Traceback (most recent call last):
  File "/root/rocm-tests/bench/smc-read.py", line 12, in <module>
    m=json.load(open(MAP)) if os.path.exists(MAP) else build_map()
      ^^^^^^^^^^^^^^^^^^^^
  File "/usr/lib/python3.12/json/__init__.py", line 293, in load
    return loads(fp.read(),
           ^^^^^^^^^^^^^^^^
  File "/usr/lib/python3.12/json/__init__.py", line 346, in loads
    return _default_decoder.decode(s)
           ^^^^^^^^^^^^^^^^^^^^^^^^^^
  File "/usr/lib/python3.12/json/decoder.py", line 340, in decode
    raise JSONDecodeError("Extra data", s, end)
json.decoder.JSONDecodeError: Extra data: line 1 column 13979 (char 13978)
20:37:31 Traceback (most recent call last):
  File "/root/rocm-tests/bench/smc-read.py", line 12, in <module>
    m=json.load(open(MAP)) if os.path.exists(MAP) else build_map()
      ^^^^^^^^^^^^^^^^^^^^
  File "/usr/lib/python3.12/json/__init__.py", line 293, in load
    return loads(fp.read(),
           ^^^^^^^^^^^^^^^^
  File "/usr/lib/python3.12/json/__init__.py", line 346, in loads
    return _default_decoder.decode(s)
           ^^^^^^^^^^^^^^^^^^^^^^^^^^
  File "/usr/lib/python3.12/json/decoder.py", line 340, in decode
    raise JSONDecodeError("Extra data", s, end)
json.decoder.JSONDecodeError: Extra data: line 1 column 13979 (char 13978)
20:37:36 Traceback (most recent call last):
  File "/root/rocm-tests/bench/smc-read.py", line 12, in <module>
    m=json.load(open(MAP)) if os.path.exists(MAP) else build_map()
      ^^^^^^^^^^^^^^^^^^^^
  File "/usr/lib/python3.12/json/__init__.py", line 293, in load
    return loads(fp.read(),
           ^^^^^^^^^^^^^^^^
  File "/usr/lib/python3.12/json/__init__.py", line 346, in loads
    return _default_decoder.decode(s)
           ^^^^^^^^^^^^^^^^^^^^^^^^^^
  File "/usr/lib/python3.12/json/decoder.py", line 340, in decode
    raise JSONDecodeError("Extra data", s, end)
json.decoder.JSONDecodeError: Extra data: line 1 column 13979 (char 13978)
20:37:41 Traceback (most recent call last):
  File "/root/rocm-tests/bench/smc-read.py", line 12, in <module>
    m=json.load(open(MAP)) if os.path.exists(MAP) else build_map()
      ^^^^^^^^^^^^^^^^^^^^
  File "/usr/lib/python3.12/json/__init__.py", line 293, in load
    return loads(fp.read(),
           ^^^^^^^^^^^^^^^^
  File "/usr/lib/python3.12/json/__init__.py", line 346, in loads
    return _default_decoder.decode(s)
           ^^^^^^^^^^^^^^^^^^^^^^^^^^
  File "/usr/lib/python3.12/json/decoder.py", line 340, in decode
    raise JSONDecodeError("Extra data", s, end)
json.decoder.JSONDecodeError: Extra data: line 1 column 13979 (char 13978)
20:37:47 Traceback (most recent call last):
  File "/root/rocm-tests/bench/smc-read.py", line 12, in <module>
    m=json.load(open(MAP)) if os.path.exists(MAP) else build_map()
      ^^^^^^^^^^^^^^^^^^^^
  File "/usr/lib/python3.12/json/__init__.py", line 293, in load
    return loads(fp.read(),
           ^^^^^^^^^^^^^^^^
  File "/usr/lib/python3.12/json/__init__.py", line 346, in loads
    return _default_decoder.decode(s)
           ^^^^^^^^^^^^^^^^^^^^^^^^^^
  File "/usr/lib/python3.12/json/decoder.py", line 340, in decode
    raise JSONDecodeError("Extra data", s, end)
json.decoder.JSONDecodeError: Extra data: line 1 column 13979 (char 13978)
20:37:52 Traceback (most recent call last):
  File "/root/rocm-tests/bench/smc-read.py", line 12, in <module>
    m=json.load(open(MAP)) if os.path.exists(MAP) else build_map()
      ^^^^^^^^^^^^^^^^^^^^
  File "/usr/lib/python3.12/json/__init__.py", line 293, in load
    return loads(fp.read(),
           ^^^^^^^^^^^^^^^^
  File "/usr/lib/python3.12/json/__init__.py", line 346, in loads
    return _default_decoder.decode(s)
           ^^^^^^^^^^^^^^^^^^^^^^^^^^
  File "/usr/lib/python3.12/json/decoder.py", line 340, in decode
    raise JSONDecodeError("Extra data", s, end)
json.decoder.JSONDecodeError: Extra data: line 1 column 13979 (char 13978)
20:37:57 Traceback (most recent call last):
  File "/root/rocm-tests/bench/smc-read.py", line 12, in <module>
    m=json.load(open(MAP)) if os.path.exists(MAP) else build_map()
      ^^^^^^^^^^^^^^^^^^^^
  File "/usr/lib/python3.12/json/__init__.py", line 293, in load
    return loads(fp.read(),
           ^^^^^^^^^^^^^^^^
  File "/usr/lib/python3.12/json/__init__.py", line 346, in loads
    return _default_decoder.decode(s)
           ^^^^^^^^^^^^^^^^^^^^^^^^^^
  File "/usr/lib/python3.12/json/decoder.py", line 340, in decode
    raise JSONDecodeError("Extra data", s, end)
json.decoder.JSONDecodeError: Extra data: line 1 column 13979 (char 13978)
20:38:02 Traceback (most recent call last):
  File "/root/rocm-tests/bench/smc-read.py", line 12, in <module>
    m=json.load(open(MAP)) if os.path.exists(MAP) else build_map()
      ^^^^^^^^^^^^^^^^^^^^
  File "/usr/lib/python3.12/json/__init__.py", line 293, in load
    return loads(fp.read(),
           ^^^^^^^^^^^^^^^^
  File "/usr/lib/python3.12/json/__init__.py", line 346, in loads
    return _default_decoder.decode(s)
           ^^^^^^^^^^^^^^^^^^^^^^^^^^
  File "/usr/lib/python3.12/json/decoder.py", line 340, in decode
    raise JSONDecodeError("Extra data", s, end)
json.decoder.JSONDecodeError: Extra data: line 1 column 13979 (char 13978)
20:38:07 Traceback (most recent call last):
  File "/root/rocm-tests/bench/smc-read.py", line 12, in <module>
    m=json.load(open(MAP)) if os.path.exists(MAP) else build_map()
      ^^^^^^^^^^^^^^^^^^^^
  File "/usr/lib/python3.12/json/__init__.py", line 293, in load
    return loads(fp.read(),
           ^^^^^^^^^^^^^^^^
  File "/usr/lib/python3.12/json/__init__.py", line 346, in loads
    return _default_decoder.decode(s)
           ^^^^^^^^^^^^^^^^^^^^^^^^^^
  File "/usr/lib/python3.12/json/decoder.py", line 340, in decode
    raise JSONDecodeError("Extra data", s, end)
json.decoder.JSONDecodeError: Extra data: line 1 column 13979 (char 13978)
20:38:12 Traceback (most recent call last):
  File "/root/rocm-tests/bench/smc-read.py", line 12, in <module>
    m=json.load(open(MAP)) if os.path.exists(MAP) else build_map()
      ^^^^^^^^^^^^^^^^^^^^
  File "/usr/lib/python3.12/json/__init__.py", line 293, in load
    return loads(fp.read(),
           ^^^^^^^^^^^^^^^^
  File "/usr/lib/python3.12/json/__init__.py", line 346, in loads
    return _default_decoder.decode(s)
           ^^^^^^^^^^^^^^^^^^^^^^^^^^
  File "/usr/lib/python3.12/json/decoder.py", line 340, in decode
    raise JSONDecodeError("Extra data", s, end)
json.decoder.JSONDecodeError: Extra data: line 1 column 13979 (char 13978)
20:38:17 Traceback (most recent call last):
  File "/root/rocm-tests/bench/smc-read.py", line 12, in <module>
    m=json.load(open(MAP)) if os.path.exists(MAP) else build_map()
      ^^^^^^^^^^^^^^^^^^^^
  File "/usr/lib/python3.12/json/__init__.py", line 293, in load
    return loads(fp.read(),
           ^^^^^^^^^^^^^^^^
  File "/usr/lib/python3.12/json/__init__.py", line 346, in loads
    return _default_decoder.decode(s)
           ^^^^^^^^^^^^^^^^^^^^^^^^^^
  File "/usr/lib/python3.12/json/decoder.py", line 340, in decode
    raise JSONDecodeError("Extra data", s, end)
json.decoder.JSONDecodeError: Extra data: line 1 column 13979 (char 13978)
20:38:22 Traceback (most recent call last):
  File "/root/rocm-tests/bench/smc-read.py", line 12, in <module>
    m=json.load(open(MAP)) if os.path.exists(MAP) else build_map()
      ^^^^^^^^^^^^^^^^^^^^
  File "/usr/lib/python3.12/json/__init__.py", line 293, in load
    return loads(fp.read(),
           ^^^^^^^^^^^^^^^^
  File "/usr/lib/python3.12/json/__init__.py", line 346, in loads
    return _default_decoder.decode(s)
           ^^^^^^^^^^^^^^^^^^^^^^^^^^
  File "/usr/lib/python3.12/json/decoder.py", line 340, in decode
    raise JSONDecodeError("Extra data", s, end)
json.decoder.JSONDecodeError: Extra data: line 1 column 13979 (char 13978)
20:38:27 Traceback (most recent call last):
  File "/root/rocm-tests/bench/smc-read.py", line 12, in <module>
    m=json.load(open(MAP)) if os.path.exists(MAP) else build_map()
      ^^^^^^^^^^^^^^^^^^^^
  File "/usr/lib/python3.12/json/__init__.py", line 293, in load
    return loads(fp.read(),
           ^^^^^^^^^^^^^^^^
  File "/usr/lib/python3.12/json/__init__.py", line 346, in loads
    return _default_decoder.decode(s)
           ^^^^^^^^^^^^^^^^^^^^^^^^^^
  File "/usr/lib/python3.12/json/decoder.py", line 340, in decode
    raise JSONDecodeError("Extra data", s, end)
json.decoder.JSONDecodeError: Extra data: line 1 column 13979 (char 13978)
20:38:32 Traceback (most recent call last):
  File "/root/rocm-tests/bench/smc-read.py", line 12, in <module>
    m=json.load(open(MAP)) if os.path.exists(MAP) else build_map()
      ^^^^^^^^^^^^^^^^^^^^
  File "/usr/lib/python3.12/json/__init__.py", line 293, in load
    return loads(fp.read(),
           ^^^^^^^^^^^^^^^^
  File "/usr/lib/python3.12/json/__init__.py", line 346, in loads
    return _default_decoder.decode(s)
           ^^^^^^^^^^^^^^^^^^^^^^^^^^
  File "/usr/lib/python3.12/json/decoder.py", line 340, in decode
    raise JSONDecodeError("Extra data", s, end)
json.decoder.JSONDecodeError: Extra data: line 1 column 13979 (char 13978)
20:38:37 Traceback (most recent call last):
  File "/root/rocm-tests/bench/smc-read.py", line 12, in <module>
    m=json.load(open(MAP)) if os.path.exists(MAP) else build_map()
      ^^^^^^^^^^^^^^^^^^^^
  File "/usr/lib/python3.12/json/__init__.py", line 293, in load
    return loads(fp.read(),
           ^^^^^^^^^^^^^^^^
  File "/usr/lib/python3.12/json/__init__.py", line 346, in loads
    return _default_decoder.decode(s)
           ^^^^^^^^^^^^^^^^^^^^^^^^^^
  File "/usr/lib/python3.12/json/decoder.py", line 340, in decode
    raise JSONDecodeError("Extra data", s, end)
json.decoder.JSONDecodeError: Extra data: line 1 column 13979 (char 13978)
20:38:43 Traceback (most recent call last):
  File "/root/rocm-tests/bench/smc-read.py", line 12, in <module>
    m=json.load(open(MAP)) if os.path.exists(MAP) else build_map()
      ^^^^^^^^^^^^^^^^^^^^
  File "/usr/lib/python3.12/json/__init__.py", line 293, in load
    return loads(fp.read(),
           ^^^^^^^^^^^^^^^^
  File "/usr/lib/python3.12/json/__init__.py", line 346, in loads
    return _default_decoder.decode(s)
           ^^^^^^^^^^^^^^^^^^^^^^^^^^
  File "/usr/lib/python3.12/json/decoder.py", line 340, in decode
    raise JSONDecodeError("Extra data", s, end)
json.decoder.JSONDecodeError: Extra data: line 1 column 13979 (char 13978)
20:38:48 Traceback (most recent call last):
  File "/root/rocm-tests/bench/smc-read.py", line 12, in <module>
    m=json.load(open(MAP)) if os.path.exists(MAP) else build_map()
      ^^^^^^^^^^^^^^^^^^^^
  File "/usr/lib/python3.12/json/__init__.py", line 293, in load
    return loads(fp.read(),
           ^^^^^^^^^^^^^^^^
  File "/usr/lib/python3.12/json/__init__.py", line 346, in loads
    return _default_decoder.decode(s)
           ^^^^^^^^^^^^^^^^^^^^^^^^^^
  File "/usr/lib/python3.12/json/decoder.py", line 340, in decode
    raise JSONDecodeError("Extra data", s, end)
json.decoder.JSONDecodeError: Extra data: line 1 column 13979 (char 13978)
20:38:53 Traceback (most recent call last):
  File "/root/rocm-tests/bench/smc-read.py", line 12, in <module>
    m=json.load(open(MAP)) if os.path.exists(MAP) else build_map()
      ^^^^^^^^^^^^^^^^^^^^
  File "/usr/lib/python3.12/json/__init__.py", line 293, in load
    return loads(fp.read(),
           ^^^^^^^^^^^^^^^^
  File "/usr/lib/python3.12/json/__init__.py", line 346, in loads
    return _default_decoder.decode(s)
           ^^^^^^^^^^^^^^^^^^^^^^^^^^
  File "/usr/lib/python3.12/json/decoder.py", line 340, in decode
    raise JSONDecodeError("Extra data", s, end)
json.decoder.JSONDecodeError: Extra data: line 1 column 13979 (char 13978)
20:38:58 Traceback (most recent call last):
  File "/root/rocm-tests/bench/smc-read.py", line 12, in <module>
    m=json.load(open(MAP)) if os.path.exists(MAP) else build_map()
      ^^^^^^^^^^^^^^^^^^^^
  File "/usr/lib/python3.12/json/__init__.py", line 293, in load
    return loads(fp.read(),
           ^^^^^^^^^^^^^^^^
  File "/usr/lib/python3.12/json/__init__.py", line 346, in loads
    return _default_decoder.decode(s)
           ^^^^^^^^^^^^^^^^^^^^^^^^^^
  File "/usr/lib/python3.12/json/decoder.py", line 340, in decode
    raise JSONDecodeError("Extra data", s, end)
json.decoder.JSONDecodeError: Extra data: line 1 column 13979 (char 13978)
20:39:03 Traceback (most recent call last):
  File "/root/rocm-tests/bench/smc-read.py", line 12, in <module>
    m=json.load(open(MAP)) if os.path.exists(MAP) else build_map()
      ^^^^^^^^^^^^^^^^^^^^
  File "/usr/lib/python3.12/json/__init__.py", line 293, in load
    return loads(fp.read(),
           ^^^^^^^^^^^^^^^^
  File "/usr/lib/python3.12/json/__init__.py", line 346, in loads
    return _default_decoder.decode(s)
           ^^^^^^^^^^^^^^^^^^^^^^^^^^
  File "/usr/lib/python3.12/json/decoder.py", line 340, in decode
    raise JSONDecodeError("Extra data", s, end)
json.decoder.JSONDecodeError: Extra data: line 1 column 13979 (char 13978)
20:39:08 Traceback (most recent call last):
  File "/root/rocm-tests/bench/smc-read.py", line 12, in <module>
    m=json.load(open(MAP)) if os.path.exists(MAP) else build_map()
      ^^^^^^^^^^^^^^^^^^^^
  File "/usr/lib/python3.12/json/__init__.py", line 293, in load
    return loads(fp.read(),
           ^^^^^^^^^^^^^^^^
  File "/usr/lib/python3.12/json/__init__.py", line 346, in loads
    return _default_decoder.decode(s)
           ^^^^^^^^^^^^^^^^^^^^^^^^^^
  File "/usr/lib/python3.12/json/decoder.py", line 340, in decode
    raise JSONDecodeError("Extra data", s, end)
json.decoder.JSONDecodeError: Extra data: line 1 column 13979 (char 13978)
20:39:13 Traceback (most recent call last):
  File "/root/rocm-tests/bench/smc-read.py", line 12, in <module>
    m=json.load(open(MAP)) if os.path.exists(MAP) else build_map()
      ^^^^^^^^^^^^^^^^^^^^
  File "/usr/lib/python3.12/json/__init__.py", line 293, in load
    return loads(fp.read(),
           ^^^^^^^^^^^^^^^^
  File "/usr/lib/python3.12/json/__init__.py", line 346, in loads
    return _default_decoder.decode(s)
           ^^^^^^^^^^^^^^^^^^^^^^^^^^
  File "/usr/lib/python3.12/json/decoder.py", line 340, in decode
    raise JSONDecodeError("Extra data", s, end)
json.decoder.JSONDecodeError: Extra data: line 1 column 13979 (char 13978)
20:39:18 Traceback (most recent call last):
  File "/root/rocm-tests/bench/smc-read.py", line 12, in <module>
    m=json.load(open(MAP)) if os.path.exists(MAP) else build_map()
      ^^^^^^^^^^^^^^^^^^^^
  File "/usr/lib/python3.12/json/__init__.py", line 293, in load
    return loads(fp.read(),
           ^^^^^^^^^^^^^^^^
  File "/usr/lib/python3.12/json/__init__.py", line 346, in loads
    return _default_decoder.decode(s)
           ^^^^^^^^^^^^^^^^^^^^^^^^^^
  File "/usr/lib/python3.12/json/decoder.py", line 340, in decode
    raise JSONDecodeError("Extra data", s, end)
json.decoder.JSONDecodeError: Extra data: line 1 column 13979 (char 13978)
20:39:23 Traceback (most recent call last):
  File "/root/rocm-tests/bench/smc-read.py", line 12, in <module>
    m=json.load(open(MAP)) if os.path.exists(MAP) else build_map()
      ^^^^^^^^^^^^^^^^^^^^
  File "/usr/lib/python3.12/json/__init__.py", line 293, in load
    return loads(fp.read(),
           ^^^^^^^^^^^^^^^^
  File "/usr/lib/python3.12/json/__init__.py", line 346, in loads
    return _default_decoder.decode(s)
           ^^^^^^^^^^^^^^^^^^^^^^^^^^
  File "/usr/lib/python3.12/json/decoder.py", line 340, in decode
    raise JSONDecodeError("Extra data", s, end)
json.decoder.JSONDecodeError: Extra data: line 1 column 13979 (char 13978)
20:39:28 Traceback (most recent call last):
  File "/root/rocm-tests/bench/smc-read.py", line 12, in <module>
    m=json.load(open(MAP)) if os.path.exists(MAP) else build_map()
      ^^^^^^^^^^^^^^^^^^^^
  File "/usr/lib/python3.12/json/__init__.py", line 293, in load
    return loads(fp.read(),
           ^^^^^^^^^^^^^^^^
  File "/usr/lib/python3.12/json/__init__.py", line 346, in loads
    return _default_decoder.decode(s)
           ^^^^^^^^^^^^^^^^^^^^^^^^^^
  File "/usr/lib/python3.12/json/decoder.py", line 340, in decode
    raise JSONDecodeError("Extra data", s, end)
json.decoder.JSONDecodeError: Extra data: line 1 column 13979 (char 13978)
20:39:33 Traceback (most recent call last):
  File "/root/rocm-tests/bench/smc-read.py", line 12, in <module>
    m=json.load(open(MAP)) if os.path.exists(MAP) else build_map()
      ^^^^^^^^^^^^^^^^^^^^
  File "/usr/lib/python3.12/json/__init__.py", line 293, in load
    return loads(fp.read(),
           ^^^^^^^^^^^^^^^^
  File "/usr/lib/python3.12/json/__init__.py", line 346, in loads
    return _default_decoder.decode(s)
           ^^^^^^^^^^^^^^^^^^^^^^^^^^
  File "/usr/lib/python3.12/json/decoder.py", line 340, in decode
    raise JSONDecodeError("Extra data", s, end)
json.decoder.JSONDecodeError: Extra data: line 1 column 13979 (char 13978)
20:39:39 Traceback (most recent call last):
  File "/root/rocm-tests/bench/smc-read.py", line 12, in <module>
    m=json.load(open(MAP)) if os.path.exists(MAP) else build_map()
      ^^^^^^^^^^^^^^^^^^^^
  File "/usr/lib/python3.12/json/__init__.py", line 293, in load
    return loads(fp.read(),
           ^^^^^^^^^^^^^^^^
  File "/usr/lib/python3.12/json/__init__.py", line 346, in loads
    return _default_decoder.decode(s)
           ^^^^^^^^^^^^^^^^^^^^^^^^^^
  File "/usr/lib/python3.12/json/decoder.py", line 340, in decode
    raise JSONDecodeError("Extra data", s, end)
json.decoder.JSONDecodeError: Extra data: line 1 column 13979 (char 13978)
20:39:44 Traceback (most recent call last):
  File "/root/rocm-tests/bench/smc-read.py", line 12, in <module>
    m=json.load(open(MAP)) if os.path.exists(MAP) else build_map()
      ^^^^^^^^^^^^^^^^^^^^
  File "/usr/lib/python3.12/json/__init__.py", line 293, in load
    return loads(fp.read(),
           ^^^^^^^^^^^^^^^^
  File "/usr/lib/python3.12/json/__init__.py", line 346, in loads
    return _default_decoder.decode(s)
           ^^^^^^^^^^^^^^^^^^^^^^^^^^
  File "/usr/lib/python3.12/json/decoder.py", line 340, in decode
    raise JSONDecodeError("Extra data", s, end)
json.decoder.JSONDecodeError: Extra data: line 1 column 13979 (char 13978)
20:39:49 Traceback (most recent call last):
  File "/root/rocm-tests/bench/smc-read.py", line 12, in <module>
    m=json.load(open(MAP)) if os.path.exists(MAP) else build_map()
      ^^^^^^^^^^^^^^^^^^^^
  File "/usr/lib/python3.12/json/__init__.py", line 293, in load
    return loads(fp.read(),
           ^^^^^^^^^^^^^^^^
  File "/usr/lib/python3.12/json/__init__.py", line 346, in loads
    return _default_decoder.decode(s)
           ^^^^^^^^^^^^^^^^^^^^^^^^^^
  File "/usr/lib/python3.12/json/decoder.py", line 340, in decode
    raise JSONDecodeError("Extra data", s, end)
json.decoder.JSONDecodeError: Extra data: line 1 column 13979 (char 13978)
20:39:54 Traceback (most recent call last):
  File "/root/rocm-tests/bench/smc-read.py", line 12, in <module>
    m=json.load(open(MAP)) if os.path.exists(MAP) else build_map()
      ^^^^^^^^^^^^^^^^^^^^
  File "/usr/lib/python3.12/json/__init__.py", line 293, in load
    return loads(fp.read(),
           ^^^^^^^^^^^^^^^^
  File "/usr/lib/python3.12/json/__init__.py", line 346, in loads
    return _default_decoder.decode(s)
           ^^^^^^^^^^^^^^^^^^^^^^^^^^
  File "/usr/lib/python3.12/json/decoder.py", line 340, in decode
    raise JSONDecodeError("Extra data", s, end)
json.decoder.JSONDecodeError: Extra data: line 1 column 13979 (char 13978)
20:39:59 Traceback (most recent call last):
  File "/root/rocm-tests/bench/smc-read.py", line 12, in <module>
    m=json.load(open(MAP)) if os.path.exists(MAP) else build_map()
      ^^^^^^^^^^^^^^^^^^^^
  File "/usr/lib/python3.12/json/__init__.py", line 293, in load
    return loads(fp.read(),
           ^^^^^^^^^^^^^^^^
  File "/usr/lib/python3.12/json/__init__.py", line 346, in loads
    return _default_decoder.decode(s)
           ^^^^^^^^^^^^^^^^^^^^^^^^^^
  File "/usr/lib/python3.12/json/decoder.py", line 340, in decode
    raise JSONDecodeError("Extra data", s, end)
json.decoder.JSONDecodeError: Extra data: line 1 column 13979 (char 13978)
20:40:04 Traceback (most recent call last):
  File "/root/rocm-tests/bench/smc-read.py", line 12, in <module>
    m=json.load(open(MAP)) if os.path.exists(MAP) else build_map()
      ^^^^^^^^^^^^^^^^^^^^
  File "/usr/lib/python3.12/json/__init__.py", line 293, in load
    return loads(fp.read(),
           ^^^^^^^^^^^^^^^^
  File "/usr/lib/python3.12/json/__init__.py", line 346, in loads
    return _default_decoder.decode(s)
           ^^^^^^^^^^^^^^^^^^^^^^^^^^
  File "/usr/lib/python3.12/json/decoder.py", line 340, in decode
    raise JSONDecodeError("Extra data", s, end)
json.decoder.JSONDecodeError: Extra data: line 1 column 13979 (char 13978)
20:40:09 Traceback (most recent call last):
  File "/root/rocm-tests/bench/smc-read.py", line 12, in <module>
    m=json.load(open(MAP)) if os.path.exists(MAP) else build_map()
      ^^^^^^^^^^^^^^^^^^^^
  File "/usr/lib/python3.12/json/__init__.py", line 293, in load
    return loads(fp.read(),
           ^^^^^^^^^^^^^^^^
  File "/usr/lib/python3.12/json/__init__.py", line 346, in loads
    return _default_decoder.decode(s)
           ^^^^^^^^^^^^^^^^^^^^^^^^^^
  File "/usr/lib/python3.12/json/decoder.py", line 340, in decode
    raise JSONDecodeError("Extra data", s, end)
json.decoder.JSONDecodeError: Extra data: line 1 column 13979 (char 13978)
20:40:14 Traceback (most recent call last):
  File "/root/rocm-tests/bench/smc-read.py", line 12, in <module>
    m=json.load(open(MAP)) if os.path.exists(MAP) else build_map()
      ^^^^^^^^^^^^^^^^^^^^
  File "/usr/lib/python3.12/json/__init__.py", line 293, in load
    return loads(fp.read(),
           ^^^^^^^^^^^^^^^^
  File "/usr/lib/python3.12/json/__init__.py", line 346, in loads
    return _default_decoder.decode(s)
           ^^^^^^^^^^^^^^^^^^^^^^^^^^
  File "/usr/lib/python3.12/json/decoder.py", line 340, in decode
    raise JSONDecodeError("Extra data", s, end)
json.decoder.JSONDecodeError: Extra data: line 1 column 13979 (char 13978)
20:40:19 Traceback (most recent call last):
  File "/root/rocm-tests/bench/smc-read.py", line 12, in <module>
    m=json.load(open(MAP)) if os.path.exists(MAP) else build_map()
      ^^^^^^^^^^^^^^^^^^^^
  File "/usr/lib/python3.12/json/__init__.py", line 293, in load
    return loads(fp.read(),
           ^^^^^^^^^^^^^^^^
  File "/usr/lib/python3.12/json/__init__.py", line 346, in loads
    return _default_decoder.decode(s)
           ^^^^^^^^^^^^^^^^^^^^^^^^^^
  File "/usr/lib/python3.12/json/decoder.py", line 340, in decode
    raise JSONDecodeError("Extra data", s, end)
json.decoder.JSONDecodeError: Extra data: line 1 column 13979 (char 13978)
20:40:24 Traceback (most recent call last):
  File "/root/rocm-tests/bench/smc-read.py", line 12, in <module>
    m=json.load(open(MAP)) if os.path.exists(MAP) else build_map()
      ^^^^^^^^^^^^^^^^^^^^
  File "/usr/lib/python3.12/json/__init__.py", line 293, in load
    return loads(fp.read(),
           ^^^^^^^^^^^^^^^^
  File "/usr/lib/python3.12/json/__init__.py", line 346, in loads
    return _default_decoder.decode(s)
           ^^^^^^^^^^^^^^^^^^^^^^^^^^
  File "/usr/lib/python3.12/json/decoder.py", line 340, in decode
    raise JSONDecodeError("Extra data", s, end)
json.decoder.JSONDecodeError: Extra data: line 1 column 13979 (char 13978)
20:40:30 Traceback (most recent call last):
  File "/root/rocm-tests/bench/smc-read.py", line 12, in <module>
    m=json.load(open(MAP)) if os.path.exists(MAP) else build_map()
      ^^^^^^^^^^^^^^^^^^^^
  File "/usr/lib/python3.12/json/__init__.py", line 293, in load
    return loads(fp.read(),
           ^^^^^^^^^^^^^^^^
  File "/usr/lib/python3.12/json/__init__.py", line 346, in loads
    return _default_decoder.decode(s)
           ^^^^^^^^^^^^^^^^^^^^^^^^^^
  File "/usr/lib/python3.12/json/decoder.py", line 340, in decode
    raise JSONDecodeError("Extra data", s, end)
json.decoder.JSONDecodeError: Extra data: line 1 column 13979 (char 13978)
20:40:35 Traceback (most recent call last):
  File "/root/rocm-tests/bench/smc-read.py", line 12, in <module>
    m=json.load(open(MAP)) if os.path.exists(MAP) else build_map()
      ^^^^^^^^^^^^^^^^^^^^
  File "/usr/lib/python3.12/json/__init__.py", line 293, in load
    return loads(fp.read(),
           ^^^^^^^^^^^^^^^^
  File "/usr/lib/python3.12/json/__init__.py", line 346, in loads
    return _default_decoder.decode(s)
           ^^^^^^^^^^^^^^^^^^^^^^^^^^
  File "/usr/lib/python3.12/json/decoder.py", line 340, in decode
    raise JSONDecodeError("Extra data", s, end)
json.decoder.JSONDecodeError: Extra data: line 1 column 13979 (char 13978)
20:40:40 Traceback (most recent call last):
  File "/root/rocm-tests/bench/smc-read.py", line 12, in <module>
    m=json.load(open(MAP)) if os.path.exists(MAP) else build_map()
      ^^^^^^^^^^^^^^^^^^^^
  File "/usr/lib/python3.12/json/__init__.py", line 293, in load
    return loads(fp.read(),
           ^^^^^^^^^^^^^^^^
  File "/usr/lib/python3.12/json/__init__.py", line 346, in loads
    return _default_decoder.decode(s)
           ^^^^^^^^^^^^^^^^^^^^^^^^^^
  File "/usr/lib/python3.12/json/decoder.py", line 340, in decode
    raise JSONDecodeError("Extra data", s, end)
json.decoder.JSONDecodeError: Extra data: line 1 column 13979 (char 13978)
20:40:45 Traceback (most recent call last):
  File "/root/rocm-tests/bench/smc-read.py", line 12, in <module>
    m=json.load(open(MAP)) if os.path.exists(MAP) else build_map()
      ^^^^^^^^^^^^^^^^^^^^
  File "/usr/lib/python3.12/json/__init__.py", line 293, in load
    return loads(fp.read(),
           ^^^^^^^^^^^^^^^^
  File "/usr/lib/python3.12/json/__init__.py", line 346, in loads
    return _default_decoder.decode(s)
           ^^^^^^^^^^^^^^^^^^^^^^^^^^
  File "/usr/lib/python3.12/json/decoder.py", line 340, in decode
    raise JSONDecodeError("Extra data", s, end)
json.decoder.JSONDecodeError: Extra data: line 1 column 13979 (char 13978)
20:40:50 Traceback (most recent call last):
  File "/root/rocm-tests/bench/smc-read.py", line 12, in <module>
    m=json.load(open(MAP)) if os.path.exists(MAP) else build_map()
      ^^^^^^^^^^^^^^^^^^^^
  File "/usr/lib/python3.12/json/__init__.py", line 293, in load
    return loads(fp.read(),
           ^^^^^^^^^^^^^^^^
  File "/usr/lib/python3.12/json/__init__.py", line 346, in loads
    return _default_decoder.decode(s)
           ^^^^^^^^^^^^^^^^^^^^^^^^^^
  File "/usr/lib/python3.12/json/decoder.py", line 340, in decode
    raise JSONDecodeError("Extra data", s, end)
json.decoder.JSONDecodeError: Extra data: line 1 column 13979 (char 13978)
20:40:55 Traceback (most recent call last):
  File "/root/rocm-tests/bench/smc-read.py", line 12, in <module>
    m=json.load(open(MAP)) if os.path.exists(MAP) else build_map()
      ^^^^^^^^^^^^^^^^^^^^
  File "/usr/lib/python3.12/json/__init__.py", line 293, in load
    return loads(fp.read(),
           ^^^^^^^^^^^^^^^^
  File "/usr/lib/python3.12/json/__init__.py", line 346, in loads
    return _default_decoder.decode(s)
           ^^^^^^^^^^^^^^^^^^^^^^^^^^
  File "/usr/lib/python3.12/json/decoder.py", line 340, in decode
    raise JSONDecodeError("Extra data", s, end)
json.decoder.JSONDecodeError: Extra data: line 1 column 13979 (char 13978)
20:41:00 Traceback (most recent call last):
  File "/root/rocm-tests/bench/smc-read.py", line 12, in <module>
    m=json.load(open(MAP)) if os.path.exists(MAP) else build_map()
      ^^^^^^^^^^^^^^^^^^^^
  File "/usr/lib/python3.12/json/__init__.py", line 293, in load
    return loads(fp.read(),
           ^^^^^^^^^^^^^^^^
  File "/usr/lib/python3.12/json/__init__.py", line 346, in loads
    return _default_decoder.decode(s)
           ^^^^^^^^^^^^^^^^^^^^^^^^^^
  File "/usr/lib/python3.12/json/decoder.py", line 340, in decode
    raise JSONDecodeError("Extra data", s, end)
json.decoder.JSONDecodeError: Extra data: line 1 column 13979 (char 13978)
20:41:05 Traceback (most recent call last):
  File "/root/rocm-tests/bench/smc-read.py", line 12, in <module>
    m=json.load(open(MAP)) if os.path.exists(MAP) else build_map()
      ^^^^^^^^^^^^^^^^^^^^
  File "/usr/lib/python3.12/json/__init__.py", line 293, in load
    return loads(fp.read(),
           ^^^^^^^^^^^^^^^^
  File "/usr/lib/python3.12/json/__init__.py", line 346, in loads
    return _default_decoder.decode(s)
           ^^^^^^^^^^^^^^^^^^^^^^^^^^
  File "/usr/lib/python3.12/json/decoder.py", line 340, in decode
    raise JSONDecodeError("Extra data", s, end)
json.decoder.JSONDecodeError: Extra data: line 1 column 13979 (char 13978)
20:41:10 Traceback (most recent call last):
  File "/root/rocm-tests/bench/smc-read.py", line 12, in <module>
    m=json.load(open(MAP)) if os.path.exists(MAP) else build_map()
      ^^^^^^^^^^^^^^^^^^^^
  File "/usr/lib/python3.12/json/__init__.py", line 293, in load
    return loads(fp.read(),
           ^^^^^^^^^^^^^^^^
  File "/usr/lib/python3.12/json/__init__.py", line 346, in loads
    return _default_decoder.decode(s)
           ^^^^^^^^^^^^^^^^^^^^^^^^^^
  File "/usr/lib/python3.12/json/decoder.py", line 340, in decode
    raise JSONDecodeError("Extra data", s, end)
json.decoder.JSONDecodeError: Extra data: line 1 column 13979 (char 13978)
20:41:15 Traceback (most recent call last):
  File "/root/rocm-tests/bench/smc-read.py", line 12, in <module>
    m=json.load(open(MAP)) if os.path.exists(MAP) else build_map()
      ^^^^^^^^^^^^^^^^^^^^
  File "/usr/lib/python3.12/json/__init__.py", line 293, in load
    return loads(fp.read(),
           ^^^^^^^^^^^^^^^^
  File "/usr/lib/python3.12/json/__init__.py", line 346, in loads
    return _default_decoder.decode(s)
           ^^^^^^^^^^^^^^^^^^^^^^^^^^
  File "/usr/lib/python3.12/json/decoder.py", line 340, in decode
    raise JSONDecodeError("Extra data", s, end)
json.decoder.JSONDecodeError: Extra data: line 1 column 13979 (char 13978)
20:41:20 Traceback (most recent call last):
  File "/root/rocm-tests/bench/smc-read.py", line 12, in <module>
    m=json.load(open(MAP)) if os.path.exists(MAP) else build_map()
      ^^^^^^^^^^^^^^^^^^^^
  File "/usr/lib/python3.12/json/__init__.py", line 293, in load
    return loads(fp.read(),
           ^^^^^^^^^^^^^^^^
  File "/usr/lib/python3.12/json/__init__.py", line 346, in loads
    return _default_decoder.decode(s)
           ^^^^^^^^^^^^^^^^^^^^^^^^^^
  File "/usr/lib/python3.12/json/decoder.py", line 340, in decode
    raise JSONDecodeError("Extra data", s, end)
json.decoder.JSONDecodeError: Extra data: line 1 column 13979 (char 13978)
20:41:26 Traceback (most recent call last):
  File "/root/rocm-tests/bench/smc-read.py", line 12, in <module>
    m=json.load(open(MAP)) if os.path.exists(MAP) else build_map()
      ^^^^^^^^^^^^^^^^^^^^
  File "/usr/lib/python3.12/json/__init__.py", line 293, in load
    return loads(fp.read(),
           ^^^^^^^^^^^^^^^^
  File "/usr/lib/python3.12/json/__init__.py", line 346, in loads
    return _default_decoder.decode(s)
           ^^^^^^^^^^^^^^^^^^^^^^^^^^
  File "/usr/lib/python3.12/json/decoder.py", line 340, in decode
    raise JSONDecodeError("Extra data", s, end)
json.decoder.JSONDecodeError: Extra data: line 1 column 13979 (char 13978)
20:41:31 Traceback (most recent call last):
  File "/root/rocm-tests/bench/smc-read.py", line 12, in <module>
    m=json.load(open(MAP)) if os.path.exists(MAP) else build_map()
      ^^^^^^^^^^^^^^^^^^^^
  File "/usr/lib/python3.12/json/__init__.py", line 293, in load
    return loads(fp.read(),
           ^^^^^^^^^^^^^^^^
  File "/usr/lib/python3.12/json/__init__.py", line 346, in loads
    return _default_decoder.decode(s)
           ^^^^^^^^^^^^^^^^^^^^^^^^^^
  File "/usr/lib/python3.12/json/decoder.py", line 340, in decode
    raise JSONDecodeError("Extra data", s, end)
json.decoder.JSONDecodeError: Extra data: line 1 column 13979 (char 13978)
20:41:36 Traceback (most recent call last):
  File "/root/rocm-tests/bench/smc-read.py", line 12, in <module>
    m=json.load(open(MAP)) if os.path.exists(MAP) else build_map()
      ^^^^^^^^^^^^^^^^^^^^
  File "/usr/lib/python3.12/json/__init__.py", line 293, in load
    return loads(fp.read(),
           ^^^^^^^^^^^^^^^^
  File "/usr/lib/python3.12/json/__init__.py", line 346, in loads
    return _default_decoder.decode(s)
           ^^^^^^^^^^^^^^^^^^^^^^^^^^
  File "/usr/lib/python3.12/json/decoder.py", line 340, in decode
    raise JSONDecodeError("Extra data", s, end)
json.decoder.JSONDecodeError: Extra data: line 1 column 13979 (char 13978)
20:41:41 Traceback (most recent call last):
  File "/root/rocm-tests/bench/smc-read.py", line 12, in <module>
    m=json.load(open(MAP)) if os.path.exists(MAP) else build_map()
      ^^^^^^^^^^^^^^^^^^^^
  File "/usr/lib/python3.12/json/__init__.py", line 293, in load
    return loads(fp.read(),
           ^^^^^^^^^^^^^^^^
  File "/usr/lib/python3.12/json/__init__.py", line 346, in loads
    return _default_decoder.decode(s)
           ^^^^^^^^^^^^^^^^^^^^^^^^^^
  File "/usr/lib/python3.12/json/decoder.py", line 340, in decode
    raise JSONDecodeError("Extra data", s, end)
json.decoder.JSONDecodeError: Extra data: line 1 column 13979 (char 13978)
20:41:46 Traceback (most recent call last):
  File "/root/rocm-tests/bench/smc-read.py", line 12, in <module>
    m=json.load(open(MAP)) if os.path.exists(MAP) else build_map()
      ^^^^^^^^^^^^^^^^^^^^
  File "/usr/lib/python3.12/json/__init__.py", line 293, in load
    return loads(fp.read(),
           ^^^^^^^^^^^^^^^^
  File "/usr/lib/python3.12/json/__init__.py", line 346, in loads
    return _default_decoder.decode(s)
           ^^^^^^^^^^^^^^^^^^^^^^^^^^
  File "/usr/lib/python3.12/json/decoder.py", line 340, in decode
    raise JSONDecodeError("Extra data", s, end)
json.decoder.JSONDecodeError: Extra data: line 1 column 13979 (char 13978)
20:41:51 Traceback (most recent call last):
  File "/root/rocm-tests/bench/smc-read.py", line 12, in <module>
    m=json.load(open(MAP)) if os.path.exists(MAP) else build_map()
      ^^^^^^^^^^^^^^^^^^^^
  File "/usr/lib/python3.12/json/__init__.py", line 293, in load
    return loads(fp.read(),
           ^^^^^^^^^^^^^^^^
  File "/usr/lib/python3.12/json/__init__.py", line 346, in loads
    return _default_decoder.decode(s)
           ^^^^^^^^^^^^^^^^^^^^^^^^^^
  File "/usr/lib/python3.12/json/decoder.py", line 340, in decode
    raise JSONDecodeError("Extra data", s, end)
json.decoder.JSONDecodeError: Extra data: line 1 column 13979 (char 13978)
20:41:56 Traceback (most recent call last):
  File "/root/rocm-tests/bench/smc-read.py", line 12, in <module>
    m=json.load(open(MAP)) if os.path.exists(MAP) else build_map()
      ^^^^^^^^^^^^^^^^^^^^
  File "/usr/lib/python3.12/json/__init__.py", line 293, in load
    return loads(fp.read(),
           ^^^^^^^^^^^^^^^^
  File "/usr/lib/python3.12/json/__init__.py", line 346, in loads
    return _default_decoder.decode(s)
           ^^^^^^^^^^^^^^^^^^^^^^^^^^
  File "/usr/lib/python3.12/json/decoder.py", line 340, in decode
    raise JSONDecodeError("Extra data", s, end)
json.decoder.JSONDecodeError: Extra data: line 1 column 13979 (char 13978)
20:42:01 Traceback (most recent call last):
  File "/root/rocm-tests/bench/smc-read.py", line 12, in <module>
    m=json.load(open(MAP)) if os.path.exists(MAP) else build_map()
      ^^^^^^^^^^^^^^^^^^^^
  File "/usr/lib/python3.12/json/__init__.py", line 293, in load
    return loads(fp.read(),
           ^^^^^^^^^^^^^^^^
  File "/usr/lib/python3.12/json/__init__.py", line 346, in loads
    return _default_decoder.decode(s)
           ^^^^^^^^^^^^^^^^^^^^^^^^^^
  File "/usr/lib/python3.12/json/decoder.py", line 340, in decode
    raise JSONDecodeError("Extra data", s, end)
json.decoder.JSONDecodeError: Extra data: line 1 column 13979 (char 13978)
20:42:06 Traceback (most recent call last):
  File "/root/rocm-tests/bench/smc-read.py", line 12, in <module>
    m=json.load(open(MAP)) if os.path.exists(MAP) else build_map()
      ^^^^^^^^^^^^^^^^^^^^
  File "/usr/lib/python3.12/json/__init__.py", line 293, in load
    return loads(fp.read(),
           ^^^^^^^^^^^^^^^^
  File "/usr/lib/python3.12/json/__init__.py", line 346, in loads
    return _default_decoder.decode(s)
           ^^^^^^^^^^^^^^^^^^^^^^^^^^
  File "/usr/lib/python3.12/json/decoder.py", line 340, in decode
    raise JSONDecodeError("Extra data", s, end)
json.decoder.JSONDecodeError: Extra data: line 1 column 13979 (char 13978)
20:42:11 Traceback (most recent call last):
  File "/root/rocm-tests/bench/smc-read.py", line 12, in <module>
    m=json.load(open(MAP)) if os.path.exists(MAP) else build_map()
      ^^^^^^^^^^^^^^^^^^^^
  File "/usr/lib/python3.12/json/__init__.py", line 293, in load
    return loads(fp.read(),
           ^^^^^^^^^^^^^^^^
  File "/usr/lib/python3.12/json/__init__.py", line 346, in loads
    return _default_decoder.decode(s)
           ^^^^^^^^^^^^^^^^^^^^^^^^^^
  File "/usr/lib/python3.12/json/decoder.py", line 340, in decode
    raise JSONDecodeError("Extra data", s, end)
json.decoder.JSONDecodeError: Extra data: line 1 column 13979 (char 13978)
20:42:17 Traceback (most recent call last):
  File "/root/rocm-tests/bench/smc-read.py", line 12, in <module>
    m=json.load(open(MAP)) if os.path.exists(MAP) else build_map()
      ^^^^^^^^^^^^^^^^^^^^
  File "/usr/lib/python3.12/json/__init__.py", line 293, in load
    return loads(fp.read(),
           ^^^^^^^^^^^^^^^^
  File "/usr/lib/python3.12/json/__init__.py", line 346, in loads
    return _default_decoder.decode(s)
           ^^^^^^^^^^^^^^^^^^^^^^^^^^
  File "/usr/lib/python3.12/json/decoder.py", line 340, in decode
    raise JSONDecodeError("Extra data", s, end)
json.decoder.JSONDecodeError: Extra data: line 1 column 13979 (char 13978)
20:42:22 Traceback (most recent call last):
  File "/root/rocm-tests/bench/smc-read.py", line 12, in <module>
    m=json.load(open(MAP)) if os.path.exists(MAP) else build_map()
      ^^^^^^^^^^^^^^^^^^^^
  File "/usr/lib/python3.12/json/__init__.py", line 293, in load
    return loads(fp.read(),
           ^^^^^^^^^^^^^^^^
  File "/usr/lib/python3.12/json/__init__.py", line 346, in loads
    return _default_decoder.decode(s)
           ^^^^^^^^^^^^^^^^^^^^^^^^^^
  File "/usr/lib/python3.12/json/decoder.py", line 340, in decode
    raise JSONDecodeError("Extra data", s, end)
json.decoder.JSONDecodeError: Extra data: line 1 column 13979 (char 13978)
20:42:27 Traceback (most recent call last):
  File "/root/rocm-tests/bench/smc-read.py", line 12, in <module>
    m=json.load(open(MAP)) if os.path.exists(MAP) else build_map()
      ^^^^^^^^^^^^^^^^^^^^
  File "/usr/lib/python3.12/json/__init__.py", line 293, in load
    return loads(fp.read(),
           ^^^^^^^^^^^^^^^^
  File "/usr/lib/python3.12/json/__init__.py", line 346, in loads
    return _default_decoder.decode(s)
           ^^^^^^^^^^^^^^^^^^^^^^^^^^
  File "/usr/lib/python3.12/json/decoder.py", line 340, in decode
    raise JSONDecodeError("Extra data", s, end)
json.decoder.JSONDecodeError: Extra data: line 1 column 13979 (char 13978)
20:42:32 Traceback (most recent call last):
  File "/root/rocm-tests/bench/smc-read.py", line 12, in <module>
    m=json.load(open(MAP)) if os.path.exists(MAP) else build_map()
      ^^^^^^^^^^^^^^^^^^^^
  File "/usr/lib/python3.12/json/__init__.py", line 293, in load
    return loads(fp.read(),
           ^^^^^^^^^^^^^^^^
  File "/usr/lib/python3.12/json/__init__.py", line 346, in loads
    return _default_decoder.decode(s)
           ^^^^^^^^^^^^^^^^^^^^^^^^^^
  File "/usr/lib/python3.12/json/decoder.py", line 340, in decode
    raise JSONDecodeError("Extra data", s, end)
json.decoder.JSONDecodeError: Extra data: line 1 column 13979 (char 13978)
20:42:37 Traceback (most recent call last):
  File "/root/rocm-tests/bench/smc-read.py", line 12, in <module>
    m=json.load(open(MAP)) if os.path.exists(MAP) else build_map()
      ^^^^^^^^^^^^^^^^^^^^
  File "/usr/lib/python3.12/json/__init__.py", line 293, in load
    return loads(fp.read(),
           ^^^^^^^^^^^^^^^^
  File "/usr/lib/python3.12/json/__init__.py", line 346, in loads
    return _default_decoder.decode(s)
           ^^^^^^^^^^^^^^^^^^^^^^^^^^
  File "/usr/lib/python3.12/json/decoder.py", line 340, in decode
    raise JSONDecodeError("Extra data", s, end)
json.decoder.JSONDecodeError: Extra data: line 1 column 13979 (char 13978)
20:42:42 Traceback (most recent call last):
  File "/root/rocm-tests/bench/smc-read.py", line 12, in <module>
    m=json.load(open(MAP)) if os.path.exists(MAP) else build_map()
      ^^^^^^^^^^^^^^^^^^^^
  File "/usr/lib/python3.12/json/__init__.py", line 293, in load
    return loads(fp.read(),
           ^^^^^^^^^^^^^^^^
  File "/usr/lib/python3.12/json/__init__.py", line 346, in loads
    return _default_decoder.decode(s)
           ^^^^^^^^^^^^^^^^^^^^^^^^^^
  File "/usr/lib/python3.12/json/decoder.py", line 340, in decode
    raise JSONDecodeError("Extra data", s, end)
json.decoder.JSONDecodeError: Extra data: line 1 column 13979 (char 13978)
20:42:47 Traceback (most recent call last):
  File "/root/rocm-tests/bench/smc-read.py", line 12, in <module>
    m=json.load(open(MAP)) if os.path.exists(MAP) else build_map()
      ^^^^^^^^^^^^^^^^^^^^
  File "/usr/lib/python3.12/json/__init__.py", line 293, in load
    return loads(fp.read(),
           ^^^^^^^^^^^^^^^^
  File "/usr/lib/python3.12/json/__init__.py", line 346, in loads
    return _default_decoder.decode(s)
           ^^^^^^^^^^^^^^^^^^^^^^^^^^
  File "/usr/lib/python3.12/json/decoder.py", line 340, in decode
    raise JSONDecodeError("Extra data", s, end)
json.decoder.JSONDecodeError: Extra data: line 1 column 13979 (char 13978)
20:42:52 Traceback (most recent call last):
  File "/root/rocm-tests/bench/smc-read.py", line 12, in <module>
    m=json.load(open(MAP)) if os.path.exists(MAP) else build_map()
      ^^^^^^^^^^^^^^^^^^^^
  File "/usr/lib/python3.12/json/__init__.py", line 293, in load
    return loads(fp.read(),
           ^^^^^^^^^^^^^^^^
  File "/usr/lib/python3.12/json/__init__.py", line 346, in loads
    return _default_decoder.decode(s)
           ^^^^^^^^^^^^^^^^^^^^^^^^^^
  File "/usr/lib/python3.12/json/decoder.py", line 340, in decode
    raise JSONDecodeError("Extra data", s, end)
json.decoder.JSONDecodeError: Extra data: line 1 column 13979 (char 13978)
20:42:57 Traceback (most recent call last):
  File "/root/rocm-tests/bench/smc-read.py", line 12, in <module>
    m=json.load(open(MAP)) if os.path.exists(MAP) else build_map()
      ^^^^^^^^^^^^^^^^^^^^
  File "/usr/lib/python3.12/json/__init__.py", line 293, in load
    return loads(fp.read(),
           ^^^^^^^^^^^^^^^^
  File "/usr/lib/python3.12/json/__init__.py", line 346, in loads
    return _default_decoder.decode(s)
           ^^^^^^^^^^^^^^^^^^^^^^^^^^
  File "/usr/lib/python3.12/json/decoder.py", line 340, in decode
    raise JSONDecodeError("Extra data", s, end)
json.decoder.JSONDecodeError: Extra data: line 1 column 13979 (char 13978)
20:43:02 Traceback (most recent call last):
  File "/root/rocm-tests/bench/smc-read.py", line 12, in <module>
    m=json.load(open(MAP)) if os.path.exists(MAP) else build_map()
      ^^^^^^^^^^^^^^^^^^^^
  File "/usr/lib/python3.12/json/__init__.py", line 293, in load
    return loads(fp.read(),
           ^^^^^^^^^^^^^^^^
  File "/usr/lib/python3.12/json/__init__.py", line 346, in loads
    return _default_decoder.decode(s)
           ^^^^^^^^^^^^^^^^^^^^^^^^^^
  File "/usr/lib/python3.12/json/decoder.py", line 340, in decode
    raise JSONDecodeError("Extra data", s, end)
json.decoder.JSONDecodeError: Extra data: line 1 column 13979 (char 13978)
20:43:07 Traceback (most recent call last):
  File "/root/rocm-tests/bench/smc-read.py", line 12, in <module>
    m=json.load(open(MAP)) if os.path.exists(MAP) else build_map()
      ^^^^^^^^^^^^^^^^^^^^
  File "/usr/lib/python3.12/json/__init__.py", line 293, in load
    return loads(fp.read(),
           ^^^^^^^^^^^^^^^^
  File "/usr/lib/python3.12/json/__init__.py", line 346, in loads
    return _default_decoder.decode(s)
           ^^^^^^^^^^^^^^^^^^^^^^^^^^
  File "/usr/lib/python3.12/json/decoder.py", line 340, in decode
    raise JSONDecodeError("Extra data", s, end)
json.decoder.JSONDecodeError: Extra data: line 1 column 13979 (char 13978)
20:43:13 Traceback (most recent call last):
  File "/root/rocm-tests/bench/smc-read.py", line 12, in <module>
    m=json.load(open(MAP)) if os.path.exists(MAP) else build_map()
      ^^^^^^^^^^^^^^^^^^^^
  File "/usr/lib/python3.12/json/__init__.py", line 293, in load
    return loads(fp.read(),
           ^^^^^^^^^^^^^^^^
  File "/usr/lib/python3.12/json/__init__.py", line 346, in loads
    return _default_decoder.decode(s)
           ^^^^^^^^^^^^^^^^^^^^^^^^^^
  File "/usr/lib/python3.12/json/decoder.py", line 340, in decode
    raise JSONDecodeError("Extra data", s, end)
json.decoder.JSONDecodeError: Extra data: line 1 column 13979 (char 13978)
20:43:18 Traceback (most recent call last):
  File "/root/rocm-tests/bench/smc-read.py", line 12, in <module>
    m=json.load(open(MAP)) if os.path.exists(MAP) else build_map()
      ^^^^^^^^^^^^^^^^^^^^
  File "/usr/lib/python3.12/json/__init__.py", line 293, in load
    return loads(fp.read(),
           ^^^^^^^^^^^^^^^^
  File "/usr/lib/python3.12/json/__init__.py", line 346, in loads
    return _default_decoder.decode(s)
           ^^^^^^^^^^^^^^^^^^^^^^^^^^
  File "/usr/lib/python3.12/json/decoder.py", line 340, in decode
    raise JSONDecodeError("Extra data", s, end)
json.decoder.JSONDecodeError: Extra data: line 1 column 13979 (char 13978)
20:43:23 Traceback (most recent call last):
  File "/root/rocm-tests/bench/smc-read.py", line 12, in <module>
    m=json.load(open(MAP)) if os.path.exists(MAP) else build_map()
      ^^^^^^^^^^^^^^^^^^^^
  File "/usr/lib/python3.12/json/__init__.py", line 293, in load
    return loads(fp.read(),
           ^^^^^^^^^^^^^^^^
  File "/usr/lib/python3.12/json/__init__.py", line 346, in loads
    return _default_decoder.decode(s)
           ^^^^^^^^^^^^^^^^^^^^^^^^^^
  File "/usr/lib/python3.12/json/decoder.py", line 340, in decode
    raise JSONDecodeError("Extra data", s, end)
json.decoder.JSONDecodeError: Extra data: line 1 column 13979 (char 13978)
20:43:28 Traceback (most recent call last):
  File "/root/rocm-tests/bench/smc-read.py", line 12, in <module>
    m=json.load(open(MAP)) if os.path.exists(MAP) else build_map()
      ^^^^^^^^^^^^^^^^^^^^
  File "/usr/lib/python3.12/json/__init__.py", line 293, in load
    return loads(fp.read(),
           ^^^^^^^^^^^^^^^^
  File "/usr/lib/python3.12/json/__init__.py", line 346, in loads
    return _default_decoder.decode(s)
           ^^^^^^^^^^^^^^^^^^^^^^^^^^
  File "/usr/lib/python3.12/json/decoder.py", line 340, in decode
    raise JSONDecodeError("Extra data", s, end)
json.decoder.JSONDecodeError: Extra data: line 1 column 13979 (char 13978)
20:43:33 Traceback (most recent call last):
  File "/root/rocm-tests/bench/smc-read.py", line 12, in <module>
    m=json.load(open(MAP)) if os.path.exists(MAP) else build_map()
      ^^^^^^^^^^^^^^^^^^^^
  File "/usr/lib/python3.12/json/__init__.py", line 293, in load
    return loads(fp.read(),
           ^^^^^^^^^^^^^^^^
  File "/usr/lib/python3.12/json/__init__.py", line 346, in loads
    return _default_decoder.decode(s)
           ^^^^^^^^^^^^^^^^^^^^^^^^^^
  File "/usr/lib/python3.12/json/decoder.py", line 340, in decode
    raise JSONDecodeError("Extra data", s, end)
json.decoder.JSONDecodeError: Extra data: line 1 column 13979 (char 13978)
20:43:38 Traceback (most recent call last):
  File "/root/rocm-tests/bench/smc-read.py", line 12, in <module>
    m=json.load(open(MAP)) if os.path.exists(MAP) else build_map()
      ^^^^^^^^^^^^^^^^^^^^
  File "/usr/lib/python3.12/json/__init__.py", line 293, in load
    return loads(fp.read(),
           ^^^^^^^^^^^^^^^^
  File "/usr/lib/python3.12/json/__init__.py", line 346, in loads
    return _default_decoder.decode(s)
           ^^^^^^^^^^^^^^^^^^^^^^^^^^
  File "/usr/lib/python3.12/json/decoder.py", line 340, in decode
    raise JSONDecodeError("Extra data", s, end)
json.decoder.JSONDecodeError: Extra data: line 1 column 13979 (char 13978)
20:43:43 Traceback (most recent call last):
  File "/root/rocm-tests/bench/smc-read.py", line 12, in <module>
    m=json.load(open(MAP)) if os.path.exists(MAP) else build_map()
      ^^^^^^^^^^^^^^^^^^^^
  File "/usr/lib/python3.12/json/__init__.py", line 293, in load
    return loads(fp.read(),
           ^^^^^^^^^^^^^^^^
  File "/usr/lib/python3.12/json/__init__.py", line 346, in loads
    return _default_decoder.decode(s)
           ^^^^^^^^^^^^^^^^^^^^^^^^^^
  File "/usr/lib/python3.12/json/decoder.py", line 340, in decode
    raise JSONDecodeError("Extra data", s, end)
json.decoder.JSONDecodeError: Extra data: line 1 column 13979 (char 13978)
20:43:48 Traceback (most recent call last):
  File "/root/rocm-tests/bench/smc-read.py", line 12, in <module>
    m=json.load(open(MAP)) if os.path.exists(MAP) else build_map()
      ^^^^^^^^^^^^^^^^^^^^
  File "/usr/lib/python3.12/json/__init__.py", line 293, in load
    return loads(fp.read(),
           ^^^^^^^^^^^^^^^^
  File "/usr/lib/python3.12/json/__init__.py", line 346, in loads
    return _default_decoder.decode(s)
           ^^^^^^^^^^^^^^^^^^^^^^^^^^
  File "/usr/lib/python3.12/json/decoder.py", line 340, in decode
    raise JSONDecodeError("Extra data", s, end)
json.decoder.JSONDecodeError: Extra data: line 1 column 13979 (char 13978)
20:43:53 Traceback (most recent call last):
  File "/root/rocm-tests/bench/smc-read.py", line 12, in <module>
    m=json.load(open(MAP)) if os.path.exists(MAP) else build_map()
      ^^^^^^^^^^^^^^^^^^^^
  File "/usr/lib/python3.12/json/__init__.py", line 293, in load
    return loads(fp.read(),
           ^^^^^^^^^^^^^^^^
  File "/usr/lib/python3.12/json/__init__.py", line 346, in loads
    return _default_decoder.decode(s)
           ^^^^^^^^^^^^^^^^^^^^^^^^^^
  File "/usr/lib/python3.12/json/decoder.py", line 340, in decode
    raise JSONDecodeError("Extra data", s, end)
json.decoder.JSONDecodeError: Extra data: line 1 column 13979 (char 13978)
20:43:58 Traceback (most recent call last):
  File "/root/rocm-tests/bench/smc-read.py", line 12, in <module>
    m=json.load(open(MAP)) if os.path.exists(MAP) else build_map()
      ^^^^^^^^^^^^^^^^^^^^
  File "/usr/lib/python3.12/json/__init__.py", line 293, in load
    return loads(fp.read(),
           ^^^^^^^^^^^^^^^^
  File "/usr/lib/python3.12/json/__init__.py", line 346, in loads
    return _default_decoder.decode(s)
           ^^^^^^^^^^^^^^^^^^^^^^^^^^
  File "/usr/lib/python3.12/json/decoder.py", line 340, in decode
    raise JSONDecodeError("Extra data", s, end)
json.decoder.JSONDecodeError: Extra data: line 1 column 13979 (char 13978)
20:44:03 Traceback (most recent call last):
  File "/root/rocm-tests/bench/smc-read.py", line 12, in <module>
    m=json.load(open(MAP)) if os.path.exists(MAP) else build_map()
      ^^^^^^^^^^^^^^^^^^^^
  File "/usr/lib/python3.12/json/__init__.py", line 293, in load
    return loads(fp.read(),
           ^^^^^^^^^^^^^^^^
  File "/usr/lib/python3.12/json/__init__.py", line 346, in loads
    return _default_decoder.decode(s)
           ^^^^^^^^^^^^^^^^^^^^^^^^^^
  File "/usr/lib/python3.12/json/decoder.py", line 340, in decode
    raise JSONDecodeError("Extra data", s, end)
json.decoder.JSONDecodeError: Extra data: line 1 column 13979 (char 13978)
20:44:09 Traceback (most recent call last):
  File "/root/rocm-tests/bench/smc-read.py", line 12, in <module>
    m=json.load(open(MAP)) if os.path.exists(MAP) else build_map()
      ^^^^^^^^^^^^^^^^^^^^
  File "/usr/lib/python3.12/json/__init__.py", line 293, in load
    return loads(fp.read(),
           ^^^^^^^^^^^^^^^^
  File "/usr/lib/python3.12/json/__init__.py", line 346, in loads
    return _default_decoder.decode(s)
           ^^^^^^^^^^^^^^^^^^^^^^^^^^
  File "/usr/lib/python3.12/json/decoder.py", line 340, in decode
    raise JSONDecodeError("Extra data", s, end)
json.decoder.JSONDecodeError: Extra data: line 1 column 13979 (char 13978)
20:44:14 Traceback (most recent call last):
  File "/root/rocm-tests/bench/smc-read.py", line 12, in <module>
    m=json.load(open(MAP)) if os.path.exists(MAP) else build_map()
      ^^^^^^^^^^^^^^^^^^^^
  File "/usr/lib/python3.12/json/__init__.py", line 293, in load
    return loads(fp.read(),
           ^^^^^^^^^^^^^^^^
  File "/usr/lib/python3.12/json/__init__.py", line 346, in loads
    return _default_decoder.decode(s)
           ^^^^^^^^^^^^^^^^^^^^^^^^^^
  File "/usr/lib/python3.12/json/decoder.py", line 340, in decode
    raise JSONDecodeError("Extra data", s, end)
json.decoder.JSONDecodeError: Extra data: line 1 column 13979 (char 13978)
20:44:19 Traceback (most recent call last):
  File "/root/rocm-tests/bench/smc-read.py", line 12, in <module>
    m=json.load(open(MAP)) if os.path.exists(MAP) else build_map()
      ^^^^^^^^^^^^^^^^^^^^
  File "/usr/lib/python3.12/json/__init__.py", line 293, in load
    return loads(fp.read(),
           ^^^^^^^^^^^^^^^^
  File "/usr/lib/python3.12/json/__init__.py", line 346, in loads
    return _default_decoder.decode(s)
           ^^^^^^^^^^^^^^^^^^^^^^^^^^
  File "/usr/lib/python3.12/json/decoder.py", line 340, in decode
    raise JSONDecodeError("Extra data", s, end)
json.decoder.JSONDecodeError: Extra data: line 1 column 13979 (char 13978)
20:44:24 Traceback (most recent call last):
  File "/root/rocm-tests/bench/smc-read.py", line 12, in <module>
    m=json.load(open(MAP)) if os.path.exists(MAP) else build_map()
      ^^^^^^^^^^^^^^^^^^^^
  File "/usr/lib/python3.12/json/__init__.py", line 293, in load
    return loads(fp.read(),
           ^^^^^^^^^^^^^^^^
  File "/usr/lib/python3.12/json/__init__.py", line 346, in loads
    return _default_decoder.decode(s)
           ^^^^^^^^^^^^^^^^^^^^^^^^^^
  File "/usr/lib/python3.12/json/decoder.py", line 340, in decode
    raise JSONDecodeError("Extra data", s, end)
json.decoder.JSONDecodeError: Extra data: line 1 column 13979 (char 13978)
20:44:29 Traceback (most recent call last):
  File "/root/rocm-tests/bench/smc-read.py", line 12, in <module>
    m=json.load(open(MAP)) if os.path.exists(MAP) else build_map()
      ^^^^^^^^^^^^^^^^^^^^
  File "/usr/lib/python3.12/json/__init__.py", line 293, in load
    return loads(fp.read(),
           ^^^^^^^^^^^^^^^^
  File "/usr/lib/python3.12/json/__init__.py", line 346, in loads
    return _default_decoder.decode(s)
           ^^^^^^^^^^^^^^^^^^^^^^^^^^
  File "/usr/lib/python3.12/json/decoder.py", line 340, in decode
    raise JSONDecodeError("Extra data", s, end)
json.decoder.JSONDecodeError: Extra data: line 1 column 13979 (char 13978)
20:44:34 Traceback (most recent call last):
  File "/root/rocm-tests/bench/smc-read.py", line 12, in <module>
    m=json.load(open(MAP)) if os.path.exists(MAP) else build_map()
      ^^^^^^^^^^^^^^^^^^^^
  File "/usr/lib/python3.12/json/__init__.py", line 293, in load
    return loads(fp.read(),
           ^^^^^^^^^^^^^^^^
  File "/usr/lib/python3.12/json/__init__.py", line 346, in loads
    return _default_decoder.decode(s)
           ^^^^^^^^^^^^^^^^^^^^^^^^^^
  File "/usr/lib/python3.12/json/decoder.py", line 340, in decode
    raise JSONDecodeError("Extra data", s, end)
json.decoder.JSONDecodeError: Extra data: line 1 column 13979 (char 13978)
20:44:39 Traceback (most recent call last):
  File "/root/rocm-tests/bench/smc-read.py", line 12, in <module>
    m=json.load(open(MAP)) if os.path.exists(MAP) else build_map()
      ^^^^^^^^^^^^^^^^^^^^
  File "/usr/lib/python3.12/json/__init__.py", line 293, in load
    return loads(fp.read(),
           ^^^^^^^^^^^^^^^^
  File "/usr/lib/python3.12/json/__init__.py", line 346, in loads
    return _default_decoder.decode(s)
           ^^^^^^^^^^^^^^^^^^^^^^^^^^
  File "/usr/lib/python3.12/json/decoder.py", line 340, in decode
    raise JSONDecodeError("Extra data", s, end)
json.decoder.JSONDecodeError: Extra data: line 1 column 13979 (char 13978)
20:44:44 Traceback (most recent call last):
  File "/root/rocm-tests/bench/smc-read.py", line 12, in <module>
    m=json.load(open(MAP)) if os.path.exists(MAP) else build_map()
      ^^^^^^^^^^^^^^^^^^^^
  File "/usr/lib/python3.12/json/__init__.py", line 293, in load
    return loads(fp.read(),
           ^^^^^^^^^^^^^^^^
  File "/usr/lib/python3.12/json/__init__.py", line 346, in loads
    return _default_decoder.decode(s)
           ^^^^^^^^^^^^^^^^^^^^^^^^^^
  File "/usr/lib/python3.12/json/decoder.py", line 340, in decode
    raise JSONDecodeError("Extra data", s, end)
json.decoder.JSONDecodeError: Extra data: line 1 column 13979 (char 13978)
20:44:49 Traceback (most recent call last):
  File "/root/rocm-tests/bench/smc-read.py", line 12, in <module>
    m=json.load(open(MAP)) if os.path.exists(MAP) else build_map()
      ^^^^^^^^^^^^^^^^^^^^
  File "/usr/lib/python3.12/json/__init__.py", line 293, in load
    return loads(fp.read(),
           ^^^^^^^^^^^^^^^^
  File "/usr/lib/python3.12/json/__init__.py", line 346, in loads
    return _default_decoder.decode(s)
           ^^^^^^^^^^^^^^^^^^^^^^^^^^
  File "/usr/lib/python3.12/json/decoder.py", line 340, in decode
    raise JSONDecodeError("Extra data", s, end)
json.decoder.JSONDecodeError: Extra data: line 1 column 13979 (char 13978)
20:44:54 Traceback (most recent call last):
  File "/root/rocm-tests/bench/smc-read.py", line 12, in <module>
    m=json.load(open(MAP)) if os.path.exists(MAP) else build_map()
      ^^^^^^^^^^^^^^^^^^^^
  File "/usr/lib/python3.12/json/__init__.py", line 293, in load
    return loads(fp.read(),
           ^^^^^^^^^^^^^^^^
  File "/usr/lib/python3.12/json/__init__.py", line 346, in loads
    return _default_decoder.decode(s)
           ^^^^^^^^^^^^^^^^^^^^^^^^^^
  File "/usr/lib/python3.12/json/decoder.py", line 340, in decode
    raise JSONDecodeError("Extra data", s, end)
json.decoder.JSONDecodeError: Extra data: line 1 column 13979 (char 13978)
20:45:00 Traceback (most recent call last):
  File "/root/rocm-tests/bench/smc-read.py", line 12, in <module>
    m=json.load(open(MAP)) if os.path.exists(MAP) else build_map()
      ^^^^^^^^^^^^^^^^^^^^
  File "/usr/lib/python3.12/json/__init__.py", line 293, in load
    return loads(fp.read(),
           ^^^^^^^^^^^^^^^^
  File "/usr/lib/python3.12/json/__init__.py", line 346, in loads
    return _default_decoder.decode(s)
           ^^^^^^^^^^^^^^^^^^^^^^^^^^
  File "/usr/lib/python3.12/json/decoder.py", line 340, in decode
    raise JSONDecodeError("Extra data", s, end)
json.decoder.JSONDecodeError: Extra data: line 1 column 13979 (char 13978)
20:45:05 Traceback (most recent call last):
  File "/root/rocm-tests/bench/smc-read.py", line 12, in <module>
    m=json.load(open(MAP)) if os.path.exists(MAP) else build_map()
      ^^^^^^^^^^^^^^^^^^^^
  File "/usr/lib/python3.12/json/__init__.py", line 293, in load
    return loads(fp.read(),
           ^^^^^^^^^^^^^^^^
  File "/usr/lib/python3.12/json/__init__.py", line 346, in loads
    return _default_decoder.decode(s)
           ^^^^^^^^^^^^^^^^^^^^^^^^^^
  File "/usr/lib/python3.12/json/decoder.py", line 340, in decode
    raise JSONDecodeError("Extra data", s, end)
json.decoder.JSONDecodeError: Extra data: line 1 column 13979 (char 13978)
20:45:10 Traceback (most recent call last):
  File "/root/rocm-tests/bench/smc-read.py", line 12, in <module>
    m=json.load(open(MAP)) if os.path.exists(MAP) else build_map()
      ^^^^^^^^^^^^^^^^^^^^
  File "/usr/lib/python3.12/json/__init__.py", line 293, in load
    return loads(fp.read(),
           ^^^^^^^^^^^^^^^^
  File "/usr/lib/python3.12/json/__init__.py", line 346, in loads
    return _default_decoder.decode(s)
           ^^^^^^^^^^^^^^^^^^^^^^^^^^
  File "/usr/lib/python3.12/json/decoder.py", line 340, in decode
    raise JSONDecodeError("Extra data", s, end)
json.decoder.JSONDecodeError: Extra data: line 1 column 13979 (char 13978)
20:45:15 Traceback (most recent call last):
  File "/root/rocm-tests/bench/smc-read.py", line 12, in <module>
    m=json.load(open(MAP)) if os.path.exists(MAP) else build_map()
      ^^^^^^^^^^^^^^^^^^^^
  File "/usr/lib/python3.12/json/__init__.py", line 293, in load
    return loads(fp.read(),
           ^^^^^^^^^^^^^^^^
  File "/usr/lib/python3.12/json/__init__.py", line 346, in loads
    return _default_decoder.decode(s)
           ^^^^^^^^^^^^^^^^^^^^^^^^^^
  File "/usr/lib/python3.12/json/decoder.py", line 340, in decode
    raise JSONDecodeError("Extra data", s, end)
json.decoder.JSONDecodeError: Extra data: line 1 column 13979 (char 13978)
20:45:20 Traceback (most recent call last):
  File "/root/rocm-tests/bench/smc-read.py", line 12, in <module>
    m=json.load(open(MAP)) if os.path.exists(MAP) else build_map()
      ^^^^^^^^^^^^^^^^^^^^
  File "/usr/lib/python3.12/json/__init__.py", line 293, in load
    return loads(fp.read(),
           ^^^^^^^^^^^^^^^^
  File "/usr/lib/python3.12/json/__init__.py", line 346, in loads
    return _default_decoder.decode(s)
           ^^^^^^^^^^^^^^^^^^^^^^^^^^
  File "/usr/lib/python3.12/json/decoder.py", line 340, in decode
    raise JSONDecodeError("Extra data", s, end)
json.decoder.JSONDecodeError: Extra data: line 1 column 13979 (char 13978)
20:45:25 Traceback (most recent call last):
  File "/root/rocm-tests/bench/smc-read.py", line 12, in <module>
    m=json.load(open(MAP)) if os.path.exists(MAP) else build_map()
      ^^^^^^^^^^^^^^^^^^^^
  File "/usr/lib/python3.12/json/__init__.py", line 293, in load
    return loads(fp.read(),
           ^^^^^^^^^^^^^^^^
  File "/usr/lib/python3.12/json/__init__.py", line 346, in loads
    return _default_decoder.decode(s)
           ^^^^^^^^^^^^^^^^^^^^^^^^^^
  File "/usr/lib/python3.12/json/decoder.py", line 340, in decode
    raise JSONDecodeError("Extra data", s, end)
json.decoder.JSONDecodeError: Extra data: line 1 column 13979 (char 13978)
20:45:30 Traceback (most recent call last):
  File "/root/rocm-tests/bench/smc-read.py", line 12, in <module>
    m=json.load(open(MAP)) if os.path.exists(MAP) else build_map()
      ^^^^^^^^^^^^^^^^^^^^
  File "/usr/lib/python3.12/json/__init__.py", line 293, in load
    return loads(fp.read(),
           ^^^^^^^^^^^^^^^^
  File "/usr/lib/python3.12/json/__init__.py", line 346, in loads
    return _default_decoder.decode(s)
           ^^^^^^^^^^^^^^^^^^^^^^^^^^
  File "/usr/lib/python3.12/json/decoder.py", line 340, in decode
    raise JSONDecodeError("Extra data", s, end)
json.decoder.JSONDecodeError: Extra data: line 1 column 13979 (char 13978)
20:45:35 Traceback (most recent call last):
  File "/root/rocm-tests/bench/smc-read.py", line 12, in <module>
    m=json.load(open(MAP)) if os.path.exists(MAP) else build_map()
      ^^^^^^^^^^^^^^^^^^^^
  File "/usr/lib/python3.12/json/__init__.py", line 293, in load
    return loads(fp.read(),
           ^^^^^^^^^^^^^^^^
  File "/usr/lib/python3.12/json/__init__.py", line 346, in loads
    return _default_decoder.decode(s)
           ^^^^^^^^^^^^^^^^^^^^^^^^^^
  File "/usr/lib/python3.12/json/decoder.py", line 340, in decode
    raise JSONDecodeError("Extra data", s, end)
json.decoder.JSONDecodeError: Extra data: line 1 column 13979 (char 13978)
20:45:40 Traceback (most recent call last):
  File "/root/rocm-tests/bench/smc-read.py", line 12, in <module>
    m=json.load(open(MAP)) if os.path.exists(MAP) else build_map()
      ^^^^^^^^^^^^^^^^^^^^
  File "/usr/lib/python3.12/json/__init__.py", line 293, in load
    return loads(fp.read(),
           ^^^^^^^^^^^^^^^^
  File "/usr/lib/python3.12/json/__init__.py", line 346, in loads
    return _default_decoder.decode(s)
           ^^^^^^^^^^^^^^^^^^^^^^^^^^
  File "/usr/lib/python3.12/json/decoder.py", line 340, in decode
    raise JSONDecodeError("Extra data", s, end)
json.decoder.JSONDecodeError: Extra data: line 1 column 13979 (char 13978)
20:45:45 Traceback (most recent call last):
  File "/root/rocm-tests/bench/smc-read.py", line 12, in <module>
    m=json.load(open(MAP)) if os.path.exists(MAP) else build_map()
      ^^^^^^^^^^^^^^^^^^^^
  File "/usr/lib/python3.12/json/__init__.py", line 293, in load
    return loads(fp.read(),
           ^^^^^^^^^^^^^^^^
  File "/usr/lib/python3.12/json/__init__.py", line 346, in loads
    return _default_decoder.decode(s)
           ^^^^^^^^^^^^^^^^^^^^^^^^^^
  File "/usr/lib/python3.12/json/decoder.py", line 340, in decode
    raise JSONDecodeError("Extra data", s, end)
json.decoder.JSONDecodeError: Extra data: line 1 column 13979 (char 13978)
20:45:50 Traceback (most recent call last):
  File "/root/rocm-tests/bench/smc-read.py", line 12, in <module>
    m=json.load(open(MAP)) if os.path.exists(MAP) else build_map()
      ^^^^^^^^^^^^^^^^^^^^
  File "/usr/lib/python3.12/json/__init__.py", line 293, in load
    return loads(fp.read(),
           ^^^^^^^^^^^^^^^^
  File "/usr/lib/python3.12/json/__init__.py", line 346, in loads
    return _default_decoder.decode(s)
           ^^^^^^^^^^^^^^^^^^^^^^^^^^
  File "/usr/lib/python3.12/json/decoder.py", line 340, in decode
    raise JSONDecodeError("Extra data", s, end)
json.decoder.JSONDecodeError: Extra data: line 1 column 13979 (char 13978)
20:45:56 Traceback (most recent call last):
  File "/root/rocm-tests/bench/smc-read.py", line 12, in <module>
    m=json.load(open(MAP)) if os.path.exists(MAP) else build_map()
      ^^^^^^^^^^^^^^^^^^^^
  File "/usr/lib/python3.12/json/__init__.py", line 293, in load
    return loads(fp.read(),
           ^^^^^^^^^^^^^^^^
  File "/usr/lib/python3.12/json/__init__.py", line 346, in loads
    return _default_decoder.decode(s)
           ^^^^^^^^^^^^^^^^^^^^^^^^^^
  File "/usr/lib/python3.12/json/decoder.py", line 340, in decode
    raise JSONDecodeError("Extra data", s, end)
json.decoder.JSONDecodeError: Extra data: line 1 column 13979 (char 13978)
20:46:01 Traceback (most recent call last):
  File "/root/rocm-tests/bench/smc-read.py", line 12, in <module>
    m=json.load(open(MAP)) if os.path.exists(MAP) else build_map()
      ^^^^^^^^^^^^^^^^^^^^
  File "/usr/lib/python3.12/json/__init__.py", line 293, in load
    return loads(fp.read(),
           ^^^^^^^^^^^^^^^^
  File "/usr/lib/python3.12/json/__init__.py", line 346, in loads
    return _default_decoder.decode(s)
           ^^^^^^^^^^^^^^^^^^^^^^^^^^
  File "/usr/lib/python3.12/json/decoder.py", line 340, in decode
    raise JSONDecodeError("Extra data", s, end)
json.decoder.JSONDecodeError: Extra data: line 1 column 13979 (char 13978)
20:46:06 Traceback (most recent call last):
  File "/root/rocm-tests/bench/smc-read.py", line 12, in <module>
    m=json.load(open(MAP)) if os.path.exists(MAP) else build_map()
      ^^^^^^^^^^^^^^^^^^^^
  File "/usr/lib/python3.12/json/__init__.py", line 293, in load
    return loads(fp.read(),
           ^^^^^^^^^^^^^^^^
  File "/usr/lib/python3.12/json/__init__.py", line 346, in loads
    return _default_decoder.decode(s)
           ^^^^^^^^^^^^^^^^^^^^^^^^^^
  File "/usr/lib/python3.12/json/decoder.py", line 340, in decode
    raise JSONDecodeError("Extra data", s, end)
json.decoder.JSONDecodeError: Extra data: line 1 column 13979 (char 13978)
20:46:11 Traceback (most recent call last):
  File "/root/rocm-tests/bench/smc-read.py", line 12, in <module>
    m=json.load(open(MAP)) if os.path.exists(MAP) else build_map()
      ^^^^^^^^^^^^^^^^^^^^
  File "/usr/lib/python3.12/json/__init__.py", line 293, in load
    return loads(fp.read(),
           ^^^^^^^^^^^^^^^^
  File "/usr/lib/python3.12/json/__init__.py", line 346, in loads
    return _default_decoder.decode(s)
           ^^^^^^^^^^^^^^^^^^^^^^^^^^
  File "/usr/lib/python3.12/json/decoder.py", line 340, in decode
    raise JSONDecodeError("Extra data", s, end)
json.decoder.JSONDecodeError: Extra data: line 1 column 13979 (char 13978)
20:46:16 Traceback (most recent call last):
  File "/root/rocm-tests/bench/smc-read.py", line 12, in <module>
    m=json.load(open(MAP)) if os.path.exists(MAP) else build_map()
      ^^^^^^^^^^^^^^^^^^^^
  File "/usr/lib/python3.12/json/__init__.py", line 293, in load
    return loads(fp.read(),
           ^^^^^^^^^^^^^^^^
  File "/usr/lib/python3.12/json/__init__.py", line 346, in loads
    return _default_decoder.decode(s)
           ^^^^^^^^^^^^^^^^^^^^^^^^^^
  File "/usr/lib/python3.12/json/decoder.py", line 340, in decode
    raise JSONDecodeError("Extra data", s, end)
json.decoder.JSONDecodeError: Extra data: line 1 column 13979 (char 13978)
20:46:21 Traceback (most recent call last):
  File "/root/rocm-tests/bench/smc-read.py", line 12, in <module>
    m=json.load(open(MAP)) if os.path.exists(MAP) else build_map()
      ^^^^^^^^^^^^^^^^^^^^
  File "/usr/lib/python3.12/json/__init__.py", line 293, in load
    return loads(fp.read(),
           ^^^^^^^^^^^^^^^^
  File "/usr/lib/python3.12/json/__init__.py", line 346, in loads
    return _default_decoder.decode(s)
           ^^^^^^^^^^^^^^^^^^^^^^^^^^
  File "/usr/lib/python3.12/json/decoder.py", line 340, in decode
    raise JSONDecodeError("Extra data", s, end)
json.decoder.JSONDecodeError: Extra data: line 1 column 13979 (char 13978)
20:46:26 Traceback (most recent call last):
  File "/root/rocm-tests/bench/smc-read.py", line 12, in <module>
    m=json.load(open(MAP)) if os.path.exists(MAP) else build_map()
      ^^^^^^^^^^^^^^^^^^^^
  File "/usr/lib/python3.12/json/__init__.py", line 293, in load
    return loads(fp.read(),
           ^^^^^^^^^^^^^^^^
  File "/usr/lib/python3.12/json/__init__.py", line 346, in loads
    return _default_decoder.decode(s)
           ^^^^^^^^^^^^^^^^^^^^^^^^^^
  File "/usr/lib/python3.12/json/decoder.py", line 340, in decode
    raise JSONDecodeError("Extra data", s, end)
json.decoder.JSONDecodeError: Extra data: line 1 column 13979 (char 13978)
20:46:31 Traceback (most recent call last):
  File "/root/rocm-tests/bench/smc-read.py", line 12, in <module>
    m=json.load(open(MAP)) if os.path.exists(MAP) else build_map()
      ^^^^^^^^^^^^^^^^^^^^
  File "/usr/lib/python3.12/json/__init__.py", line 293, in load
    return loads(fp.read(),
           ^^^^^^^^^^^^^^^^
  File "/usr/lib/python3.12/json/__init__.py", line 346, in loads
    return _default_decoder.decode(s)
           ^^^^^^^^^^^^^^^^^^^^^^^^^^
  File "/usr/lib/python3.12/json/decoder.py", line 340, in decode
    raise JSONDecodeError("Extra data", s, end)
json.decoder.JSONDecodeError: Extra data: line 1 column 13979 (char 13978)
20:46:36 Traceback (most recent call last):
  File "/root/rocm-tests/bench/smc-read.py", line 12, in <module>
    m=json.load(open(MAP)) if os.path.exists(MAP) else build_map()
      ^^^^^^^^^^^^^^^^^^^^
  File "/usr/lib/python3.12/json/__init__.py", line 293, in load
    return loads(fp.read(),
           ^^^^^^^^^^^^^^^^
  File "/usr/lib/python3.12/json/__init__.py", line 346, in loads
    return _default_decoder.decode(s)
           ^^^^^^^^^^^^^^^^^^^^^^^^^^
  File "/usr/lib/python3.12/json/decoder.py", line 340, in decode
    raise JSONDecodeError("Extra data", s, end)
json.decoder.JSONDecodeError: Extra data: line 1 column 13979 (char 13978)
20:46:41 Traceback (most recent call last):
  File "/root/rocm-tests/bench/smc-read.py", line 12, in <module>
    m=json.load(open(MAP)) if os.path.exists(MAP) else build_map()
      ^^^^^^^^^^^^^^^^^^^^
  File "/usr/lib/python3.12/json/__init__.py", line 293, in load
    return loads(fp.read(),
           ^^^^^^^^^^^^^^^^
  File "/usr/lib/python3.12/json/__init__.py", line 346, in loads
    return _default_decoder.decode(s)
           ^^^^^^^^^^^^^^^^^^^^^^^^^^
  File "/usr/lib/python3.12/json/decoder.py", line 340, in decode
    raise JSONDecodeError("Extra data", s, end)
json.decoder.JSONDecodeError: Extra data: line 1 column 13979 (char 13978)
20:46:46 Traceback (most recent call last):
  File "/root/rocm-tests/bench/smc-read.py", line 12, in <module>
    m=json.load(open(MAP)) if os.path.exists(MAP) else build_map()
      ^^^^^^^^^^^^^^^^^^^^
  File "/usr/lib/python3.12/json/__init__.py", line 293, in load
    return loads(fp.read(),
           ^^^^^^^^^^^^^^^^
  File "/usr/lib/python3.12/json/__init__.py", line 346, in loads
    return _default_decoder.decode(s)
           ^^^^^^^^^^^^^^^^^^^^^^^^^^
  File "/usr/lib/python3.12/json/decoder.py", line 340, in decode
    raise JSONDecodeError("Extra data", s, end)
json.decoder.JSONDecodeError: Extra data: line 1 column 13979 (char 13978)
20:46:52 Traceback (most recent call last):
  File "/root/rocm-tests/bench/smc-read.py", line 12, in <module>
    m=json.load(open(MAP)) if os.path.exists(MAP) else build_map()
      ^^^^^^^^^^^^^^^^^^^^
  File "/usr/lib/python3.12/json/__init__.py", line 293, in load
    return loads(fp.read(),
           ^^^^^^^^^^^^^^^^
  File "/usr/lib/python3.12/json/__init__.py", line 346, in loads
    return _default_decoder.decode(s)
           ^^^^^^^^^^^^^^^^^^^^^^^^^^
  File "/usr/lib/python3.12/json/decoder.py", line 340, in decode
    raise JSONDecodeError("Extra data", s, end)
json.decoder.JSONDecodeError: Extra data: line 1 column 13979 (char 13978)
20:46:57 Traceback (most recent call last):
  File "/root/rocm-tests/bench/smc-read.py", line 12, in <module>
    m=json.load(open(MAP)) if os.path.exists(MAP) else build_map()
      ^^^^^^^^^^^^^^^^^^^^
  File "/usr/lib/python3.12/json/__init__.py", line 293, in load
    return loads(fp.read(),
           ^^^^^^^^^^^^^^^^
  File "/usr/lib/python3.12/json/__init__.py", line 346, in loads
    return _default_decoder.decode(s)
           ^^^^^^^^^^^^^^^^^^^^^^^^^^
  File "/usr/lib/python3.12/json/decoder.py", line 340, in decode
    raise JSONDecodeError("Extra data", s, end)
json.decoder.JSONDecodeError: Extra data: line 1 column 13979 (char 13978)
20:47:02 Traceback (most recent call last):
  File "/root/rocm-tests/bench/smc-read.py", line 12, in <module>
    m=json.load(open(MAP)) if os.path.exists(MAP) else build_map()
      ^^^^^^^^^^^^^^^^^^^^
  File "/usr/lib/python3.12/json/__init__.py", line 293, in load
    return loads(fp.read(),
           ^^^^^^^^^^^^^^^^
  File "/usr/lib/python3.12/json/__init__.py", line 346, in loads
    return _default_decoder.decode(s)
           ^^^^^^^^^^^^^^^^^^^^^^^^^^
  File "/usr/lib/python3.12/json/decoder.py", line 340, in decode
    raise JSONDecodeError("Extra data", s, end)
json.decoder.JSONDecodeError: Extra data: line 1 column 13979 (char 13978)
20:47:07 Traceback (most recent call last):
  File "/root/rocm-tests/bench/smc-read.py", line 12, in <module>
    m=json.load(open(MAP)) if os.path.exists(MAP) else build_map()
      ^^^^^^^^^^^^^^^^^^^^
  File "/usr/lib/python3.12/json/__init__.py", line 293, in load
    return loads(fp.read(),
           ^^^^^^^^^^^^^^^^
  File "/usr/lib/python3.12/json/__init__.py", line 346, in loads
    return _default_decoder.decode(s)
           ^^^^^^^^^^^^^^^^^^^^^^^^^^
  File "/usr/lib/python3.12/json/decoder.py", line 340, in decode
    raise JSONDecodeError("Extra data", s, end)
json.decoder.JSONDecodeError: Extra data: line 1 column 13979 (char 13978)
20:47:12 Traceback (most recent call last):
  File "/root/rocm-tests/bench/smc-read.py", line 12, in <module>
    m=json.load(open(MAP)) if os.path.exists(MAP) else build_map()
      ^^^^^^^^^^^^^^^^^^^^
  File "/usr/lib/python3.12/json/__init__.py", line 293, in load
    return loads(fp.read(),
           ^^^^^^^^^^^^^^^^
  File "/usr/lib/python3.12/json/__init__.py", line 346, in loads
    return _default_decoder.decode(s)
           ^^^^^^^^^^^^^^^^^^^^^^^^^^
  File "/usr/lib/python3.12/json/decoder.py", line 340, in decode
    raise JSONDecodeError("Extra data", s, end)
json.decoder.JSONDecodeError: Extra data: line 1 column 13979 (char 13978)
20:47:17 Traceback (most recent call last):
  File "/root/rocm-tests/bench/smc-read.py", line 12, in <module>
    m=json.load(open(MAP)) if os.path.exists(MAP) else build_map()
      ^^^^^^^^^^^^^^^^^^^^
  File "/usr/lib/python3.12/json/__init__.py", line 293, in load
    return loads(fp.read(),
           ^^^^^^^^^^^^^^^^
  File "/usr/lib/python3.12/json/__init__.py", line 346, in loads
    return _default_decoder.decode(s)
           ^^^^^^^^^^^^^^^^^^^^^^^^^^
  File "/usr/lib/python3.12/json/decoder.py", line 340, in decode
    raise JSONDecodeError("Extra data", s, end)
json.decoder.JSONDecodeError: Extra data: line 1 column 13979 (char 13978)
20:47:22 Traceback (most recent call last):
  File "/root/rocm-tests/bench/smc-read.py", line 12, in <module>
    m=json.load(open(MAP)) if os.path.exists(MAP) else build_map()
      ^^^^^^^^^^^^^^^^^^^^
  File "/usr/lib/python3.12/json/__init__.py", line 293, in load
    return loads(fp.read(),
           ^^^^^^^^^^^^^^^^
  File "/usr/lib/python3.12/json/__init__.py", line 346, in loads
    return _default_decoder.decode(s)
           ^^^^^^^^^^^^^^^^^^^^^^^^^^
  File "/usr/lib/python3.12/json/decoder.py", line 340, in decode
    raise JSONDecodeError("Extra data", s, end)
json.decoder.JSONDecodeError: Extra data: line 1 column 13979 (char 13978)
20:47:27 Traceback (most recent call last):
  File "/root/rocm-tests/bench/smc-read.py", line 12, in <module>
    m=json.load(open(MAP)) if os.path.exists(MAP) else build_map()
      ^^^^^^^^^^^^^^^^^^^^
  File "/usr/lib/python3.12/json/__init__.py", line 293, in load
    return loads(fp.read(),
           ^^^^^^^^^^^^^^^^
  File "/usr/lib/python3.12/json/__init__.py", line 346, in loads
    return _default_decoder.decode(s)
           ^^^^^^^^^^^^^^^^^^^^^^^^^^
  File "/usr/lib/python3.12/json/decoder.py", line 340, in decode
    raise JSONDecodeError("Extra data", s, end)
json.decoder.JSONDecodeError: Extra data: line 1 column 13979 (char 13978)
20:47:32 Traceback (most recent call last):
  File "/root/rocm-tests/bench/smc-read.py", line 12, in <module>
    m=json.load(open(MAP)) if os.path.exists(MAP) else build_map()
      ^^^^^^^^^^^^^^^^^^^^
  File "/usr/lib/python3.12/json/__init__.py", line 293, in load
    return loads(fp.read(),
           ^^^^^^^^^^^^^^^^
  File "/usr/lib/python3.12/json/__init__.py", line 346, in loads
    return _default_decoder.decode(s)
           ^^^^^^^^^^^^^^^^^^^^^^^^^^
  File "/usr/lib/python3.12/json/decoder.py", line 340, in decode
    raise JSONDecodeError("Extra data", s, end)
json.decoder.JSONDecodeError: Extra data: line 1 column 13979 (char 13978)
20:47:37 Traceback (most recent call last):
  File "/root/rocm-tests/bench/smc-read.py", line 12, in <module>
    m=json.load(open(MAP)) if os.path.exists(MAP) else build_map()
      ^^^^^^^^^^^^^^^^^^^^
  File "/usr/lib/python3.12/json/__init__.py", line 293, in load
    return loads(fp.read(),
           ^^^^^^^^^^^^^^^^
  File "/usr/lib/python3.12/json/__init__.py", line 346, in loads
    return _default_decoder.decode(s)
           ^^^^^^^^^^^^^^^^^^^^^^^^^^
  File "/usr/lib/python3.12/json/decoder.py", line 340, in decode
    raise JSONDecodeError("Extra data", s, end)
json.decoder.JSONDecodeError: Extra data: line 1 column 13979 (char 13978)
20:47:42 Traceback (most recent call last):
  File "/root/rocm-tests/bench/smc-read.py", line 12, in <module>
    m=json.load(open(MAP)) if os.path.exists(MAP) else build_map()
      ^^^^^^^^^^^^^^^^^^^^
  File "/usr/lib/python3.12/json/__init__.py", line 293, in load
    return loads(fp.read(),
           ^^^^^^^^^^^^^^^^
  File "/usr/lib/python3.12/json/__init__.py", line 346, in loads
    return _default_decoder.decode(s)
           ^^^^^^^^^^^^^^^^^^^^^^^^^^
  File "/usr/lib/python3.12/json/decoder.py", line 340, in decode
    raise JSONDecodeError("Extra data", s, end)
json.decoder.JSONDecodeError: Extra data: line 1 column 13979 (char 13978)
20:47:48 Traceback (most recent call last):
  File "/root/rocm-tests/bench/smc-read.py", line 12, in <module>
    m=json.load(open(MAP)) if os.path.exists(MAP) else build_map()
      ^^^^^^^^^^^^^^^^^^^^
  File "/usr/lib/python3.12/json/__init__.py", line 293, in load
    return loads(fp.read(),
           ^^^^^^^^^^^^^^^^
  File "/usr/lib/python3.12/json/__init__.py", line 346, in loads
    return _default_decoder.decode(s)
           ^^^^^^^^^^^^^^^^^^^^^^^^^^
  File "/usr/lib/python3.12/json/decoder.py", line 340, in decode
    raise JSONDecodeError("Extra data", s, end)
json.decoder.JSONDecodeError: Extra data: line 1 column 13979 (char 13978)
20:47:53 Traceback (most recent call last):
  File "/root/rocm-tests/bench/smc-read.py", line 12, in <module>
    m=json.load(open(MAP)) if os.path.exists(MAP) else build_map()
      ^^^^^^^^^^^^^^^^^^^^
  File "/usr/lib/python3.12/json/__init__.py", line 293, in load
    return loads(fp.read(),
           ^^^^^^^^^^^^^^^^
  File "/usr/lib/python3.12/json/__init__.py", line 346, in loads
    return _default_decoder.decode(s)
           ^^^^^^^^^^^^^^^^^^^^^^^^^^
  File "/usr/lib/python3.12/json/decoder.py", line 340, in decode
    raise JSONDecodeError("Extra data", s, end)
json.decoder.JSONDecodeError: Extra data: line 1 column 13979 (char 13978)
20:47:58 Traceback (most recent call last):
  File "/root/rocm-tests/bench/smc-read.py", line 12, in <module>
    m=json.load(open(MAP)) if os.path.exists(MAP) else build_map()
      ^^^^^^^^^^^^^^^^^^^^
  File "/usr/lib/python3.12/json/__init__.py", line 293, in load
    return loads(fp.read(),
           ^^^^^^^^^^^^^^^^
  File "/usr/lib/python3.12/json/__init__.py", line 346, in loads
    return _default_decoder.decode(s)
           ^^^^^^^^^^^^^^^^^^^^^^^^^^
  File "/usr/lib/python3.12/json/decoder.py", line 340, in decode
    raise JSONDecodeError("Extra data", s, end)
json.decoder.JSONDecodeError: Extra data: line 1 column 13979 (char 13978)
20:48:03 Traceback (most recent call last):
  File "/root/rocm-tests/bench/smc-read.py", line 12, in <module>
    m=json.load(open(MAP)) if os.path.exists(MAP) else build_map()
      ^^^^^^^^^^^^^^^^^^^^
  File "/usr/lib/python3.12/json/__init__.py", line 293, in load
    return loads(fp.read(),
           ^^^^^^^^^^^^^^^^
  File "/usr/lib/python3.12/json/__init__.py", line 346, in loads
    return _default_decoder.decode(s)
           ^^^^^^^^^^^^^^^^^^^^^^^^^^
  File "/usr/lib/python3.12/json/decoder.py", line 340, in decode
    raise JSONDecodeError("Extra data", s, end)
json.decoder.JSONDecodeError: Extra data: line 1 column 13979 (char 13978)
20:48:08 Traceback (most recent call last):
  File "/root/rocm-tests/bench/smc-read.py", line 12, in <module>
    m=json.load(open(MAP)) if os.path.exists(MAP) else build_map()
      ^^^^^^^^^^^^^^^^^^^^
  File "/usr/lib/python3.12/json/__init__.py", line 293, in load
    return loads(fp.read(),
           ^^^^^^^^^^^^^^^^
  File "/usr/lib/python3.12/json/__init__.py", line 346, in loads
    return _default_decoder.decode(s)
           ^^^^^^^^^^^^^^^^^^^^^^^^^^
  File "/usr/lib/python3.12/json/decoder.py", line 340, in decode
    raise JSONDecodeError("Extra data", s, end)
json.decoder.JSONDecodeError: Extra data: line 1 column 13979 (char 13978)
20:48:13 Traceback (most recent call last):
  File "/root/rocm-tests/bench/smc-read.py", line 12, in <module>
    m=json.load(open(MAP)) if os.path.exists(MAP) else build_map()
      ^^^^^^^^^^^^^^^^^^^^
  File "/usr/lib/python3.12/json/__init__.py", line 293, in load
    return loads(fp.read(),
           ^^^^^^^^^^^^^^^^
  File "/usr/lib/python3.12/json/__init__.py", line 346, in loads
    return _default_decoder.decode(s)
           ^^^^^^^^^^^^^^^^^^^^^^^^^^
  File "/usr/lib/python3.12/json/decoder.py", line 340, in decode
    raise JSONDecodeError("Extra data", s, end)
json.decoder.JSONDecodeError: Extra data: line 1 column 13979 (char 13978)
20:48:18 Traceback (most recent call last):
  File "/root/rocm-tests/bench/smc-read.py", line 12, in <module>
    m=json.load(open(MAP)) if os.path.exists(MAP) else build_map()
      ^^^^^^^^^^^^^^^^^^^^
  File "/usr/lib/python3.12/json/__init__.py", line 293, in load
    return loads(fp.read(),
           ^^^^^^^^^^^^^^^^
  File "/usr/lib/python3.12/json/__init__.py", line 346, in loads
    return _default_decoder.decode(s)
           ^^^^^^^^^^^^^^^^^^^^^^^^^^
  File "/usr/lib/python3.12/json/decoder.py", line 340, in decode
    raise JSONDecodeError("Extra data", s, end)
json.decoder.JSONDecodeError: Extra data: line 1 column 13979 (char 13978)
20:48:23 Traceback (most recent call last):
  File "/root/rocm-tests/bench/smc-read.py", line 12, in <module>
    m=json.load(open(MAP)) if os.path.exists(MAP) else build_map()
      ^^^^^^^^^^^^^^^^^^^^
  File "/usr/lib/python3.12/json/__init__.py", line 293, in load
    return loads(fp.read(),
           ^^^^^^^^^^^^^^^^
  File "/usr/lib/python3.12/json/__init__.py", line 346, in loads
    return _default_decoder.decode(s)
           ^^^^^^^^^^^^^^^^^^^^^^^^^^
  File "/usr/lib/python3.12/json/decoder.py", line 340, in decode
    raise JSONDecodeError("Extra data", s, end)
json.decoder.JSONDecodeError: Extra data: line 1 column 13979 (char 13978)
20:48:28 Traceback (most recent call last):
  File "/root/rocm-tests/bench/smc-read.py", line 12, in <module>
    m=json.load(open(MAP)) if os.path.exists(MAP) else build_map()
      ^^^^^^^^^^^^^^^^^^^^
  File "/usr/lib/python3.12/json/__init__.py", line 293, in load
    return loads(fp.read(),
           ^^^^^^^^^^^^^^^^
  File "/usr/lib/python3.12/json/__init__.py", line 346, in loads
    return _default_decoder.decode(s)
           ^^^^^^^^^^^^^^^^^^^^^^^^^^
  File "/usr/lib/python3.12/json/decoder.py", line 340, in decode
    raise JSONDecodeError("Extra data", s, end)
json.decoder.JSONDecodeError: Extra data: line 1 column 13979 (char 13978)
20:48:33 Traceback (most recent call last):
  File "/root/rocm-tests/bench/smc-read.py", line 12, in <module>
    m=json.load(open(MAP)) if os.path.exists(MAP) else build_map()
      ^^^^^^^^^^^^^^^^^^^^
  File "/usr/lib/python3.12/json/__init__.py", line 293, in load
    return loads(fp.read(),
           ^^^^^^^^^^^^^^^^
  File "/usr/lib/python3.12/json/__init__.py", line 346, in loads
    return _default_decoder.decode(s)
           ^^^^^^^^^^^^^^^^^^^^^^^^^^
  File "/usr/lib/python3.12/json/decoder.py", line 340, in decode
    raise JSONDecodeError("Extra data", s, end)
json.decoder.JSONDecodeError: Extra data: line 1 column 13979 (char 13978)
20:48:39 Traceback (most recent call last):
  File "/root/rocm-tests/bench/smc-read.py", line 12, in <module>
    m=json.load(open(MAP)) if os.path.exists(MAP) else build_map()
      ^^^^^^^^^^^^^^^^^^^^
  File "/usr/lib/python3.12/json/__init__.py", line 293, in load
    return loads(fp.read(),
           ^^^^^^^^^^^^^^^^
  File "/usr/lib/python3.12/json/__init__.py", line 346, in loads
    return _default_decoder.decode(s)
           ^^^^^^^^^^^^^^^^^^^^^^^^^^
  File "/usr/lib/python3.12/json/decoder.py", line 340, in decode
    raise JSONDecodeError("Extra data", s, end)
json.decoder.JSONDecodeError: Extra data: line 1 column 13979 (char 13978)
20:48:44 Traceback (most recent call last):
  File "/root/rocm-tests/bench/smc-read.py", line 12, in <module>
    m=json.load(open(MAP)) if os.path.exists(MAP) else build_map()
      ^^^^^^^^^^^^^^^^^^^^
  File "/usr/lib/python3.12/json/__init__.py", line 293, in load
    return loads(fp.read(),
           ^^^^^^^^^^^^^^^^
  File "/usr/lib/python3.12/json/__init__.py", line 346, in loads
    return _default_decoder.decode(s)
           ^^^^^^^^^^^^^^^^^^^^^^^^^^
  File "/usr/lib/python3.12/json/decoder.py", line 340, in decode
    raise JSONDecodeError("Extra data", s, end)
json.decoder.JSONDecodeError: Extra data: line 1 column 13979 (char 13978)
20:48:49 Traceback (most recent call last):
  File "/root/rocm-tests/bench/smc-read.py", line 12, in <module>
    m=json.load(open(MAP)) if os.path.exists(MAP) else build_map()
      ^^^^^^^^^^^^^^^^^^^^
  File "/usr/lib/python3.12/json/__init__.py", line 293, in load
    return loads(fp.read(),
           ^^^^^^^^^^^^^^^^
  File "/usr/lib/python3.12/json/__init__.py", line 346, in loads
    return _default_decoder.decode(s)
           ^^^^^^^^^^^^^^^^^^^^^^^^^^
  File "/usr/lib/python3.12/json/decoder.py", line 340, in decode
    raise JSONDecodeError("Extra data", s, end)
json.decoder.JSONDecodeError: Extra data: line 1 column 13979 (char 13978)
20:48:54 Traceback (most recent call last):
  File "/root/rocm-tests/bench/smc-read.py", line 12, in <module>
    m=json.load(open(MAP)) if os.path.exists(MAP) else build_map()
      ^^^^^^^^^^^^^^^^^^^^
  File "/usr/lib/python3.12/json/__init__.py", line 293, in load
    return loads(fp.read(),
           ^^^^^^^^^^^^^^^^
  File "/usr/lib/python3.12/json/__init__.py", line 346, in loads
    return _default_decoder.decode(s)
           ^^^^^^^^^^^^^^^^^^^^^^^^^^
  File "/usr/lib/python3.12/json/decoder.py", line 340, in decode
    raise JSONDecodeError("Extra data", s, end)
json.decoder.JSONDecodeError: Extra data: line 1 column 13979 (char 13978)
20:48:59 Traceback (most recent call last):
  File "/root/rocm-tests/bench/smc-read.py", line 12, in <module>
    m=json.load(open(MAP)) if os.path.exists(MAP) else build_map()
      ^^^^^^^^^^^^^^^^^^^^
  File "/usr/lib/python3.12/json/__init__.py", line 293, in load
    return loads(fp.read(),
           ^^^^^^^^^^^^^^^^
  File "/usr/lib/python3.12/json/__init__.py", line 346, in loads
    return _default_decoder.decode(s)
           ^^^^^^^^^^^^^^^^^^^^^^^^^^
  File "/usr/lib/python3.12/json/decoder.py", line 340, in decode
    raise JSONDecodeError("Extra data", s, end)
json.decoder.JSONDecodeError: Extra data: line 1 column 13979 (char 13978)
20:49:04 Traceback (most recent call last):
  File "/root/rocm-tests/bench/smc-read.py", line 12, in <module>
    m=json.load(open(MAP)) if os.path.exists(MAP) else build_map()
      ^^^^^^^^^^^^^^^^^^^^
  File "/usr/lib/python3.12/json/__init__.py", line 293, in load
    return loads(fp.read(),
           ^^^^^^^^^^^^^^^^
  File "/usr/lib/python3.12/json/__init__.py", line 346, in loads
    return _default_decoder.decode(s)
           ^^^^^^^^^^^^^^^^^^^^^^^^^^
  File "/usr/lib/python3.12/json/decoder.py", line 340, in decode
    raise JSONDecodeError("Extra data", s, end)
json.decoder.JSONDecodeError: Extra data: line 1 column 13979 (char 13978)
20:49:09 Traceback (most recent call last):
  File "/root/rocm-tests/bench/smc-read.py", line 12, in <module>
    m=json.load(open(MAP)) if os.path.exists(MAP) else build_map()
      ^^^^^^^^^^^^^^^^^^^^
  File "/usr/lib/python3.12/json/__init__.py", line 293, in load
    return loads(fp.read(),
           ^^^^^^^^^^^^^^^^
  File "/usr/lib/python3.12/json/__init__.py", line 346, in loads
    return _default_decoder.decode(s)
           ^^^^^^^^^^^^^^^^^^^^^^^^^^
  File "/usr/lib/python3.12/json/decoder.py", line 340, in decode
    raise JSONDecodeError("Extra data", s, end)
json.decoder.JSONDecodeError: Extra data: line 1 column 13979 (char 13978)
20:49:14 Traceback (most recent call last):
  File "/root/rocm-tests/bench/smc-read.py", line 12, in <module>
    m=json.load(open(MAP)) if os.path.exists(MAP) else build_map()
      ^^^^^^^^^^^^^^^^^^^^
  File "/usr/lib/python3.12/json/__init__.py", line 293, in load
    return loads(fp.read(),
           ^^^^^^^^^^^^^^^^
  File "/usr/lib/python3.12/json/__init__.py", line 346, in loads
    return _default_decoder.decode(s)
           ^^^^^^^^^^^^^^^^^^^^^^^^^^
  File "/usr/lib/python3.12/json/decoder.py", line 340, in decode
    raise JSONDecodeError("Extra data", s, end)
json.decoder.JSONDecodeError: Extra data: line 1 column 13979 (char 13978)
20:49:19 Traceback (most recent call last):
  File "/root/rocm-tests/bench/smc-read.py", line 12, in <module>
    m=json.load(open(MAP)) if os.path.exists(MAP) else build_map()
      ^^^^^^^^^^^^^^^^^^^^
  File "/usr/lib/python3.12/json/__init__.py", line 293, in load
    return loads(fp.read(),
           ^^^^^^^^^^^^^^^^
  File "/usr/lib/python3.12/json/__init__.py", line 346, in loads
    return _default_decoder.decode(s)
           ^^^^^^^^^^^^^^^^^^^^^^^^^^
  File "/usr/lib/python3.12/json/decoder.py", line 340, in decode
    raise JSONDecodeError("Extra data", s, end)
json.decoder.JSONDecodeError: Extra data: line 1 column 13979 (char 13978)
20:49:24 Traceback (most recent call last):
  File "/root/rocm-tests/bench/smc-read.py", line 12, in <module>
    m=json.load(open(MAP)) if os.path.exists(MAP) else build_map()
      ^^^^^^^^^^^^^^^^^^^^
  File "/usr/lib/python3.12/json/__init__.py", line 293, in load
    return loads(fp.read(),
           ^^^^^^^^^^^^^^^^
  File "/usr/lib/python3.12/json/__init__.py", line 346, in loads
    return _default_decoder.decode(s)
           ^^^^^^^^^^^^^^^^^^^^^^^^^^
  File "/usr/lib/python3.12/json/decoder.py", line 340, in decode
    raise JSONDecodeError("Extra data", s, end)
json.decoder.JSONDecodeError: Extra data: line 1 column 13979 (char 13978)
20:49:29 Traceback (most recent call last):
  File "/root/rocm-tests/bench/smc-read.py", line 12, in <module>
    m=json.load(open(MAP)) if os.path.exists(MAP) else build_map()
      ^^^^^^^^^^^^^^^^^^^^
  File "/usr/lib/python3.12/json/__init__.py", line 293, in load
    return loads(fp.read(),
           ^^^^^^^^^^^^^^^^
  File "/usr/lib/python3.12/json/__init__.py", line 346, in loads
    return _default_decoder.decode(s)
           ^^^^^^^^^^^^^^^^^^^^^^^^^^
  File "/usr/lib/python3.12/json/decoder.py", line 340, in decode
    raise JSONDecodeError("Extra data", s, end)
json.decoder.JSONDecodeError: Extra data: line 1 column 13979 (char 13978)
20:49:35 Traceback (most recent call last):
  File "/root/rocm-tests/bench/smc-read.py", line 12, in <module>
    m=json.load(open(MAP)) if os.path.exists(MAP) else build_map()
      ^^^^^^^^^^^^^^^^^^^^
  File "/usr/lib/python3.12/json/__init__.py", line 293, in load
    return loads(fp.read(),
           ^^^^^^^^^^^^^^^^
  File "/usr/lib/python3.12/json/__init__.py", line 346, in loads
    return _default_decoder.decode(s)
           ^^^^^^^^^^^^^^^^^^^^^^^^^^
  File "/usr/lib/python3.12/json/decoder.py", line 340, in decode
    raise JSONDecodeError("Extra data", s, end)
json.decoder.JSONDecodeError: Extra data: line 1 column 13979 (char 13978)
20:49:40 Traceback (most recent call last):
  File "/root/rocm-tests/bench/smc-read.py", line 12, in <module>
    m=json.load(open(MAP)) if os.path.exists(MAP) else build_map()
      ^^^^^^^^^^^^^^^^^^^^
  File "/usr/lib/python3.12/json/__init__.py", line 293, in load
    return loads(fp.read(),
           ^^^^^^^^^^^^^^^^
  File "/usr/lib/python3.12/json/__init__.py", line 346, in loads
    return _default_decoder.decode(s)
           ^^^^^^^^^^^^^^^^^^^^^^^^^^
  File "/usr/lib/python3.12/json/decoder.py", line 340, in decode
    raise JSONDecodeError("Extra data", s, end)
json.decoder.JSONDecodeError: Extra data: line 1 column 13979 (char 13978)
20:49:45 Traceback (most recent call last):
  File "/root/rocm-tests/bench/smc-read.py", line 12, in <module>
    m=json.load(open(MAP)) if os.path.exists(MAP) else build_map()
      ^^^^^^^^^^^^^^^^^^^^
  File "/usr/lib/python3.12/json/__init__.py", line 293, in load
    return loads(fp.read(),
           ^^^^^^^^^^^^^^^^
  File "/usr/lib/python3.12/json/__init__.py", line 346, in loads
    return _default_decoder.decode(s)
           ^^^^^^^^^^^^^^^^^^^^^^^^^^
  File "/usr/lib/python3.12/json/decoder.py", line 340, in decode
    raise JSONDecodeError("Extra data", s, end)
json.decoder.JSONDecodeError: Extra data: line 1 column 13979 (char 13978)
20:49:50 Traceback (most recent call last):
  File "/root/rocm-tests/bench/smc-read.py", line 12, in <module>
    m=json.load(open(MAP)) if os.path.exists(MAP) else build_map()
      ^^^^^^^^^^^^^^^^^^^^
  File "/usr/lib/python3.12/json/__init__.py", line 293, in load
    return loads(fp.read(),
           ^^^^^^^^^^^^^^^^
  File "/usr/lib/python3.12/json/__init__.py", line 346, in loads
    return _default_decoder.decode(s)
           ^^^^^^^^^^^^^^^^^^^^^^^^^^
  File "/usr/lib/python3.12/json/decoder.py", line 340, in decode
    raise JSONDecodeError("Extra data", s, end)
json.decoder.JSONDecodeError: Extra data: line 1 column 13979 (char 13978)
20:49:55 Traceback (most recent call last):
  File "/root/rocm-tests/bench/smc-read.py", line 12, in <module>
    m=json.load(open(MAP)) if os.path.exists(MAP) else build_map()
      ^^^^^^^^^^^^^^^^^^^^
  File "/usr/lib/python3.12/json/__init__.py", line 293, in load
    return loads(fp.read(),
           ^^^^^^^^^^^^^^^^
  File "/usr/lib/python3.12/json/__init__.py", line 346, in loads
    return _default_decoder.decode(s)
           ^^^^^^^^^^^^^^^^^^^^^^^^^^
  File "/usr/lib/python3.12/json/decoder.py", line 340, in decode
    raise JSONDecodeError("Extra data", s, end)
json.decoder.JSONDecodeError: Extra data: line 1 column 13979 (char 13978)
20:50:00 Traceback (most recent call last):
  File "/root/rocm-tests/bench/smc-read.py", line 12, in <module>
    m=json.load(open(MAP)) if os.path.exists(MAP) else build_map()
      ^^^^^^^^^^^^^^^^^^^^
  File "/usr/lib/python3.12/json/__init__.py", line 293, in load
    return loads(fp.read(),
           ^^^^^^^^^^^^^^^^
  File "/usr/lib/python3.12/json/__init__.py", line 346, in loads
    return _default_decoder.decode(s)
           ^^^^^^^^^^^^^^^^^^^^^^^^^^
  File "/usr/lib/python3.12/json/decoder.py", line 340, in decode
    raise JSONDecodeError("Extra data", s, end)
json.decoder.JSONDecodeError: Extra data: line 1 column 13979 (char 13978)
20:50:05 Traceback (most recent call last):
  File "/root/rocm-tests/bench/smc-read.py", line 12, in <module>
    m=json.load(open(MAP)) if os.path.exists(MAP) else build_map()
      ^^^^^^^^^^^^^^^^^^^^
  File "/usr/lib/python3.12/json/__init__.py", line 293, in load
    return loads(fp.read(),
           ^^^^^^^^^^^^^^^^
  File "/usr/lib/python3.12/json/__init__.py", line 346, in loads
    return _default_decoder.decode(s)
           ^^^^^^^^^^^^^^^^^^^^^^^^^^
  File "/usr/lib/python3.12/json/decoder.py", line 340, in decode
    raise JSONDecodeError("Extra data", s, end)
json.decoder.JSONDecodeError: Extra data: line 1 column 13979 (char 13978)
20:50:10 Traceback (most recent call last):
  File "/root/rocm-tests/bench/smc-read.py", line 12, in <module>
    m=json.load(open(MAP)) if os.path.exists(MAP) else build_map()
      ^^^^^^^^^^^^^^^^^^^^
  File "/usr/lib/python3.12/json/__init__.py", line 293, in load
    return loads(fp.read(),
           ^^^^^^^^^^^^^^^^
  File "/usr/lib/python3.12/json/__init__.py", line 346, in loads
    return _default_decoder.decode(s)
           ^^^^^^^^^^^^^^^^^^^^^^^^^^
  File "/usr/lib/python3.12/json/decoder.py", line 340, in decode
    raise JSONDecodeError("Extra data", s, end)
json.decoder.JSONDecodeError: Extra data: line 1 column 13979 (char 13978)
20:50:15 Traceback (most recent call last):
  File "/root/rocm-tests/bench/smc-read.py", line 12, in <module>
    m=json.load(open(MAP)) if os.path.exists(MAP) else build_map()
      ^^^^^^^^^^^^^^^^^^^^
  File "/usr/lib/python3.12/json/__init__.py", line 293, in load
    return loads(fp.read(),
           ^^^^^^^^^^^^^^^^
  File "/usr/lib/python3.12/json/__init__.py", line 346, in loads
    return _default_decoder.decode(s)
           ^^^^^^^^^^^^^^^^^^^^^^^^^^
  File "/usr/lib/python3.12/json/decoder.py", line 340, in decode
    raise JSONDecodeError("Extra data", s, end)
json.decoder.JSONDecodeError: Extra data: line 1 column 13979 (char 13978)
20:50:20 Traceback (most recent call last):
  File "/root/rocm-tests/bench/smc-read.py", line 12, in <module>
    m=json.load(open(MAP)) if os.path.exists(MAP) else build_map()
      ^^^^^^^^^^^^^^^^^^^^
  File "/usr/lib/python3.12/json/__init__.py", line 293, in load
    return loads(fp.read(),
           ^^^^^^^^^^^^^^^^
  File "/usr/lib/python3.12/json/__init__.py", line 346, in loads
    return _default_decoder.decode(s)
           ^^^^^^^^^^^^^^^^^^^^^^^^^^
  File "/usr/lib/python3.12/json/decoder.py", line 340, in decode
    raise JSONDecodeError("Extra data", s, end)
json.decoder.JSONDecodeError: Extra data: line 1 column 13979 (char 13978)
20:50:25 Traceback (most recent call last):
  File "/root/rocm-tests/bench/smc-read.py", line 12, in <module>
    m=json.load(open(MAP)) if os.path.exists(MAP) else build_map()
      ^^^^^^^^^^^^^^^^^^^^
  File "/usr/lib/python3.12/json/__init__.py", line 293, in load
    return loads(fp.read(),
           ^^^^^^^^^^^^^^^^
  File "/usr/lib/python3.12/json/__init__.py", line 346, in loads
    return _default_decoder.decode(s)
           ^^^^^^^^^^^^^^^^^^^^^^^^^^
  File "/usr/lib/python3.12/json/decoder.py", line 340, in decode
    raise JSONDecodeError("Extra data", s, end)
json.decoder.JSONDecodeError: Extra data: line 1 column 13979 (char 13978)
20:50:31 Traceback (most recent call last):
  File "/root/rocm-tests/bench/smc-read.py", line 12, in <module>
    m=json.load(open(MAP)) if os.path.exists(MAP) else build_map()
      ^^^^^^^^^^^^^^^^^^^^
  File "/usr/lib/python3.12/json/__init__.py", line 293, in load
    return loads(fp.read(),
           ^^^^^^^^^^^^^^^^
  File "/usr/lib/python3.12/json/__init__.py", line 346, in loads
    return _default_decoder.decode(s)
           ^^^^^^^^^^^^^^^^^^^^^^^^^^
  File "/usr/lib/python3.12/json/decoder.py", line 340, in decode
    raise JSONDecodeError("Extra data", s, end)
json.decoder.JSONDecodeError: Extra data: line 1 column 13979 (char 13978)
20:50:36 Traceback (most recent call last):
  File "/root/rocm-tests/bench/smc-read.py", line 12, in <module>
    m=json.load(open(MAP)) if os.path.exists(MAP) else build_map()
      ^^^^^^^^^^^^^^^^^^^^
  File "/usr/lib/python3.12/json/__init__.py", line 293, in load
    return loads(fp.read(),
           ^^^^^^^^^^^^^^^^
  File "/usr/lib/python3.12/json/__init__.py", line 346, in loads
    return _default_decoder.decode(s)
           ^^^^^^^^^^^^^^^^^^^^^^^^^^
  File "/usr/lib/python3.12/json/decoder.py", line 340, in decode
    raise JSONDecodeError("Extra data", s, end)
json.decoder.JSONDecodeError: Extra data: line 1 column 13979 (char 13978)
20:50:41 Traceback (most recent call last):
  File "/root/rocm-tests/bench/smc-read.py", line 12, in <module>
    m=json.load(open(MAP)) if os.path.exists(MAP) else build_map()
      ^^^^^^^^^^^^^^^^^^^^
  File "/usr/lib/python3.12/json/__init__.py", line 293, in load
    return loads(fp.read(),
           ^^^^^^^^^^^^^^^^
  File "/usr/lib/python3.12/json/__init__.py", line 346, in loads
    return _default_decoder.decode(s)
           ^^^^^^^^^^^^^^^^^^^^^^^^^^
  File "/usr/lib/python3.12/json/decoder.py", line 340, in decode
    raise JSONDecodeError("Extra data", s, end)
json.decoder.JSONDecodeError: Extra data: line 1 column 13979 (char 13978)
20:50:46 Traceback (most recent call last):
  File "/root/rocm-tests/bench/smc-read.py", line 12, in <module>
    m=json.load(open(MAP)) if os.path.exists(MAP) else build_map()
      ^^^^^^^^^^^^^^^^^^^^
  File "/usr/lib/python3.12/json/__init__.py", line 293, in load
    return loads(fp.read(),
           ^^^^^^^^^^^^^^^^
  File "/usr/lib/python3.12/json/__init__.py", line 346, in loads
    return _default_decoder.decode(s)
           ^^^^^^^^^^^^^^^^^^^^^^^^^^
  File "/usr/lib/python3.12/json/decoder.py", line 340, in decode
    raise JSONDecodeError("Extra data", s, end)
json.decoder.JSONDecodeError: Extra data: line 1 column 13979 (char 13978)
20:50:51 Traceback (most recent call last):
  File "/root/rocm-tests/bench/smc-read.py", line 12, in <module>
    m=json.load(open(MAP)) if os.path.exists(MAP) else build_map()
      ^^^^^^^^^^^^^^^^^^^^
  File "/usr/lib/python3.12/json/__init__.py", line 293, in load
    return loads(fp.read(),
           ^^^^^^^^^^^^^^^^
  File "/usr/lib/python3.12/json/__init__.py", line 346, in loads
    return _default_decoder.decode(s)
           ^^^^^^^^^^^^^^^^^^^^^^^^^^
  File "/usr/lib/python3.12/json/decoder.py", line 340, in decode
    raise JSONDecodeError("Extra data", s, end)
json.decoder.JSONDecodeError: Extra data: line 1 column 13979 (char 13978)
20:50:56 Traceback (most recent call last):
  File "/root/rocm-tests/bench/smc-read.py", line 12, in <module>
    m=json.load(open(MAP)) if os.path.exists(MAP) else build_map()
      ^^^^^^^^^^^^^^^^^^^^
  File "/usr/lib/python3.12/json/__init__.py", line 293, in load
    return loads(fp.read(),
           ^^^^^^^^^^^^^^^^
  File "/usr/lib/python3.12/json/__init__.py", line 346, in loads
    return _default_decoder.decode(s)
           ^^^^^^^^^^^^^^^^^^^^^^^^^^
  File "/usr/lib/python3.12/json/decoder.py", line 340, in decode
    raise JSONDecodeError("Extra data", s, end)
json.decoder.JSONDecodeError: Extra data: line 1 column 13979 (char 13978)
20:51:01 Traceback (most recent call last):
  File "/root/rocm-tests/bench/smc-read.py", line 12, in <module>
    m=json.load(open(MAP)) if os.path.exists(MAP) else build_map()
      ^^^^^^^^^^^^^^^^^^^^
  File "/usr/lib/python3.12/json/__init__.py", line 293, in load
    return loads(fp.read(),
           ^^^^^^^^^^^^^^^^
  File "/usr/lib/python3.12/json/__init__.py", line 346, in loads
    return _default_decoder.decode(s)
           ^^^^^^^^^^^^^^^^^^^^^^^^^^
  File "/usr/lib/python3.12/json/decoder.py", line 340, in decode
    raise JSONDecodeError("Extra data", s, end)
json.decoder.JSONDecodeError: Extra data: line 1 column 13979 (char 13978)
20:51:06 Traceback (most recent call last):
  File "/root/rocm-tests/bench/smc-read.py", line 12, in <module>
    m=json.load(open(MAP)) if os.path.exists(MAP) else build_map()
      ^^^^^^^^^^^^^^^^^^^^
  File "/usr/lib/python3.12/json/__init__.py", line 293, in load
    return loads(fp.read(),
           ^^^^^^^^^^^^^^^^
  File "/usr/lib/python3.12/json/__init__.py", line 346, in loads
    return _default_decoder.decode(s)
           ^^^^^^^^^^^^^^^^^^^^^^^^^^
  File "/usr/lib/python3.12/json/decoder.py", line 340, in decode
    raise JSONDecodeError("Extra data", s, end)
json.decoder.JSONDecodeError: Extra data: line 1 column 13979 (char 13978)
20:51:11 Traceback (most recent call last):
  File "/root/rocm-tests/bench/smc-read.py", line 12, in <module>
    m=json.load(open(MAP)) if os.path.exists(MAP) else build_map()
      ^^^^^^^^^^^^^^^^^^^^
  File "/usr/lib/python3.12/json/__init__.py", line 293, in load
    return loads(fp.read(),
           ^^^^^^^^^^^^^^^^
  File "/usr/lib/python3.12/json/__init__.py", line 346, in loads
    return _default_decoder.decode(s)
           ^^^^^^^^^^^^^^^^^^^^^^^^^^
  File "/usr/lib/python3.12/json/decoder.py", line 340, in decode
    raise JSONDecodeError("Extra data", s, end)
json.decoder.JSONDecodeError: Extra data: line 1 column 13979 (char 13978)
20:51:16 Traceback (most recent call last):
  File "/root/rocm-tests/bench/smc-read.py", line 12, in <module>
    m=json.load(open(MAP)) if os.path.exists(MAP) else build_map()
      ^^^^^^^^^^^^^^^^^^^^
  File "/usr/lib/python3.12/json/__init__.py", line 293, in load
    return loads(fp.read(),
           ^^^^^^^^^^^^^^^^
  File "/usr/lib/python3.12/json/__init__.py", line 346, in loads
    return _default_decoder.decode(s)
           ^^^^^^^^^^^^^^^^^^^^^^^^^^
  File "/usr/lib/python3.12/json/decoder.py", line 340, in decode
    raise JSONDecodeError("Extra data", s, end)
json.decoder.JSONDecodeError: Extra data: line 1 column 13979 (char 13978)
20:51:22 Traceback (most recent call last):
  File "/root/rocm-tests/bench/smc-read.py", line 12, in <module>
    m=json.load(open(MAP)) if os.path.exists(MAP) else build_map()
      ^^^^^^^^^^^^^^^^^^^^
  File "/usr/lib/python3.12/json/__init__.py", line 293, in load
    return loads(fp.read(),
           ^^^^^^^^^^^^^^^^
  File "/usr/lib/python3.12/json/__init__.py", line 346, in loads
    return _default_decoder.decode(s)
           ^^^^^^^^^^^^^^^^^^^^^^^^^^
  File "/usr/lib/python3.12/json/decoder.py", line 340, in decode
    raise JSONDecodeError("Extra data", s, end)
json.decoder.JSONDecodeError: Extra data: line 1 column 13979 (char 13978)
20:51:27 Traceback (most recent call last):
  File "/root/rocm-tests/bench/smc-read.py", line 12, in <module>
    m=json.load(open(MAP)) if os.path.exists(MAP) else build_map()
      ^^^^^^^^^^^^^^^^^^^^
  File "/usr/lib/python3.12/json/__init__.py", line 293, in load
    return loads(fp.read(),
           ^^^^^^^^^^^^^^^^
  File "/usr/lib/python3.12/json/__init__.py", line 346, in loads
    return _default_decoder.decode(s)
           ^^^^^^^^^^^^^^^^^^^^^^^^^^
  File "/usr/lib/python3.12/json/decoder.py", line 340, in decode
    raise JSONDecodeError("Extra data", s, end)
json.decoder.JSONDecodeError: Extra data: line 1 column 13979 (char 13978)
20:51:32 Traceback (most recent call last):
  File "/root/rocm-tests/bench/smc-read.py", line 12, in <module>
    m=json.load(open(MAP)) if os.path.exists(MAP) else build_map()
      ^^^^^^^^^^^^^^^^^^^^
  File "/usr/lib/python3.12/json/__init__.py", line 293, in load
    return loads(fp.read(),
           ^^^^^^^^^^^^^^^^
  File "/usr/lib/python3.12/json/__init__.py", line 346, in loads
    return _default_decoder.decode(s)
           ^^^^^^^^^^^^^^^^^^^^^^^^^^
  File "/usr/lib/python3.12/json/decoder.py", line 340, in decode
    raise JSONDecodeError("Extra data", s, end)
json.decoder.JSONDecodeError: Extra data: line 1 column 13979 (char 13978)
20:51:37 Traceback (most recent call last):
  File "/root/rocm-tests/bench/smc-read.py", line 12, in <module>
    m=json.load(open(MAP)) if os.path.exists(MAP) else build_map()
      ^^^^^^^^^^^^^^^^^^^^
  File "/usr/lib/python3.12/json/__init__.py", line 293, in load
    return loads(fp.read(),
           ^^^^^^^^^^^^^^^^
  File "/usr/lib/python3.12/json/__init__.py", line 346, in loads
    return _default_decoder.decode(s)
           ^^^^^^^^^^^^^^^^^^^^^^^^^^
  File "/usr/lib/python3.12/json/decoder.py", line 340, in decode
    raise JSONDecodeError("Extra data", s, end)
json.decoder.JSONDecodeError: Extra data: line 1 column 13979 (char 13978)
20:51:42 Traceback (most recent call last):
  File "/root/rocm-tests/bench/smc-read.py", line 12, in <module>
    m=json.load(open(MAP)) if os.path.exists(MAP) else build_map()
      ^^^^^^^^^^^^^^^^^^^^
  File "/usr/lib/python3.12/json/__init__.py", line 293, in load
    return loads(fp.read(),
           ^^^^^^^^^^^^^^^^
  File "/usr/lib/python3.12/json/__init__.py", line 346, in loads
    return _default_decoder.decode(s)
           ^^^^^^^^^^^^^^^^^^^^^^^^^^
  File "/usr/lib/python3.12/json/decoder.py", line 340, in decode
    raise JSONDecodeError("Extra data", s, end)
json.decoder.JSONDecodeError: Extra data: line 1 column 13979 (char 13978)
20:51:47 Traceback (most recent call last):
  File "/root/rocm-tests/bench/smc-read.py", line 12, in <module>
    m=json.load(open(MAP)) if os.path.exists(MAP) else build_map()
      ^^^^^^^^^^^^^^^^^^^^
  File "/usr/lib/python3.12/json/__init__.py", line 293, in load
    return loads(fp.read(),
           ^^^^^^^^^^^^^^^^
  File "/usr/lib/python3.12/json/__init__.py", line 346, in loads
    return _default_decoder.decode(s)
           ^^^^^^^^^^^^^^^^^^^^^^^^^^
  File "/usr/lib/python3.12/json/decoder.py", line 340, in decode
    raise JSONDecodeError("Extra data", s, end)
json.decoder.JSONDecodeError: Extra data: line 1 column 13979 (char 13978)
20:51:52 Traceback (most recent call last):
  File "/root/rocm-tests/bench/smc-read.py", line 12, in <module>
    m=json.load(open(MAP)) if os.path.exists(MAP) else build_map()
      ^^^^^^^^^^^^^^^^^^^^
  File "/usr/lib/python3.12/json/__init__.py", line 293, in load
    return loads(fp.read(),
           ^^^^^^^^^^^^^^^^
  File "/usr/lib/python3.12/json/__init__.py", line 346, in loads
    return _default_decoder.decode(s)
           ^^^^^^^^^^^^^^^^^^^^^^^^^^
  File "/usr/lib/python3.12/json/decoder.py", line 340, in decode
    raise JSONDecodeError("Extra data", s, end)
json.decoder.JSONDecodeError: Extra data: line 1 column 13979 (char 13978)
20:51:57 Traceback (most recent call last):
  File "/root/rocm-tests/bench/smc-read.py", line 12, in <module>
    m=json.load(open(MAP)) if os.path.exists(MAP) else build_map()
      ^^^^^^^^^^^^^^^^^^^^
  File "/usr/lib/python3.12/json/__init__.py", line 293, in load
    return loads(fp.read(),
           ^^^^^^^^^^^^^^^^
  File "/usr/lib/python3.12/json/__init__.py", line 346, in loads
    return _default_decoder.decode(s)
           ^^^^^^^^^^^^^^^^^^^^^^^^^^
  File "/usr/lib/python3.12/json/decoder.py", line 340, in decode
    raise JSONDecodeError("Extra data", s, end)
json.decoder.JSONDecodeError: Extra data: line 1 column 13979 (char 13978)
20:52:02 Traceback (most recent call last):
  File "/root/rocm-tests/bench/smc-read.py", line 12, in <module>
    m=json.load(open(MAP)) if os.path.exists(MAP) else build_map()
      ^^^^^^^^^^^^^^^^^^^^
  File "/usr/lib/python3.12/json/__init__.py", line 293, in load
    return loads(fp.read(),
           ^^^^^^^^^^^^^^^^
  File "/usr/lib/python3.12/json/__init__.py", line 346, in loads
    return _default_decoder.decode(s)
           ^^^^^^^^^^^^^^^^^^^^^^^^^^
  File "/usr/lib/python3.12/json/decoder.py", line 340, in decode
    raise JSONDecodeError("Extra data", s, end)
json.decoder.JSONDecodeError: Extra data: line 1 column 13979 (char 13978)
20:52:07 Traceback (most recent call last):
  File "/root/rocm-tests/bench/smc-read.py", line 12, in <module>
    m=json.load(open(MAP)) if os.path.exists(MAP) else build_map()
      ^^^^^^^^^^^^^^^^^^^^
  File "/usr/lib/python3.12/json/__init__.py", line 293, in load
    return loads(fp.read(),
           ^^^^^^^^^^^^^^^^
  File "/usr/lib/python3.12/json/__init__.py", line 346, in loads
    return _default_decoder.decode(s)
           ^^^^^^^^^^^^^^^^^^^^^^^^^^
  File "/usr/lib/python3.12/json/decoder.py", line 340, in decode
    raise JSONDecodeError("Extra data", s, end)
json.decoder.JSONDecodeError: Extra data: line 1 column 13979 (char 13978)
20:52:12 Traceback (most recent call last):
  File "/root/rocm-tests/bench/smc-read.py", line 12, in <module>
    m=json.load(open(MAP)) if os.path.exists(MAP) else build_map()
      ^^^^^^^^^^^^^^^^^^^^
  File "/usr/lib/python3.12/json/__init__.py", line 293, in load
    return loads(fp.read(),
           ^^^^^^^^^^^^^^^^
  File "/usr/lib/python3.12/json/__init__.py", line 346, in loads
    return _default_decoder.decode(s)
           ^^^^^^^^^^^^^^^^^^^^^^^^^^
  File "/usr/lib/python3.12/json/decoder.py", line 340, in decode
    raise JSONDecodeError("Extra data", s, end)
json.decoder.JSONDecodeError: Extra data: line 1 column 13979 (char 13978)
20:52:18 Traceback (most recent call last):
  File "/root/rocm-tests/bench/smc-read.py", line 12, in <module>
    m=json.load(open(MAP)) if os.path.exists(MAP) else build_map()
      ^^^^^^^^^^^^^^^^^^^^
  File "/usr/lib/python3.12/json/__init__.py", line 293, in load
    return loads(fp.read(),
           ^^^^^^^^^^^^^^^^
  File "/usr/lib/python3.12/json/__init__.py", line 346, in loads
    return _default_decoder.decode(s)
           ^^^^^^^^^^^^^^^^^^^^^^^^^^
  File "/usr/lib/python3.12/json/decoder.py", line 340, in decode
    raise JSONDecodeError("Extra data", s, end)
json.decoder.JSONDecodeError: Extra data: line 1 column 13979 (char 13978)
20:52:23 Traceback (most recent call last):
  File "/root/rocm-tests/bench/smc-read.py", line 12, in <module>
    m=json.load(open(MAP)) if os.path.exists(MAP) else build_map()
      ^^^^^^^^^^^^^^^^^^^^
  File "/usr/lib/python3.12/json/__init__.py", line 293, in load
    return loads(fp.read(),
           ^^^^^^^^^^^^^^^^
  File "/usr/lib/python3.12/json/__init__.py", line 346, in loads
    return _default_decoder.decode(s)
           ^^^^^^^^^^^^^^^^^^^^^^^^^^
  File "/usr/lib/python3.12/json/decoder.py", line 340, in decode
    raise JSONDecodeError("Extra data", s, end)
json.decoder.JSONDecodeError: Extra data: line 1 column 13979 (char 13978)
20:52:28 Traceback (most recent call last):
  File "/root/rocm-tests/bench/smc-read.py", line 12, in <module>
    m=json.load(open(MAP)) if os.path.exists(MAP) else build_map()
      ^^^^^^^^^^^^^^^^^^^^
  File "/usr/lib/python3.12/json/__init__.py", line 293, in load
    return loads(fp.read(),
           ^^^^^^^^^^^^^^^^
  File "/usr/lib/python3.12/json/__init__.py", line 346, in loads
    return _default_decoder.decode(s)
           ^^^^^^^^^^^^^^^^^^^^^^^^^^
  File "/usr/lib/python3.12/json/decoder.py", line 340, in decode
    raise JSONDecodeError("Extra data", s, end)
json.decoder.JSONDecodeError: Extra data: line 1 column 13979 (char 13978)
20:52:33 Traceback (most recent call last):
  File "/root/rocm-tests/bench/smc-read.py", line 12, in <module>
    m=json.load(open(MAP)) if os.path.exists(MAP) else build_map()
      ^^^^^^^^^^^^^^^^^^^^
  File "/usr/lib/python3.12/json/__init__.py", line 293, in load
    return loads(fp.read(),
           ^^^^^^^^^^^^^^^^
  File "/usr/lib/python3.12/json/__init__.py", line 346, in loads
    return _default_decoder.decode(s)
           ^^^^^^^^^^^^^^^^^^^^^^^^^^
  File "/usr/lib/python3.12/json/decoder.py", line 340, in decode
    raise JSONDecodeError("Extra data", s, end)
json.decoder.JSONDecodeError: Extra data: line 1 column 13979 (char 13978)
20:52:38 Traceback (most recent call last):
  File "/root/rocm-tests/bench/smc-read.py", line 12, in <module>
    m=json.load(open(MAP)) if os.path.exists(MAP) else build_map()
      ^^^^^^^^^^^^^^^^^^^^
  File "/usr/lib/python3.12/json/__init__.py", line 293, in load
    return loads(fp.read(),
           ^^^^^^^^^^^^^^^^
  File "/usr/lib/python3.12/json/__init__.py", line 346, in loads
    return _default_decoder.decode(s)
           ^^^^^^^^^^^^^^^^^^^^^^^^^^
  File "/usr/lib/python3.12/json/decoder.py", line 340, in decode
    raise JSONDecodeError("Extra data", s, end)
json.decoder.JSONDecodeError: Extra data: line 1 column 13979 (char 13978)
20:52:43 Traceback (most recent call last):
  File "/root/rocm-tests/bench/smc-read.py", line 12, in <module>
    m=json.load(open(MAP)) if os.path.exists(MAP) else build_map()
      ^^^^^^^^^^^^^^^^^^^^
  File "/usr/lib/python3.12/json/__init__.py", line 293, in load
    return loads(fp.read(),
           ^^^^^^^^^^^^^^^^
  File "/usr/lib/python3.12/json/__init__.py", line 346, in loads
    return _default_decoder.decode(s)
           ^^^^^^^^^^^^^^^^^^^^^^^^^^
  File "/usr/lib/python3.12/json/decoder.py", line 340, in decode
    raise JSONDecodeError("Extra data", s, end)
json.decoder.JSONDecodeError: Extra data: line 1 column 13979 (char 13978)
20:52:48 Traceback (most recent call last):
  File "/root/rocm-tests/bench/smc-read.py", line 12, in <module>
    m=json.load(open(MAP)) if os.path.exists(MAP) else build_map()
      ^^^^^^^^^^^^^^^^^^^^
  File "/usr/lib/python3.12/json/__init__.py", line 293, in load
    return loads(fp.read(),
           ^^^^^^^^^^^^^^^^
  File "/usr/lib/python3.12/json/__init__.py", line 346, in loads
    return _default_decoder.decode(s)
           ^^^^^^^^^^^^^^^^^^^^^^^^^^
  File "/usr/lib/python3.12/json/decoder.py", line 340, in decode
    raise JSONDecodeError("Extra data", s, end)
json.decoder.JSONDecodeError: Extra data: line 1 column 13979 (char 13978)
20:52:53 Traceback (most recent call last):
  File "/root/rocm-tests/bench/smc-read.py", line 12, in <module>
    m=json.load(open(MAP)) if os.path.exists(MAP) else build_map()
      ^^^^^^^^^^^^^^^^^^^^
  File "/usr/lib/python3.12/json/__init__.py", line 293, in load
    return loads(fp.read(),
           ^^^^^^^^^^^^^^^^
  File "/usr/lib/python3.12/json/__init__.py", line 346, in loads
    return _default_decoder.decode(s)
           ^^^^^^^^^^^^^^^^^^^^^^^^^^
  File "/usr/lib/python3.12/json/decoder.py", line 340, in decode
    raise JSONDecodeError("Extra data", s, end)
json.decoder.JSONDecodeError: Extra data: line 1 column 13979 (char 13978)
20:52:58 Traceback (most recent call last):
  File "/root/rocm-tests/bench/smc-read.py", line 12, in <module>
    m=json.load(open(MAP)) if os.path.exists(MAP) else build_map()
      ^^^^^^^^^^^^^^^^^^^^
  File "/usr/lib/python3.12/json/__init__.py", line 293, in load
    return loads(fp.read(),
           ^^^^^^^^^^^^^^^^
  File "/usr/lib/python3.12/json/__init__.py", line 346, in loads
    return _default_decoder.decode(s)
           ^^^^^^^^^^^^^^^^^^^^^^^^^^
  File "/usr/lib/python3.12/json/decoder.py", line 340, in decode
    raise JSONDecodeError("Extra data", s, end)
json.decoder.JSONDecodeError: Extra data: line 1 column 13979 (char 13978)
20:53:03 Traceback (most recent call last):
  File "/root/rocm-tests/bench/smc-read.py", line 12, in <module>
    m=json.load(open(MAP)) if os.path.exists(MAP) else build_map()
      ^^^^^^^^^^^^^^^^^^^^
  File "/usr/lib/python3.12/json/__init__.py", line 293, in load
    return loads(fp.read(),
           ^^^^^^^^^^^^^^^^
  File "/usr/lib/python3.12/json/__init__.py", line 346, in loads
    return _default_decoder.decode(s)
           ^^^^^^^^^^^^^^^^^^^^^^^^^^
  File "/usr/lib/python3.12/json/decoder.py", line 340, in decode
    raise JSONDecodeError("Extra data", s, end)
json.decoder.JSONDecodeError: Extra data: line 1 column 13979 (char 13978)
20:53:08 Traceback (most recent call last):
  File "/root/rocm-tests/bench/smc-read.py", line 12, in <module>
    m=json.load(open(MAP)) if os.path.exists(MAP) else build_map()
      ^^^^^^^^^^^^^^^^^^^^
  File "/usr/lib/python3.12/json/__init__.py", line 293, in load
    return loads(fp.read(),
           ^^^^^^^^^^^^^^^^
  File "/usr/lib/python3.12/json/__init__.py", line 346, in loads
    return _default_decoder.decode(s)
           ^^^^^^^^^^^^^^^^^^^^^^^^^^
  File "/usr/lib/python3.12/json/decoder.py", line 340, in decode
    raise JSONDecodeError("Extra data", s, end)
json.decoder.JSONDecodeError: Extra data: line 1 column 13979 (char 13978)
20:53:14 Traceback (most recent call last):
  File "/root/rocm-tests/bench/smc-read.py", line 12, in <module>
    m=json.load(open(MAP)) if os.path.exists(MAP) else build_map()
      ^^^^^^^^^^^^^^^^^^^^
  File "/usr/lib/python3.12/json/__init__.py", line 293, in load
    return loads(fp.read(),
           ^^^^^^^^^^^^^^^^
  File "/usr/lib/python3.12/json/__init__.py", line 346, in loads
    return _default_decoder.decode(s)
           ^^^^^^^^^^^^^^^^^^^^^^^^^^
  File "/usr/lib/python3.12/json/decoder.py", line 340, in decode
    raise JSONDecodeError("Extra data", s, end)
json.decoder.JSONDecodeError: Extra data: line 1 column 13979 (char 13978)
20:53:19 Traceback (most recent call last):
  File "/root/rocm-tests/bench/smc-read.py", line 12, in <module>
    m=json.load(open(MAP)) if os.path.exists(MAP) else build_map()
      ^^^^^^^^^^^^^^^^^^^^
  File "/usr/lib/python3.12/json/__init__.py", line 293, in load
    return loads(fp.read(),
           ^^^^^^^^^^^^^^^^
  File "/usr/lib/python3.12/json/__init__.py", line 346, in loads
    return _default_decoder.decode(s)
           ^^^^^^^^^^^^^^^^^^^^^^^^^^
  File "/usr/lib/python3.12/json/decoder.py", line 340, in decode
    raise JSONDecodeError("Extra data", s, end)
json.decoder.JSONDecodeError: Extra data: line 1 column 13979 (char 13978)
20:53:24 Traceback (most recent call last):
  File "/root/rocm-tests/bench/smc-read.py", line 12, in <module>
    m=json.load(open(MAP)) if os.path.exists(MAP) else build_map()
      ^^^^^^^^^^^^^^^^^^^^
  File "/usr/lib/python3.12/json/__init__.py", line 293, in load
    return loads(fp.read(),
           ^^^^^^^^^^^^^^^^
  File "/usr/lib/python3.12/json/__init__.py", line 346, in loads
    return _default_decoder.decode(s)
           ^^^^^^^^^^^^^^^^^^^^^^^^^^
  File "/usr/lib/python3.12/json/decoder.py", line 340, in decode
    raise JSONDecodeError("Extra data", s, end)
json.decoder.JSONDecodeError: Extra data: line 1 column 13979 (char 13978)
20:53:29 Traceback (most recent call last):
  File "/root/rocm-tests/bench/smc-read.py", line 12, in <module>
    m=json.load(open(MAP)) if os.path.exists(MAP) else build_map()
      ^^^^^^^^^^^^^^^^^^^^
  File "/usr/lib/python3.12/json/__init__.py", line 293, in load
    return loads(fp.read(),
           ^^^^^^^^^^^^^^^^
  File "/usr/lib/python3.12/json/__init__.py", line 346, in loads
    return _default_decoder.decode(s)
           ^^^^^^^^^^^^^^^^^^^^^^^^^^
  File "/usr/lib/python3.12/json/decoder.py", line 340, in decode
    raise JSONDecodeError("Extra data", s, end)
json.decoder.JSONDecodeError: Extra data: line 1 column 13979 (char 13978)
20:53:34 Traceback (most recent call last):
  File "/root/rocm-tests/bench/smc-read.py", line 12, in <module>
    m=json.load(open(MAP)) if os.path.exists(MAP) else build_map()
      ^^^^^^^^^^^^^^^^^^^^
  File "/usr/lib/python3.12/json/__init__.py", line 293, in load
    return loads(fp.read(),
           ^^^^^^^^^^^^^^^^
  File "/usr/lib/python3.12/json/__init__.py", line 346, in loads
    return _default_decoder.decode(s)
           ^^^^^^^^^^^^^^^^^^^^^^^^^^
  File "/usr/lib/python3.12/json/decoder.py", line 340, in decode
    raise JSONDecodeError("Extra data", s, end)
json.decoder.JSONDecodeError: Extra data: line 1 column 13979 (char 13978)
20:53:39 Traceback (most recent call last):
  File "/root/rocm-tests/bench/smc-read.py", line 12, in <module>
    m=json.load(open(MAP)) if os.path.exists(MAP) else build_map()
      ^^^^^^^^^^^^^^^^^^^^
  File "/usr/lib/python3.12/json/__init__.py", line 293, in load
    return loads(fp.read(),
           ^^^^^^^^^^^^^^^^
  File "/usr/lib/python3.12/json/__init__.py", line 346, in loads
    return _default_decoder.decode(s)
           ^^^^^^^^^^^^^^^^^^^^^^^^^^
  File "/usr/lib/python3.12/json/decoder.py", line 340, in decode
    raise JSONDecodeError("Extra data", s, end)
json.decoder.JSONDecodeError: Extra data: line 1 column 13979 (char 13978)
20:53:44 Traceback (most recent call last):
  File "/root/rocm-tests/bench/smc-read.py", line 12, in <module>
    m=json.load(open(MAP)) if os.path.exists(MAP) else build_map()
      ^^^^^^^^^^^^^^^^^^^^
  File "/usr/lib/python3.12/json/__init__.py", line 293, in load
    return loads(fp.read(),
           ^^^^^^^^^^^^^^^^
  File "/usr/lib/python3.12/json/__init__.py", line 346, in loads
    return _default_decoder.decode(s)
           ^^^^^^^^^^^^^^^^^^^^^^^^^^
  File "/usr/lib/python3.12/json/decoder.py", line 340, in decode
    raise JSONDecodeError("Extra data", s, end)
json.decoder.JSONDecodeError: Extra data: line 1 column 13979 (char 13978)
20:53:49 Traceback (most recent call last):
  File "/root/rocm-tests/bench/smc-read.py", line 12, in <module>
    m=json.load(open(MAP)) if os.path.exists(MAP) else build_map()
      ^^^^^^^^^^^^^^^^^^^^
  File "/usr/lib/python3.12/json/__init__.py", line 293, in load
    return loads(fp.read(),
           ^^^^^^^^^^^^^^^^
  File "/usr/lib/python3.12/json/__init__.py", line 346, in loads
    return _default_decoder.decode(s)
           ^^^^^^^^^^^^^^^^^^^^^^^^^^
  File "/usr/lib/python3.12/json/decoder.py", line 340, in decode
    raise JSONDecodeError("Extra data", s, end)
json.decoder.JSONDecodeError: Extra data: line 1 column 13979 (char 13978)
20:53:54 Traceback (most recent call last):
  File "/root/rocm-tests/bench/smc-read.py", line 12, in <module>
    m=json.load(open(MAP)) if os.path.exists(MAP) else build_map()
      ^^^^^^^^^^^^^^^^^^^^
  File "/usr/lib/python3.12/json/__init__.py", line 293, in load
    return loads(fp.read(),
           ^^^^^^^^^^^^^^^^
  File "/usr/lib/python3.12/json/__init__.py", line 346, in loads
    return _default_decoder.decode(s)
           ^^^^^^^^^^^^^^^^^^^^^^^^^^
  File "/usr/lib/python3.12/json/decoder.py", line 340, in decode
    raise JSONDecodeError("Extra data", s, end)
json.decoder.JSONDecodeError: Extra data: line 1 column 13979 (char 13978)
20:53:59 Traceback (most recent call last):
  File "/root/rocm-tests/bench/smc-read.py", line 12, in <module>
    m=json.load(open(MAP)) if os.path.exists(MAP) else build_map()
      ^^^^^^^^^^^^^^^^^^^^
  File "/usr/lib/python3.12/json/__init__.py", line 293, in load
    return loads(fp.read(),
           ^^^^^^^^^^^^^^^^
  File "/usr/lib/python3.12/json/__init__.py", line 346, in loads
    return _default_decoder.decode(s)
           ^^^^^^^^^^^^^^^^^^^^^^^^^^
  File "/usr/lib/python3.12/json/decoder.py", line 340, in decode
    raise JSONDecodeError("Extra data", s, end)
json.decoder.JSONDecodeError: Extra data: line 1 column 13979 (char 13978)
20:54:04 Traceback (most recent call last):
  File "/root/rocm-tests/bench/smc-read.py", line 12, in <module>
    m=json.load(open(MAP)) if os.path.exists(MAP) else build_map()
      ^^^^^^^^^^^^^^^^^^^^
  File "/usr/lib/python3.12/json/__init__.py", line 293, in load
    return loads(fp.read(),
           ^^^^^^^^^^^^^^^^
  File "/usr/lib/python3.12/json/__init__.py", line 346, in loads
    return _default_decoder.decode(s)
           ^^^^^^^^^^^^^^^^^^^^^^^^^^
  File "/usr/lib/python3.12/json/decoder.py", line 340, in decode
    raise JSONDecodeError("Extra data", s, end)
json.decoder.JSONDecodeError: Extra data: line 1 column 13979 (char 13978)
20:54:10 Traceback (most recent call last):
  File "/root/rocm-tests/bench/smc-read.py", line 12, in <module>
    m=json.load(open(MAP)) if os.path.exists(MAP) else build_map()
      ^^^^^^^^^^^^^^^^^^^^
  File "/usr/lib/python3.12/json/__init__.py", line 293, in load
    return loads(fp.read(),
           ^^^^^^^^^^^^^^^^
  File "/usr/lib/python3.12/json/__init__.py", line 346, in loads
    return _default_decoder.decode(s)
           ^^^^^^^^^^^^^^^^^^^^^^^^^^
  File "/usr/lib/python3.12/json/decoder.py", line 340, in decode
    raise JSONDecodeError("Extra data", s, end)
json.decoder.JSONDecodeError: Extra data: line 1 column 13979 (char 13978)
20:54:15 Traceback (most recent call last):
  File "/root/rocm-tests/bench/smc-read.py", line 12, in <module>
    m=json.load(open(MAP)) if os.path.exists(MAP) else build_map()
      ^^^^^^^^^^^^^^^^^^^^
  File "/usr/lib/python3.12/json/__init__.py", line 293, in load
    return loads(fp.read(),
           ^^^^^^^^^^^^^^^^
  File "/usr/lib/python3.12/json/__init__.py", line 346, in loads
    return _default_decoder.decode(s)
           ^^^^^^^^^^^^^^^^^^^^^^^^^^
  File "/usr/lib/python3.12/json/decoder.py", line 340, in decode
    raise JSONDecodeError("Extra data", s, end)
json.decoder.JSONDecodeError: Extra data: line 1 column 13979 (char 13978)
20:54:20 Traceback (most recent call last):
  File "/root/rocm-tests/bench/smc-read.py", line 12, in <module>
    m=json.load(open(MAP)) if os.path.exists(MAP) else build_map()
      ^^^^^^^^^^^^^^^^^^^^
  File "/usr/lib/python3.12/json/__init__.py", line 293, in load
    return loads(fp.read(),
           ^^^^^^^^^^^^^^^^
  File "/usr/lib/python3.12/json/__init__.py", line 346, in loads
    return _default_decoder.decode(s)
           ^^^^^^^^^^^^^^^^^^^^^^^^^^
  File "/usr/lib/python3.12/json/decoder.py", line 340, in decode
    raise JSONDecodeError("Extra data", s, end)
json.decoder.JSONDecodeError: Extra data: line 1 column 13979 (char 13978)
20:54:25 Traceback (most recent call last):
  File "/root/rocm-tests/bench/smc-read.py", line 12, in <module>
    m=json.load(open(MAP)) if os.path.exists(MAP) else build_map()
      ^^^^^^^^^^^^^^^^^^^^
  File "/usr/lib/python3.12/json/__init__.py", line 293, in load
    return loads(fp.read(),
           ^^^^^^^^^^^^^^^^
  File "/usr/lib/python3.12/json/__init__.py", line 346, in loads
    return _default_decoder.decode(s)
           ^^^^^^^^^^^^^^^^^^^^^^^^^^
  File "/usr/lib/python3.12/json/decoder.py", line 340, in decode
    raise JSONDecodeError("Extra data", s, end)
json.decoder.JSONDecodeError: Extra data: line 1 column 13979 (char 13978)
20:54:30 Traceback (most recent call last):
  File "/root/rocm-tests/bench/smc-read.py", line 12, in <module>
    m=json.load(open(MAP)) if os.path.exists(MAP) else build_map()
      ^^^^^^^^^^^^^^^^^^^^
  File "/usr/lib/python3.12/json/__init__.py", line 293, in load
    return loads(fp.read(),
           ^^^^^^^^^^^^^^^^
  File "/usr/lib/python3.12/json/__init__.py", line 346, in loads
    return _default_decoder.decode(s)
           ^^^^^^^^^^^^^^^^^^^^^^^^^^
  File "/usr/lib/python3.12/json/decoder.py", line 340, in decode
    raise JSONDecodeError("Extra data", s, end)
json.decoder.JSONDecodeError: Extra data: line 1 column 13979 (char 13978)
20:54:35 Traceback (most recent call last):
  File "/root/rocm-tests/bench/smc-read.py", line 12, in <module>
    m=json.load(open(MAP)) if os.path.exists(MAP) else build_map()
      ^^^^^^^^^^^^^^^^^^^^
  File "/usr/lib/python3.12/json/__init__.py", line 293, in load
    return loads(fp.read(),
           ^^^^^^^^^^^^^^^^
  File "/usr/lib/python3.12/json/__init__.py", line 346, in loads
    return _default_decoder.decode(s)
           ^^^^^^^^^^^^^^^^^^^^^^^^^^
  File "/usr/lib/python3.12/json/decoder.py", line 340, in decode
    raise JSONDecodeError("Extra data", s, end)
json.decoder.JSONDecodeError: Extra data: line 1 column 13979 (char 13978)
20:54:40 Traceback (most recent call last):
  File "/root/rocm-tests/bench/smc-read.py", line 12, in <module>
    m=json.load(open(MAP)) if os.path.exists(MAP) else build_map()
      ^^^^^^^^^^^^^^^^^^^^
  File "/usr/lib/python3.12/json/__init__.py", line 293, in load
    return loads(fp.read(),
           ^^^^^^^^^^^^^^^^
  File "/usr/lib/python3.12/json/__init__.py", line 346, in loads
    return _default_decoder.decode(s)
           ^^^^^^^^^^^^^^^^^^^^^^^^^^
  File "/usr/lib/python3.12/json/decoder.py", line 340, in decode
    raise JSONDecodeError("Extra data", s, end)
json.decoder.JSONDecodeError: Extra data: line 1 column 13979 (char 13978)
20:54:45 Traceback (most recent call last):
  File "/root/rocm-tests/bench/smc-read.py", line 12, in <module>
    m=json.load(open(MAP)) if os.path.exists(MAP) else build_map()
      ^^^^^^^^^^^^^^^^^^^^
  File "/usr/lib/python3.12/json/__init__.py", line 293, in load
    return loads(fp.read(),
           ^^^^^^^^^^^^^^^^
  File "/usr/lib/python3.12/json/__init__.py", line 346, in loads
    return _default_decoder.decode(s)
           ^^^^^^^^^^^^^^^^^^^^^^^^^^
  File "/usr/lib/python3.12/json/decoder.py", line 340, in decode
    raise JSONDecodeError("Extra data", s, end)
json.decoder.JSONDecodeError: Extra data: line 1 column 13979 (char 13978)
20:54:50 Traceback (most recent call last):
  File "/root/rocm-tests/bench/smc-read.py", line 12, in <module>
    m=json.load(open(MAP)) if os.path.exists(MAP) else build_map()
      ^^^^^^^^^^^^^^^^^^^^
  File "/usr/lib/python3.12/json/__init__.py", line 293, in load
    return loads(fp.read(),
           ^^^^^^^^^^^^^^^^
  File "/usr/lib/python3.12/json/__init__.py", line 346, in loads
    return _default_decoder.decode(s)
           ^^^^^^^^^^^^^^^^^^^^^^^^^^
  File "/usr/lib/python3.12/json/decoder.py", line 340, in decode
    raise JSONDecodeError("Extra data", s, end)
json.decoder.JSONDecodeError: Extra data: line 1 column 13979 (char 13978)
20:54:55 Traceback (most recent call last):
  File "/root/rocm-tests/bench/smc-read.py", line 12, in <module>
    m=json.load(open(MAP)) if os.path.exists(MAP) else build_map()
      ^^^^^^^^^^^^^^^^^^^^
  File "/usr/lib/python3.12/json/__init__.py", line 293, in load
    return loads(fp.read(),
           ^^^^^^^^^^^^^^^^
  File "/usr/lib/python3.12/json/__init__.py", line 346, in loads
    return _default_decoder.decode(s)
           ^^^^^^^^^^^^^^^^^^^^^^^^^^
  File "/usr/lib/python3.12/json/decoder.py", line 340, in decode
    raise JSONDecodeError("Extra data", s, end)
json.decoder.JSONDecodeError: Extra data: line 1 column 13979 (char 13978)
20:55:01 Traceback (most recent call last):
  File "/root/rocm-tests/bench/smc-read.py", line 12, in <module>
    m=json.load(open(MAP)) if os.path.exists(MAP) else build_map()
      ^^^^^^^^^^^^^^^^^^^^
  File "/usr/lib/python3.12/json/__init__.py", line 293, in load
    return loads(fp.read(),
           ^^^^^^^^^^^^^^^^
  File "/usr/lib/python3.12/json/__init__.py", line 346, in loads
    return _default_decoder.decode(s)
           ^^^^^^^^^^^^^^^^^^^^^^^^^^
  File "/usr/lib/python3.12/json/decoder.py", line 340, in decode
    raise JSONDecodeError("Extra data", s, end)
json.decoder.JSONDecodeError: Extra data: line 1 column 13979 (char 13978)
20:55:06 Traceback (most recent call last):
  File "/root/rocm-tests/bench/smc-read.py", line 12, in <module>
    m=json.load(open(MAP)) if os.path.exists(MAP) else build_map()
      ^^^^^^^^^^^^^^^^^^^^
  File "/usr/lib/python3.12/json/__init__.py", line 293, in load
    return loads(fp.read(),
           ^^^^^^^^^^^^^^^^
  File "/usr/lib/python3.12/json/__init__.py", line 346, in loads
    return _default_decoder.decode(s)
           ^^^^^^^^^^^^^^^^^^^^^^^^^^
  File "/usr/lib/python3.12/json/decoder.py", line 340, in decode
    raise JSONDecodeError("Extra data", s, end)
json.decoder.JSONDecodeError: Extra data: line 1 column 13979 (char 13978)
20:55:11 Traceback (most recent call last):
  File "/root/rocm-tests/bench/smc-read.py", line 12, in <module>
    m=json.load(open(MAP)) if os.path.exists(MAP) else build_map()
      ^^^^^^^^^^^^^^^^^^^^
  File "/usr/lib/python3.12/json/__init__.py", line 293, in load
    return loads(fp.read(),
           ^^^^^^^^^^^^^^^^
  File "/usr/lib/python3.12/json/__init__.py", line 346, in loads
    return _default_decoder.decode(s)
           ^^^^^^^^^^^^^^^^^^^^^^^^^^
  File "/usr/lib/python3.12/json/decoder.py", line 340, in decode
    raise JSONDecodeError("Extra data", s, end)
json.decoder.JSONDecodeError: Extra data: line 1 column 13979 (char 13978)
20:55:16 Traceback (most recent call last):
  File "/root/rocm-tests/bench/smc-read.py", line 12, in <module>
    m=json.load(open(MAP)) if os.path.exists(MAP) else build_map()
      ^^^^^^^^^^^^^^^^^^^^
  File "/usr/lib/python3.12/json/__init__.py", line 293, in load
    return loads(fp.read(),
           ^^^^^^^^^^^^^^^^
  File "/usr/lib/python3.12/json/__init__.py", line 346, in loads
    return _default_decoder.decode(s)
           ^^^^^^^^^^^^^^^^^^^^^^^^^^
  File "/usr/lib/python3.12/json/decoder.py", line 340, in decode
    raise JSONDecodeError("Extra data", s, end)
json.decoder.JSONDecodeError: Extra data: line 1 column 13979 (char 13978)
20:55:21 Traceback (most recent call last):
  File "/root/rocm-tests/bench/smc-read.py", line 12, in <module>
    m=json.load(open(MAP)) if os.path.exists(MAP) else build_map()
      ^^^^^^^^^^^^^^^^^^^^
  File "/usr/lib/python3.12/json/__init__.py", line 293, in load
    return loads(fp.read(),
           ^^^^^^^^^^^^^^^^
  File "/usr/lib/python3.12/json/__init__.py", line 346, in loads
    return _default_decoder.decode(s)
           ^^^^^^^^^^^^^^^^^^^^^^^^^^
  File "/usr/lib/python3.12/json/decoder.py", line 340, in decode
    raise JSONDecodeError("Extra data", s, end)
json.decoder.JSONDecodeError: Extra data: line 1 column 13979 (char 13978)
20:55:26 Traceback (most recent call last):
  File "/root/rocm-tests/bench/smc-read.py", line 12, in <module>
    m=json.load(open(MAP)) if os.path.exists(MAP) else build_map()
      ^^^^^^^^^^^^^^^^^^^^
  File "/usr/lib/python3.12/json/__init__.py", line 293, in load
    return loads(fp.read(),
           ^^^^^^^^^^^^^^^^
  File "/usr/lib/python3.12/json/__init__.py", line 346, in loads
    return _default_decoder.decode(s)
           ^^^^^^^^^^^^^^^^^^^^^^^^^^
  File "/usr/lib/python3.12/json/decoder.py", line 340, in decode
    raise JSONDecodeError("Extra data", s, end)
json.decoder.JSONDecodeError: Extra data: line 1 column 13979 (char 13978)
20:55:31 Traceback (most recent call last):
  File "/root/rocm-tests/bench/smc-read.py", line 12, in <module>
    m=json.load(open(MAP)) if os.path.exists(MAP) else build_map()
      ^^^^^^^^^^^^^^^^^^^^
  File "/usr/lib/python3.12/json/__init__.py", line 293, in load
    return loads(fp.read(),
           ^^^^^^^^^^^^^^^^
  File "/usr/lib/python3.12/json/__init__.py", line 346, in loads
    return _default_decoder.decode(s)
           ^^^^^^^^^^^^^^^^^^^^^^^^^^
  File "/usr/lib/python3.12/json/decoder.py", line 340, in decode
    raise JSONDecodeError("Extra data", s, end)
json.decoder.JSONDecodeError: Extra data: line 1 column 13979 (char 13978)
20:55:36 Traceback (most recent call last):
  File "/root/rocm-tests/bench/smc-read.py", line 12, in <module>
    m=json.load(open(MAP)) if os.path.exists(MAP) else build_map()
      ^^^^^^^^^^^^^^^^^^^^
  File "/usr/lib/python3.12/json/__init__.py", line 293, in load
    return loads(fp.read(),
           ^^^^^^^^^^^^^^^^
  File "/usr/lib/python3.12/json/__init__.py", line 346, in loads
    return _default_decoder.decode(s)
           ^^^^^^^^^^^^^^^^^^^^^^^^^^
  File "/usr/lib/python3.12/json/decoder.py", line 340, in decode
    raise JSONDecodeError("Extra data", s, end)
json.decoder.JSONDecodeError: Extra data: line 1 column 13979 (char 13978)
20:55:41 Traceback (most recent call last):
  File "/root/rocm-tests/bench/smc-read.py", line 12, in <module>
    m=json.load(open(MAP)) if os.path.exists(MAP) else build_map()
      ^^^^^^^^^^^^^^^^^^^^
  File "/usr/lib/python3.12/json/__init__.py", line 293, in load
    return loads(fp.read(),
           ^^^^^^^^^^^^^^^^
  File "/usr/lib/python3.12/json/__init__.py", line 346, in loads
    return _default_decoder.decode(s)
           ^^^^^^^^^^^^^^^^^^^^^^^^^^
  File "/usr/lib/python3.12/json/decoder.py", line 340, in decode
    raise JSONDecodeError("Extra data", s, end)
json.decoder.JSONDecodeError: Extra data: line 1 column 13979 (char 13978)
20:55:46 Traceback (most recent call last):
  File "/root/rocm-tests/bench/smc-read.py", line 12, in <module>
    m=json.load(open(MAP)) if os.path.exists(MAP) else build_map()
      ^^^^^^^^^^^^^^^^^^^^
  File "/usr/lib/python3.12/json/__init__.py", line 293, in load
    return loads(fp.read(),
           ^^^^^^^^^^^^^^^^
  File "/usr/lib/python3.12/json/__init__.py", line 346, in loads
    return _default_decoder.decode(s)
           ^^^^^^^^^^^^^^^^^^^^^^^^^^
  File "/usr/lib/python3.12/json/decoder.py", line 340, in decode
    raise JSONDecodeError("Extra data", s, end)
json.decoder.JSONDecodeError: Extra data: line 1 column 13979 (char 13978)
20:55:51 Traceback (most recent call last):
  File "/root/rocm-tests/bench/smc-read.py", line 12, in <module>
    m=json.load(open(MAP)) if os.path.exists(MAP) else build_map()
      ^^^^^^^^^^^^^^^^^^^^
  File "/usr/lib/python3.12/json/__init__.py", line 293, in load
    return loads(fp.read(),
           ^^^^^^^^^^^^^^^^
  File "/usr/lib/python3.12/json/__init__.py", line 346, in loads
    return _default_decoder.decode(s)
           ^^^^^^^^^^^^^^^^^^^^^^^^^^
  File "/usr/lib/python3.12/json/decoder.py", line 340, in decode
    raise JSONDecodeError("Extra data", s, end)
json.decoder.JSONDecodeError: Extra data: line 1 column 13979 (char 13978)
20:55:57 Traceback (most recent call last):
  File "/root/rocm-tests/bench/smc-read.py", line 12, in <module>
    m=json.load(open(MAP)) if os.path.exists(MAP) else build_map()
      ^^^^^^^^^^^^^^^^^^^^
  File "/usr/lib/python3.12/json/__init__.py", line 293, in load
    return loads(fp.read(),
           ^^^^^^^^^^^^^^^^
  File "/usr/lib/python3.12/json/__init__.py", line 346, in loads
    return _default_decoder.decode(s)
           ^^^^^^^^^^^^^^^^^^^^^^^^^^
  File "/usr/lib/python3.12/json/decoder.py", line 340, in decode
    raise JSONDecodeError("Extra data", s, end)
json.decoder.JSONDecodeError: Extra data: line 1 column 13979 (char 13978)
20:56:02 Traceback (most recent call last):
  File "/root/rocm-tests/bench/smc-read.py", line 12, in <module>
    m=json.load(open(MAP)) if os.path.exists(MAP) else build_map()
      ^^^^^^^^^^^^^^^^^^^^
  File "/usr/lib/python3.12/json/__init__.py", line 293, in load
    return loads(fp.read(),
           ^^^^^^^^^^^^^^^^
  File "/usr/lib/python3.12/json/__init__.py", line 346, in loads
    return _default_decoder.decode(s)
           ^^^^^^^^^^^^^^^^^^^^^^^^^^
  File "/usr/lib/python3.12/json/decoder.py", line 340, in decode
    raise JSONDecodeError("Extra data", s, end)
json.decoder.JSONDecodeError: Extra data: line 1 column 13979 (char 13978)
20:56:07 Traceback (most recent call last):
  File "/root/rocm-tests/bench/smc-read.py", line 12, in <module>
    m=json.load(open(MAP)) if os.path.exists(MAP) else build_map()
      ^^^^^^^^^^^^^^^^^^^^
  File "/usr/lib/python3.12/json/__init__.py", line 293, in load
    return loads(fp.read(),
           ^^^^^^^^^^^^^^^^
  File "/usr/lib/python3.12/json/__init__.py", line 346, in loads
    return _default_decoder.decode(s)
           ^^^^^^^^^^^^^^^^^^^^^^^^^^
  File "/usr/lib/python3.12/json/decoder.py", line 340, in decode
    raise JSONDecodeError("Extra data", s, end)
json.decoder.JSONDecodeError: Extra data: line 1 column 13979 (char 13978)
20:56:12 Traceback (most recent call last):
  File "/root/rocm-tests/bench/smc-read.py", line 12, in <module>
    m=json.load(open(MAP)) if os.path.exists(MAP) else build_map()
      ^^^^^^^^^^^^^^^^^^^^
  File "/usr/lib/python3.12/json/__init__.py", line 293, in load
    return loads(fp.read(),
           ^^^^^^^^^^^^^^^^
  File "/usr/lib/python3.12/json/__init__.py", line 346, in loads
    return _default_decoder.decode(s)
           ^^^^^^^^^^^^^^^^^^^^^^^^^^
  File "/usr/lib/python3.12/json/decoder.py", line 340, in decode
    raise JSONDecodeError("Extra data", s, end)
json.decoder.JSONDecodeError: Extra data: line 1 column 13979 (char 13978)
20:56:17 Traceback (most recent call last):
  File "/root/rocm-tests/bench/smc-read.py", line 12, in <module>
    m=json.load(open(MAP)) if os.path.exists(MAP) else build_map()
      ^^^^^^^^^^^^^^^^^^^^
  File "/usr/lib/python3.12/json/__init__.py", line 293, in load
    return loads(fp.read(),
           ^^^^^^^^^^^^^^^^
  File "/usr/lib/python3.12/json/__init__.py", line 346, in loads
    return _default_decoder.decode(s)
           ^^^^^^^^^^^^^^^^^^^^^^^^^^
  File "/usr/lib/python3.12/json/decoder.py", line 340, in decode
    raise JSONDecodeError("Extra data", s, end)
json.decoder.JSONDecodeError: Extra data: line 1 column 13979 (char 13978)
20:56:22 Traceback (most recent call last):
  File "/root/rocm-tests/bench/smc-read.py", line 12, in <module>
    m=json.load(open(MAP)) if os.path.exists(MAP) else build_map()
      ^^^^^^^^^^^^^^^^^^^^
  File "/usr/lib/python3.12/json/__init__.py", line 293, in load
    return loads(fp.read(),
           ^^^^^^^^^^^^^^^^
  File "/usr/lib/python3.12/json/__init__.py", line 346, in loads
    return _default_decoder.decode(s)
           ^^^^^^^^^^^^^^^^^^^^^^^^^^
  File "/usr/lib/python3.12/json/decoder.py", line 340, in decode
    raise JSONDecodeError("Extra data", s, end)
json.decoder.JSONDecodeError: Extra data: line 1 column 13979 (char 13978)
20:56:27 Traceback (most recent call last):
  File "/root/rocm-tests/bench/smc-read.py", line 12, in <module>
    m=json.load(open(MAP)) if os.path.exists(MAP) else build_map()
      ^^^^^^^^^^^^^^^^^^^^
  File "/usr/lib/python3.12/json/__init__.py", line 293, in load
    return loads(fp.read(),
           ^^^^^^^^^^^^^^^^
  File "/usr/lib/python3.12/json/__init__.py", line 346, in loads
    return _default_decoder.decode(s)
           ^^^^^^^^^^^^^^^^^^^^^^^^^^
  File "/usr/lib/python3.12/json/decoder.py", line 340, in decode
    raise JSONDecodeError("Extra data", s, end)
json.decoder.JSONDecodeError: Extra data: line 1 column 13979 (char 13978)
20:56:32 Traceback (most recent call last):
  File "/root/rocm-tests/bench/smc-read.py", line 12, in <module>
    m=json.load(open(MAP)) if os.path.exists(MAP) else build_map()
      ^^^^^^^^^^^^^^^^^^^^
  File "/usr/lib/python3.12/json/__init__.py", line 293, in load
    return loads(fp.read(),
           ^^^^^^^^^^^^^^^^
  File "/usr/lib/python3.12/json/__init__.py", line 346, in loads
    return _default_decoder.decode(s)
           ^^^^^^^^^^^^^^^^^^^^^^^^^^
  File "/usr/lib/python3.12/json/decoder.py", line 340, in decode
    raise JSONDecodeError("Extra data", s, end)
json.decoder.JSONDecodeError: Extra data: line 1 column 13979 (char 13978)
20:56:37 Traceback (most recent call last):
  File "/root/rocm-tests/bench/smc-read.py", line 12, in <module>
    m=json.load(open(MAP)) if os.path.exists(MAP) else build_map()
      ^^^^^^^^^^^^^^^^^^^^
  File "/usr/lib/python3.12/json/__init__.py", line 293, in load
    return loads(fp.read(),
           ^^^^^^^^^^^^^^^^
  File "/usr/lib/python3.12/json/__init__.py", line 346, in loads
    return _default_decoder.decode(s)
           ^^^^^^^^^^^^^^^^^^^^^^^^^^
  File "/usr/lib/python3.12/json/decoder.py", line 340, in decode
    raise JSONDecodeError("Extra data", s, end)
json.decoder.JSONDecodeError: Extra data: line 1 column 13979 (char 13978)
20:56:42 Traceback (most recent call last):
  File "/root/rocm-tests/bench/smc-read.py", line 12, in <module>
    m=json.load(open(MAP)) if os.path.exists(MAP) else build_map()
      ^^^^^^^^^^^^^^^^^^^^
  File "/usr/lib/python3.12/json/__init__.py", line 293, in load
    return loads(fp.read(),
           ^^^^^^^^^^^^^^^^
  File "/usr/lib/python3.12/json/__init__.py", line 346, in loads
    return _default_decoder.decode(s)
           ^^^^^^^^^^^^^^^^^^^^^^^^^^
  File "/usr/lib/python3.12/json/decoder.py", line 340, in decode
    raise JSONDecodeError("Extra data", s, end)
json.decoder.JSONDecodeError: Extra data: line 1 column 13979 (char 13978)
20:56:47 Traceback (most recent call last):
  File "/root/rocm-tests/bench/smc-read.py", line 12, in <module>
    m=json.load(open(MAP)) if os.path.exists(MAP) else build_map()
      ^^^^^^^^^^^^^^^^^^^^
  File "/usr/lib/python3.12/json/__init__.py", line 293, in load
    return loads(fp.read(),
           ^^^^^^^^^^^^^^^^
  File "/usr/lib/python3.12/json/__init__.py", line 346, in loads
    return _default_decoder.decode(s)
           ^^^^^^^^^^^^^^^^^^^^^^^^^^
  File "/usr/lib/python3.12/json/decoder.py", line 340, in decode
    raise JSONDecodeError("Extra data", s, end)
json.decoder.JSONDecodeError: Extra data: line 1 column 13979 (char 13978)
20:56:53 Traceback (most recent call last):
  File "/root/rocm-tests/bench/smc-read.py", line 12, in <module>
    m=json.load(open(MAP)) if os.path.exists(MAP) else build_map()
      ^^^^^^^^^^^^^^^^^^^^
  File "/usr/lib/python3.12/json/__init__.py", line 293, in load
    return loads(fp.read(),
           ^^^^^^^^^^^^^^^^
  File "/usr/lib/python3.12/json/__init__.py", line 346, in loads
    return _default_decoder.decode(s)
           ^^^^^^^^^^^^^^^^^^^^^^^^^^
  File "/usr/lib/python3.12/json/decoder.py", line 340, in decode
    raise JSONDecodeError("Extra data", s, end)
json.decoder.JSONDecodeError: Extra data: line 1 column 13979 (char 13978)
20:56:58 Traceback (most recent call last):
  File "/root/rocm-tests/bench/smc-read.py", line 12, in <module>
    m=json.load(open(MAP)) if os.path.exists(MAP) else build_map()
      ^^^^^^^^^^^^^^^^^^^^
  File "/usr/lib/python3.12/json/__init__.py", line 293, in load
    return loads(fp.read(),
           ^^^^^^^^^^^^^^^^
  File "/usr/lib/python3.12/json/__init__.py", line 346, in loads
    return _default_decoder.decode(s)
           ^^^^^^^^^^^^^^^^^^^^^^^^^^
  File "/usr/lib/python3.12/json/decoder.py", line 340, in decode
    raise JSONDecodeError("Extra data", s, end)
json.decoder.JSONDecodeError: Extra data: line 1 column 13979 (char 13978)
20:57:03 Traceback (most recent call last):
  File "/root/rocm-tests/bench/smc-read.py", line 12, in <module>
    m=json.load(open(MAP)) if os.path.exists(MAP) else build_map()
      ^^^^^^^^^^^^^^^^^^^^
  File "/usr/lib/python3.12/json/__init__.py", line 293, in load
    return loads(fp.read(),
           ^^^^^^^^^^^^^^^^
  File "/usr/lib/python3.12/json/__init__.py", line 346, in loads
    return _default_decoder.decode(s)
           ^^^^^^^^^^^^^^^^^^^^^^^^^^
  File "/usr/lib/python3.12/json/decoder.py", line 340, in decode
    raise JSONDecodeError("Extra data", s, end)
json.decoder.JSONDecodeError: Extra data: line 1 column 13979 (char 13978)
20:57:08 Traceback (most recent call last):
  File "/root/rocm-tests/bench/smc-read.py", line 12, in <module>
    m=json.load(open(MAP)) if os.path.exists(MAP) else build_map()
      ^^^^^^^^^^^^^^^^^^^^
  File "/usr/lib/python3.12/json/__init__.py", line 293, in load
    return loads(fp.read(),
           ^^^^^^^^^^^^^^^^
  File "/usr/lib/python3.12/json/__init__.py", line 346, in loads
    return _default_decoder.decode(s)
           ^^^^^^^^^^^^^^^^^^^^^^^^^^
  File "/usr/lib/python3.12/json/decoder.py", line 340, in decode
    raise JSONDecodeError("Extra data", s, end)
json.decoder.JSONDecodeError: Extra data: line 1 column 13979 (char 13978)
20:57:13 Traceback (most recent call last):
  File "/root/rocm-tests/bench/smc-read.py", line 12, in <module>
    m=json.load(open(MAP)) if os.path.exists(MAP) else build_map()
      ^^^^^^^^^^^^^^^^^^^^
  File "/usr/lib/python3.12/json/__init__.py", line 293, in load
    return loads(fp.read(),
           ^^^^^^^^^^^^^^^^
  File "/usr/lib/python3.12/json/__init__.py", line 346, in loads
    return _default_decoder.decode(s)
           ^^^^^^^^^^^^^^^^^^^^^^^^^^
  File "/usr/lib/python3.12/json/decoder.py", line 340, in decode
    raise JSONDecodeError("Extra data", s, end)
json.decoder.JSONDecodeError: Extra data: line 1 column 13979 (char 13978)
20:57:18 Traceback (most recent call last):
  File "/root/rocm-tests/bench/smc-read.py", line 12, in <module>
    m=json.load(open(MAP)) if os.path.exists(MAP) else build_map()
      ^^^^^^^^^^^^^^^^^^^^
  File "/usr/lib/python3.12/json/__init__.py", line 293, in load
    return loads(fp.read(),
           ^^^^^^^^^^^^^^^^
  File "/usr/lib/python3.12/json/__init__.py", line 346, in loads
    return _default_decoder.decode(s)
           ^^^^^^^^^^^^^^^^^^^^^^^^^^
  File "/usr/lib/python3.12/json/decoder.py", line 340, in decode
    raise JSONDecodeError("Extra data", s, end)
json.decoder.JSONDecodeError: Extra data: line 1 column 13979 (char 13978)
20:57:23 Traceback (most recent call last):
  File "/root/rocm-tests/bench/smc-read.py", line 12, in <module>
    m=json.load(open(MAP)) if os.path.exists(MAP) else build_map()
      ^^^^^^^^^^^^^^^^^^^^
  File "/usr/lib/python3.12/json/__init__.py", line 293, in load
    return loads(fp.read(),
           ^^^^^^^^^^^^^^^^
  File "/usr/lib/python3.12/json/__init__.py", line 346, in loads
    return _default_decoder.decode(s)
           ^^^^^^^^^^^^^^^^^^^^^^^^^^
  File "/usr/lib/python3.12/json/decoder.py", line 340, in decode
    raise JSONDecodeError("Extra data", s, end)
json.decoder.JSONDecodeError: Extra data: line 1 column 13979 (char 13978)
20:57:28 Traceback (most recent call last):
  File "/root/rocm-tests/bench/smc-read.py", line 12, in <module>
    m=json.load(open(MAP)) if os.path.exists(MAP) else build_map()
      ^^^^^^^^^^^^^^^^^^^^
  File "/usr/lib/python3.12/json/__init__.py", line 293, in load
    return loads(fp.read(),
           ^^^^^^^^^^^^^^^^
  File "/usr/lib/python3.12/json/__init__.py", line 346, in loads
    return _default_decoder.decode(s)
           ^^^^^^^^^^^^^^^^^^^^^^^^^^
  File "/usr/lib/python3.12/json/decoder.py", line 340, in decode
    raise JSONDecodeError("Extra data", s, end)
json.decoder.JSONDecodeError: Extra data: line 1 column 13979 (char 13978)
20:57:33 Traceback (most recent call last):
  File "/root/rocm-tests/bench/smc-read.py", line 12, in <module>
    m=json.load(open(MAP)) if os.path.exists(MAP) else build_map()
      ^^^^^^^^^^^^^^^^^^^^
  File "/usr/lib/python3.12/json/__init__.py", line 293, in load
    return loads(fp.read(),
           ^^^^^^^^^^^^^^^^
  File "/usr/lib/python3.12/json/__init__.py", line 346, in loads
    return _default_decoder.decode(s)
           ^^^^^^^^^^^^^^^^^^^^^^^^^^
  File "/usr/lib/python3.12/json/decoder.py", line 340, in decode
    raise JSONDecodeError("Extra data", s, end)
json.decoder.JSONDecodeError: Extra data: line 1 column 13979 (char 13978)
20:57:38 Traceback (most recent call last):
  File "/root/rocm-tests/bench/smc-read.py", line 12, in <module>
    m=json.load(open(MAP)) if os.path.exists(MAP) else build_map()
      ^^^^^^^^^^^^^^^^^^^^
  File "/usr/lib/python3.12/json/__init__.py", line 293, in load
    return loads(fp.read(),
           ^^^^^^^^^^^^^^^^
  File "/usr/lib/python3.12/json/__init__.py", line 346, in loads
    return _default_decoder.decode(s)
           ^^^^^^^^^^^^^^^^^^^^^^^^^^
  File "/usr/lib/python3.12/json/decoder.py", line 340, in decode
    raise JSONDecodeError("Extra data", s, end)
json.decoder.JSONDecodeError: Extra data: line 1 column 13979 (char 13978)
20:57:43 Traceback (most recent call last):
  File "/root/rocm-tests/bench/smc-read.py", line 12, in <module>
    m=json.load(open(MAP)) if os.path.exists(MAP) else build_map()
      ^^^^^^^^^^^^^^^^^^^^
  File "/usr/lib/python3.12/json/__init__.py", line 293, in load
    return loads(fp.read(),
           ^^^^^^^^^^^^^^^^
  File "/usr/lib/python3.12/json/__init__.py", line 346, in loads
    return _default_decoder.decode(s)
           ^^^^^^^^^^^^^^^^^^^^^^^^^^
  File "/usr/lib/python3.12/json/decoder.py", line 340, in decode
    raise JSONDecodeError("Extra data", s, end)
json.decoder.JSONDecodeError: Extra data: line 1 column 13979 (char 13978)
20:57:49 Traceback (most recent call last):
  File "/root/rocm-tests/bench/smc-read.py", line 12, in <module>
    m=json.load(open(MAP)) if os.path.exists(MAP) else build_map()
      ^^^^^^^^^^^^^^^^^^^^
  File "/usr/lib/python3.12/json/__init__.py", line 293, in load
    return loads(fp.read(),
           ^^^^^^^^^^^^^^^^
  File "/usr/lib/python3.12/json/__init__.py", line 346, in loads
    return _default_decoder.decode(s)
           ^^^^^^^^^^^^^^^^^^^^^^^^^^
  File "/usr/lib/python3.12/json/decoder.py", line 340, in decode
    raise JSONDecodeError("Extra data", s, end)
json.decoder.JSONDecodeError: Extra data: line 1 column 13979 (char 13978)
20:57:54 Traceback (most recent call last):
  File "/root/rocm-tests/bench/smc-read.py", line 12, in <module>
    m=json.load(open(MAP)) if os.path.exists(MAP) else build_map()
      ^^^^^^^^^^^^^^^^^^^^
  File "/usr/lib/python3.12/json/__init__.py", line 293, in load
    return loads(fp.read(),
           ^^^^^^^^^^^^^^^^
  File "/usr/lib/python3.12/json/__init__.py", line 346, in loads
    return _default_decoder.decode(s)
           ^^^^^^^^^^^^^^^^^^^^^^^^^^
  File "/usr/lib/python3.12/json/decoder.py", line 340, in decode
    raise JSONDecodeError("Extra data", s, end)
json.decoder.JSONDecodeError: Extra data: line 1 column 13979 (char 13978)
20:57:59 Traceback (most recent call last):
  File "/root/rocm-tests/bench/smc-read.py", line 12, in <module>
    m=json.load(open(MAP)) if os.path.exists(MAP) else build_map()
      ^^^^^^^^^^^^^^^^^^^^
  File "/usr/lib/python3.12/json/__init__.py", line 293, in load
    return loads(fp.read(),
           ^^^^^^^^^^^^^^^^
  File "/usr/lib/python3.12/json/__init__.py", line 346, in loads
    return _default_decoder.decode(s)
           ^^^^^^^^^^^^^^^^^^^^^^^^^^
  File "/usr/lib/python3.12/json/decoder.py", line 340, in decode
    raise JSONDecodeError("Extra data", s, end)
json.decoder.JSONDecodeError: Extra data: line 1 column 13979 (char 13978)
20:58:04 Traceback (most recent call last):
  File "/root/rocm-tests/bench/smc-read.py", line 12, in <module>
    m=json.load(open(MAP)) if os.path.exists(MAP) else build_map()
      ^^^^^^^^^^^^^^^^^^^^
  File "/usr/lib/python3.12/json/__init__.py", line 293, in load
    return loads(fp.read(),
           ^^^^^^^^^^^^^^^^
  File "/usr/lib/python3.12/json/__init__.py", line 346, in loads
    return _default_decoder.decode(s)
           ^^^^^^^^^^^^^^^^^^^^^^^^^^
  File "/usr/lib/python3.12/json/decoder.py", line 340, in decode
    raise JSONDecodeError("Extra data", s, end)
json.decoder.JSONDecodeError: Extra data: line 1 column 13979 (char 13978)
20:58:09 Traceback (most recent call last):
  File "/root/rocm-tests/bench/smc-read.py", line 12, in <module>
    m=json.load(open(MAP)) if os.path.exists(MAP) else build_map()
      ^^^^^^^^^^^^^^^^^^^^
  File "/usr/lib/python3.12/json/__init__.py", line 293, in load
    return loads(fp.read(),
           ^^^^^^^^^^^^^^^^
  File "/usr/lib/python3.12/json/__init__.py", line 346, in loads
    return _default_decoder.decode(s)
           ^^^^^^^^^^^^^^^^^^^^^^^^^^
  File "/usr/lib/python3.12/json/decoder.py", line 340, in decode
    raise JSONDecodeError("Extra data", s, end)
json.decoder.JSONDecodeError: Extra data: line 1 column 13979 (char 13978)
20:58:14 Traceback (most recent call last):
  File "/root/rocm-tests/bench/smc-read.py", line 12, in <module>
    m=json.load(open(MAP)) if os.path.exists(MAP) else build_map()
      ^^^^^^^^^^^^^^^^^^^^
  File "/usr/lib/python3.12/json/__init__.py", line 293, in load
    return loads(fp.read(),
           ^^^^^^^^^^^^^^^^
  File "/usr/lib/python3.12/json/__init__.py", line 346, in loads
    return _default_decoder.decode(s)
           ^^^^^^^^^^^^^^^^^^^^^^^^^^
  File "/usr/lib/python3.12/json/decoder.py", line 340, in decode
    raise JSONDecodeError("Extra data", s, end)
json.decoder.JSONDecodeError: Extra data: line 1 column 13979 (char 13978)
20:58:19 Traceback (most recent call last):
  File "/root/rocm-tests/bench/smc-read.py", line 12, in <module>
    m=json.load(open(MAP)) if os.path.exists(MAP) else build_map()
      ^^^^^^^^^^^^^^^^^^^^
  File "/usr/lib/python3.12/json/__init__.py", line 293, in load
    return loads(fp.read(),
           ^^^^^^^^^^^^^^^^
  File "/usr/lib/python3.12/json/__init__.py", line 346, in loads
    return _default_decoder.decode(s)
           ^^^^^^^^^^^^^^^^^^^^^^^^^^
  File "/usr/lib/python3.12/json/decoder.py", line 340, in decode
    raise JSONDecodeError("Extra data", s, end)
json.decoder.JSONDecodeError: Extra data: line 1 column 13979 (char 13978)
20:58:24 Traceback (most recent call last):
  File "/root/rocm-tests/bench/smc-read.py", line 12, in <module>
    m=json.load(open(MAP)) if os.path.exists(MAP) else build_map()
      ^^^^^^^^^^^^^^^^^^^^
  File "/usr/lib/python3.12/json/__init__.py", line 293, in load
    return loads(fp.read(),
           ^^^^^^^^^^^^^^^^
  File "/usr/lib/python3.12/json/__init__.py", line 346, in loads
    return _default_decoder.decode(s)
           ^^^^^^^^^^^^^^^^^^^^^^^^^^
  File "/usr/lib/python3.12/json/decoder.py", line 340, in decode
    raise JSONDecodeError("Extra data", s, end)
json.decoder.JSONDecodeError: Extra data: line 1 column 13979 (char 13978)
20:58:29 Traceback (most recent call last):
  File "/root/rocm-tests/bench/smc-read.py", line 12, in <module>
    m=json.load(open(MAP)) if os.path.exists(MAP) else build_map()
      ^^^^^^^^^^^^^^^^^^^^
  File "/usr/lib/python3.12/json/__init__.py", line 293, in load
    return loads(fp.read(),
           ^^^^^^^^^^^^^^^^
  File "/usr/lib/python3.12/json/__init__.py", line 346, in loads
    return _default_decoder.decode(s)
           ^^^^^^^^^^^^^^^^^^^^^^^^^^
  File "/usr/lib/python3.12/json/decoder.py", line 340, in decode
    raise JSONDecodeError("Extra data", s, end)
json.decoder.JSONDecodeError: Extra data: line 1 column 13979 (char 13978)
20:58:34 Traceback (most recent call last):
  File "/root/rocm-tests/bench/smc-read.py", line 12, in <module>
    m=json.load(open(MAP)) if os.path.exists(MAP) else build_map()
      ^^^^^^^^^^^^^^^^^^^^
  File "/usr/lib/python3.12/json/__init__.py", line 293, in load
    return loads(fp.read(),
           ^^^^^^^^^^^^^^^^
  File "/usr/lib/python3.12/json/__init__.py", line 346, in loads
    return _default_decoder.decode(s)
           ^^^^^^^^^^^^^^^^^^^^^^^^^^
  File "/usr/lib/python3.12/json/decoder.py", line 340, in decode
    raise JSONDecodeError("Extra data", s, end)
json.decoder.JSONDecodeError: Extra data: line 1 column 13979 (char 13978)
20:58:40 Traceback (most recent call last):
  File "/root/rocm-tests/bench/smc-read.py", line 12, in <module>
    m=json.load(open(MAP)) if os.path.exists(MAP) else build_map()
      ^^^^^^^^^^^^^^^^^^^^
  File "/usr/lib/python3.12/json/__init__.py", line 293, in load
    return loads(fp.read(),
           ^^^^^^^^^^^^^^^^
  File "/usr/lib/python3.12/json/__init__.py", line 346, in loads
    return _default_decoder.decode(s)
           ^^^^^^^^^^^^^^^^^^^^^^^^^^
  File "/usr/lib/python3.12/json/decoder.py", line 340, in decode
    raise JSONDecodeError("Extra data", s, end)
json.decoder.JSONDecodeError: Extra data: line 1 column 13979 (char 13978)
20:58:45 Traceback (most recent call last):
  File "/root/rocm-tests/bench/smc-read.py", line 12, in <module>
    m=json.load(open(MAP)) if os.path.exists(MAP) else build_map()
      ^^^^^^^^^^^^^^^^^^^^
  File "/usr/lib/python3.12/json/__init__.py", line 293, in load
    return loads(fp.read(),
           ^^^^^^^^^^^^^^^^
  File "/usr/lib/python3.12/json/__init__.py", line 346, in loads
    return _default_decoder.decode(s)
           ^^^^^^^^^^^^^^^^^^^^^^^^^^
  File "/usr/lib/python3.12/json/decoder.py", line 340, in decode
    raise JSONDecodeError("Extra data", s, end)
json.decoder.JSONDecodeError: Extra data: line 1 column 13979 (char 13978)
20:58:50 Traceback (most recent call last):
  File "/root/rocm-tests/bench/smc-read.py", line 12, in <module>
    m=json.load(open(MAP)) if os.path.exists(MAP) else build_map()
      ^^^^^^^^^^^^^^^^^^^^
  File "/usr/lib/python3.12/json/__init__.py", line 293, in load
    return loads(fp.read(),
           ^^^^^^^^^^^^^^^^
  File "/usr/lib/python3.12/json/__init__.py", line 346, in loads
    return _default_decoder.decode(s)
           ^^^^^^^^^^^^^^^^^^^^^^^^^^
  File "/usr/lib/python3.12/json/decoder.py", line 340, in decode
    raise JSONDecodeError("Extra data", s, end)
json.decoder.JSONDecodeError: Extra data: line 1 column 13979 (char 13978)
20:58:55 Traceback (most recent call last):
  File "/root/rocm-tests/bench/smc-read.py", line 12, in <module>
    m=json.load(open(MAP)) if os.path.exists(MAP) else build_map()
      ^^^^^^^^^^^^^^^^^^^^
  File "/usr/lib/python3.12/json/__init__.py", line 293, in load
    return loads(fp.read(),
           ^^^^^^^^^^^^^^^^
  File "/usr/lib/python3.12/json/__init__.py", line 346, in loads
    return _default_decoder.decode(s)
           ^^^^^^^^^^^^^^^^^^^^^^^^^^
  File "/usr/lib/python3.12/json/decoder.py", line 340, in decode
    raise JSONDecodeError("Extra data", s, end)
json.decoder.JSONDecodeError: Extra data: line 1 column 13979 (char 13978)
20:59:00 Traceback (most recent call last):
  File "/root/rocm-tests/bench/smc-read.py", line 12, in <module>
    m=json.load(open(MAP)) if os.path.exists(MAP) else build_map()
      ^^^^^^^^^^^^^^^^^^^^
  File "/usr/lib/python3.12/json/__init__.py", line 293, in load
    return loads(fp.read(),
           ^^^^^^^^^^^^^^^^
  File "/usr/lib/python3.12/json/__init__.py", line 346, in loads
    return _default_decoder.decode(s)
           ^^^^^^^^^^^^^^^^^^^^^^^^^^
  File "/usr/lib/python3.12/json/decoder.py", line 340, in decode
    raise JSONDecodeError("Extra data", s, end)
json.decoder.JSONDecodeError: Extra data: line 1 column 13979 (char 13978)
20:59:05 Traceback (most recent call last):
  File "/root/rocm-tests/bench/smc-read.py", line 12, in <module>
    m=json.load(open(MAP)) if os.path.exists(MAP) else build_map()
      ^^^^^^^^^^^^^^^^^^^^
  File "/usr/lib/python3.12/json/__init__.py", line 293, in load
    return loads(fp.read(),
           ^^^^^^^^^^^^^^^^
  File "/usr/lib/python3.12/json/__init__.py", line 346, in loads
    return _default_decoder.decode(s)
           ^^^^^^^^^^^^^^^^^^^^^^^^^^
  File "/usr/lib/python3.12/json/decoder.py", line 340, in decode
    raise JSONDecodeError("Extra data", s, end)
json.decoder.JSONDecodeError: Extra data: line 1 column 13979 (char 13978)
20:59:10 Traceback (most recent call last):
  File "/root/rocm-tests/bench/smc-read.py", line 12, in <module>
    m=json.load(open(MAP)) if os.path.exists(MAP) else build_map()
      ^^^^^^^^^^^^^^^^^^^^
  File "/usr/lib/python3.12/json/__init__.py", line 293, in load
    return loads(fp.read(),
           ^^^^^^^^^^^^^^^^
  File "/usr/lib/python3.12/json/__init__.py", line 346, in loads
    return _default_decoder.decode(s)
           ^^^^^^^^^^^^^^^^^^^^^^^^^^
  File "/usr/lib/python3.12/json/decoder.py", line 340, in decode
    raise JSONDecodeError("Extra data", s, end)
json.decoder.JSONDecodeError: Extra data: line 1 column 13979 (char 13978)
20:59:15 Traceback (most recent call last):
  File "/root/rocm-tests/bench/smc-read.py", line 12, in <module>
    m=json.load(open(MAP)) if os.path.exists(MAP) else build_map()
      ^^^^^^^^^^^^^^^^^^^^
  File "/usr/lib/python3.12/json/__init__.py", line 293, in load
    return loads(fp.read(),
           ^^^^^^^^^^^^^^^^
  File "/usr/lib/python3.12/json/__init__.py", line 346, in loads
    return _default_decoder.decode(s)
           ^^^^^^^^^^^^^^^^^^^^^^^^^^
  File "/usr/lib/python3.12/json/decoder.py", line 340, in decode
    raise JSONDecodeError("Extra data", s, end)
json.decoder.JSONDecodeError: Extra data: line 1 column 13979 (char 13978)
20:59:20 Traceback (most recent call last):
  File "/root/rocm-tests/bench/smc-read.py", line 12, in <module>
    m=json.load(open(MAP)) if os.path.exists(MAP) else build_map()
      ^^^^^^^^^^^^^^^^^^^^
  File "/usr/lib/python3.12/json/__init__.py", line 293, in load
    return loads(fp.read(),
           ^^^^^^^^^^^^^^^^
  File "/usr/lib/python3.12/json/__init__.py", line 346, in loads
    return _default_decoder.decode(s)
           ^^^^^^^^^^^^^^^^^^^^^^^^^^
  File "/usr/lib/python3.12/json/decoder.py", line 340, in decode
    raise JSONDecodeError("Extra data", s, end)
json.decoder.JSONDecodeError: Extra data: line 1 column 13979 (char 13978)
20:59:25 Traceback (most recent call last):
  File "/root/rocm-tests/bench/smc-read.py", line 12, in <module>
    m=json.load(open(MAP)) if os.path.exists(MAP) else build_map()
      ^^^^^^^^^^^^^^^^^^^^
  File "/usr/lib/python3.12/json/__init__.py", line 293, in load
    return loads(fp.read(),
           ^^^^^^^^^^^^^^^^
  File "/usr/lib/python3.12/json/__init__.py", line 346, in loads
    return _default_decoder.decode(s)
           ^^^^^^^^^^^^^^^^^^^^^^^^^^
  File "/usr/lib/python3.12/json/decoder.py", line 340, in decode
    raise JSONDecodeError("Extra data", s, end)
json.decoder.JSONDecodeError: Extra data: line 1 column 13979 (char 13978)
20:59:30 Traceback (most recent call last):
  File "/root/rocm-tests/bench/smc-read.py", line 12, in <module>
    m=json.load(open(MAP)) if os.path.exists(MAP) else build_map()
      ^^^^^^^^^^^^^^^^^^^^
  File "/usr/lib/python3.12/json/__init__.py", line 293, in load
    return loads(fp.read(),
           ^^^^^^^^^^^^^^^^
  File "/usr/lib/python3.12/json/__init__.py", line 346, in loads
    return _default_decoder.decode(s)
           ^^^^^^^^^^^^^^^^^^^^^^^^^^
  File "/usr/lib/python3.12/json/decoder.py", line 340, in decode
    raise JSONDecodeError("Extra data", s, end)
json.decoder.JSONDecodeError: Extra data: line 1 column 13979 (char 13978)
20:59:36 Traceback (most recent call last):
  File "/root/rocm-tests/bench/smc-read.py", line 12, in <module>
    m=json.load(open(MAP)) if os.path.exists(MAP) else build_map()
      ^^^^^^^^^^^^^^^^^^^^
  File "/usr/lib/python3.12/json/__init__.py", line 293, in load
    return loads(fp.read(),
           ^^^^^^^^^^^^^^^^
  File "/usr/lib/python3.12/json/__init__.py", line 346, in loads
    return _default_decoder.decode(s)
           ^^^^^^^^^^^^^^^^^^^^^^^^^^
  File "/usr/lib/python3.12/json/decoder.py", line 340, in decode
    raise JSONDecodeError("Extra data", s, end)
json.decoder.JSONDecodeError: Extra data: line 1 column 13979 (char 13978)
20:59:41 Traceback (most recent call last):
  File "/root/rocm-tests/bench/smc-read.py", line 12, in <module>
    m=json.load(open(MAP)) if os.path.exists(MAP) else build_map()
      ^^^^^^^^^^^^^^^^^^^^
  File "/usr/lib/python3.12/json/__init__.py", line 293, in load
    return loads(fp.read(),
           ^^^^^^^^^^^^^^^^
  File "/usr/lib/python3.12/json/__init__.py", line 346, in loads
    return _default_decoder.decode(s)
           ^^^^^^^^^^^^^^^^^^^^^^^^^^
  File "/usr/lib/python3.12/json/decoder.py", line 340, in decode
    raise JSONDecodeError("Extra data", s, end)
json.decoder.JSONDecodeError: Extra data: line 1 column 13979 (char 13978)
20:59:46 Traceback (most recent call last):
  File "/root/rocm-tests/bench/smc-read.py", line 12, in <module>
    m=json.load(open(MAP)) if os.path.exists(MAP) else build_map()
      ^^^^^^^^^^^^^^^^^^^^
  File "/usr/lib/python3.12/json/__init__.py", line 293, in load
    return loads(fp.read(),
           ^^^^^^^^^^^^^^^^
  File "/usr/lib/python3.12/json/__init__.py", line 346, in loads
    return _default_decoder.decode(s)
           ^^^^^^^^^^^^^^^^^^^^^^^^^^
  File "/usr/lib/python3.12/json/decoder.py", line 340, in decode
    raise JSONDecodeError("Extra data", s, end)
json.decoder.JSONDecodeError: Extra data: line 1 column 13979 (char 13978)
20:59:51 Traceback (most recent call last):
  File "/root/rocm-tests/bench/smc-read.py", line 12, in <module>
    m=json.load(open(MAP)) if os.path.exists(MAP) else build_map()
      ^^^^^^^^^^^^^^^^^^^^
  File "/usr/lib/python3.12/json/__init__.py", line 293, in load
    return loads(fp.read(),
           ^^^^^^^^^^^^^^^^
  File "/usr/lib/python3.12/json/__init__.py", line 346, in loads
    return _default_decoder.decode(s)
           ^^^^^^^^^^^^^^^^^^^^^^^^^^
  File "/usr/lib/python3.12/json/decoder.py", line 340, in decode
    raise JSONDecodeError("Extra data", s, end)
json.decoder.JSONDecodeError: Extra data: line 1 column 13979 (char 13978)
20:59:56 Traceback (most recent call last):
  File "/root/rocm-tests/bench/smc-read.py", line 12, in <module>
    m=json.load(open(MAP)) if os.path.exists(MAP) else build_map()
      ^^^^^^^^^^^^^^^^^^^^
  File "/usr/lib/python3.12/json/__init__.py", line 293, in load
    return loads(fp.read(),
           ^^^^^^^^^^^^^^^^
  File "/usr/lib/python3.12/json/__init__.py", line 346, in loads
    return _default_decoder.decode(s)
           ^^^^^^^^^^^^^^^^^^^^^^^^^^
  File "/usr/lib/python3.12/json/decoder.py", line 340, in decode
    raise JSONDecodeError("Extra data", s, end)
json.decoder.JSONDecodeError: Extra data: line 1 column 13979 (char 13978)
21:00:01 Traceback (most recent call last):
  File "/root/rocm-tests/bench/smc-read.py", line 12, in <module>
    m=json.load(open(MAP)) if os.path.exists(MAP) else build_map()
      ^^^^^^^^^^^^^^^^^^^^
  File "/usr/lib/python3.12/json/__init__.py", line 293, in load
    return loads(fp.read(),
           ^^^^^^^^^^^^^^^^
  File "/usr/lib/python3.12/json/__init__.py", line 346, in loads
    return _default_decoder.decode(s)
           ^^^^^^^^^^^^^^^^^^^^^^^^^^
  File "/usr/lib/python3.12/json/decoder.py", line 340, in decode
    raise JSONDecodeError("Extra data", s, end)
json.decoder.JSONDecodeError: Extra data: line 1 column 13979 (char 13978)
21:00:06 Traceback (most recent call last):
  File "/root/rocm-tests/bench/smc-read.py", line 12, in <module>
    m=json.load(open(MAP)) if os.path.exists(MAP) else build_map()
      ^^^^^^^^^^^^^^^^^^^^
  File "/usr/lib/python3.12/json/__init__.py", line 293, in load
    return loads(fp.read(),
           ^^^^^^^^^^^^^^^^
  File "/usr/lib/python3.12/json/__init__.py", line 346, in loads
    return _default_decoder.decode(s)
           ^^^^^^^^^^^^^^^^^^^^^^^^^^
  File "/usr/lib/python3.12/json/decoder.py", line 340, in decode
    raise JSONDecodeError("Extra data", s, end)
json.decoder.JSONDecodeError: Extra data: line 1 column 13979 (char 13978)
21:00:11 Traceback (most recent call last):
  File "/root/rocm-tests/bench/smc-read.py", line 12, in <module>
    m=json.load(open(MAP)) if os.path.exists(MAP) else build_map()
      ^^^^^^^^^^^^^^^^^^^^
  File "/usr/lib/python3.12/json/__init__.py", line 293, in load
    return loads(fp.read(),
           ^^^^^^^^^^^^^^^^
  File "/usr/lib/python3.12/json/__init__.py", line 346, in loads
    return _default_decoder.decode(s)
           ^^^^^^^^^^^^^^^^^^^^^^^^^^
  File "/usr/lib/python3.12/json/decoder.py", line 340, in decode
    raise JSONDecodeError("Extra data", s, end)
json.decoder.JSONDecodeError: Extra data: line 1 column 13979 (char 13978)
21:00:16 Traceback (most recent call last):
  File "/root/rocm-tests/bench/smc-read.py", line 12, in <module>
    m=json.load(open(MAP)) if os.path.exists(MAP) else build_map()
      ^^^^^^^^^^^^^^^^^^^^
  File "/usr/lib/python3.12/json/__init__.py", line 293, in load
    return loads(fp.read(),
           ^^^^^^^^^^^^^^^^
  File "/usr/lib/python3.12/json/__init__.py", line 346, in loads
    return _default_decoder.decode(s)
           ^^^^^^^^^^^^^^^^^^^^^^^^^^
  File "/usr/lib/python3.12/json/decoder.py", line 340, in decode
    raise JSONDecodeError("Extra data", s, end)
json.decoder.JSONDecodeError: Extra data: line 1 column 13979 (char 13978)
21:00:21 Traceback (most recent call last):
  File "/root/rocm-tests/bench/smc-read.py", line 12, in <module>
    m=json.load(open(MAP)) if os.path.exists(MAP) else build_map()
      ^^^^^^^^^^^^^^^^^^^^
  File "/usr/lib/python3.12/json/__init__.py", line 293, in load
    return loads(fp.read(),
           ^^^^^^^^^^^^^^^^
  File "/usr/lib/python3.12/json/__init__.py", line 346, in loads
    return _default_decoder.decode(s)
           ^^^^^^^^^^^^^^^^^^^^^^^^^^
  File "/usr/lib/python3.12/json/decoder.py", line 340, in decode
    raise JSONDecodeError("Extra data", s, end)
json.decoder.JSONDecodeError: Extra data: line 1 column 13979 (char 13978)
21:00:27 Traceback (most recent call last):
  File "/root/rocm-tests/bench/smc-read.py", line 12, in <module>
    m=json.load(open(MAP)) if os.path.exists(MAP) else build_map()
      ^^^^^^^^^^^^^^^^^^^^
  File "/usr/lib/python3.12/json/__init__.py", line 293, in load
    return loads(fp.read(),
           ^^^^^^^^^^^^^^^^
  File "/usr/lib/python3.12/json/__init__.py", line 346, in loads
    return _default_decoder.decode(s)
           ^^^^^^^^^^^^^^^^^^^^^^^^^^
  File "/usr/lib/python3.12/json/decoder.py", line 340, in decode
    raise JSONDecodeError("Extra data", s, end)
json.decoder.JSONDecodeError: Extra data: line 1 column 13979 (char 13978)
21:00:32 Traceback (most recent call last):
  File "/root/rocm-tests/bench/smc-read.py", line 12, in <module>
    m=json.load(open(MAP)) if os.path.exists(MAP) else build_map()
      ^^^^^^^^^^^^^^^^^^^^
  File "/usr/lib/python3.12/json/__init__.py", line 293, in load
    return loads(fp.read(),
           ^^^^^^^^^^^^^^^^
  File "/usr/lib/python3.12/json/__init__.py", line 346, in loads
    return _default_decoder.decode(s)
           ^^^^^^^^^^^^^^^^^^^^^^^^^^
  File "/usr/lib/python3.12/json/decoder.py", line 340, in decode
    raise JSONDecodeError("Extra data", s, end)
json.decoder.JSONDecodeError: Extra data: line 1 column 13979 (char 13978)
21:00:37 Traceback (most recent call last):
  File "/root/rocm-tests/bench/smc-read.py", line 12, in <module>
    m=json.load(open(MAP)) if os.path.exists(MAP) else build_map()
      ^^^^^^^^^^^^^^^^^^^^
  File "/usr/lib/python3.12/json/__init__.py", line 293, in load
    return loads(fp.read(),
           ^^^^^^^^^^^^^^^^
  File "/usr/lib/python3.12/json/__init__.py", line 346, in loads
    return _default_decoder.decode(s)
           ^^^^^^^^^^^^^^^^^^^^^^^^^^
  File "/usr/lib/python3.12/json/decoder.py", line 340, in decode
    raise JSONDecodeError("Extra data", s, end)
json.decoder.JSONDecodeError: Extra data: line 1 column 13979 (char 13978)
21:00:42 Traceback (most recent call last):
  File "/root/rocm-tests/bench/smc-read.py", line 12, in <module>
    m=json.load(open(MAP)) if os.path.exists(MAP) else build_map()
      ^^^^^^^^^^^^^^^^^^^^
  File "/usr/lib/python3.12/json/__init__.py", line 293, in load
    return loads(fp.read(),
           ^^^^^^^^^^^^^^^^
  File "/usr/lib/python3.12/json/__init__.py", line 346, in loads
    return _default_decoder.decode(s)
           ^^^^^^^^^^^^^^^^^^^^^^^^^^
  File "/usr/lib/python3.12/json/decoder.py", line 340, in decode
    raise JSONDecodeError("Extra data", s, end)
json.decoder.JSONDecodeError: Extra data: line 1 column 13979 (char 13978)
21:00:47 Traceback (most recent call last):
  File "/root/rocm-tests/bench/smc-read.py", line 12, in <module>
    m=json.load(open(MAP)) if os.path.exists(MAP) else build_map()
      ^^^^^^^^^^^^^^^^^^^^
  File "/usr/lib/python3.12/json/__init__.py", line 293, in load
    return loads(fp.read(),
           ^^^^^^^^^^^^^^^^
  File "/usr/lib/python3.12/json/__init__.py", line 346, in loads
    return _default_decoder.decode(s)
           ^^^^^^^^^^^^^^^^^^^^^^^^^^
  File "/usr/lib/python3.12/json/decoder.py", line 340, in decode
    raise JSONDecodeError("Extra data", s, end)
json.decoder.JSONDecodeError: Extra data: line 1 column 13979 (char 13978)
21:00:52 Traceback (most recent call last):
  File "/root/rocm-tests/bench/smc-read.py", line 12, in <module>
    m=json.load(open(MAP)) if os.path.exists(MAP) else build_map()
      ^^^^^^^^^^^^^^^^^^^^
  File "/usr/lib/python3.12/json/__init__.py", line 293, in load
    return loads(fp.read(),
           ^^^^^^^^^^^^^^^^
  File "/usr/lib/python3.12/json/__init__.py", line 346, in loads
    return _default_decoder.decode(s)
           ^^^^^^^^^^^^^^^^^^^^^^^^^^
  File "/usr/lib/python3.12/json/decoder.py", line 340, in decode
    raise JSONDecodeError("Extra data", s, end)
json.decoder.JSONDecodeError: Extra data: line 1 column 13979 (char 13978)
21:00:57 Traceback (most recent call last):
  File "/root/rocm-tests/bench/smc-read.py", line 12, in <module>
    m=json.load(open(MAP)) if os.path.exists(MAP) else build_map()
      ^^^^^^^^^^^^^^^^^^^^
  File "/usr/lib/python3.12/json/__init__.py", line 293, in load
    return loads(fp.read(),
           ^^^^^^^^^^^^^^^^
  File "/usr/lib/python3.12/json/__init__.py", line 346, in loads
    return _default_decoder.decode(s)
           ^^^^^^^^^^^^^^^^^^^^^^^^^^
  File "/usr/lib/python3.12/json/decoder.py", line 340, in decode
    raise JSONDecodeError("Extra data", s, end)
json.decoder.JSONDecodeError: Extra data: line 1 column 13979 (char 13978)
21:01:02 Traceback (most recent call last):
  File "/root/rocm-tests/bench/smc-read.py", line 12, in <module>
    m=json.load(open(MAP)) if os.path.exists(MAP) else build_map()
      ^^^^^^^^^^^^^^^^^^^^
  File "/usr/lib/python3.12/json/__init__.py", line 293, in load
    return loads(fp.read(),
           ^^^^^^^^^^^^^^^^
  File "/usr/lib/python3.12/json/__init__.py", line 346, in loads
    return _default_decoder.decode(s)
           ^^^^^^^^^^^^^^^^^^^^^^^^^^
  File "/usr/lib/python3.12/json/decoder.py", line 340, in decode
    raise JSONDecodeError("Extra data", s, end)
json.decoder.JSONDecodeError: Extra data: line 1 column 13979 (char 13978)
21:01:07 Traceback (most recent call last):
  File "/root/rocm-tests/bench/smc-read.py", line 12, in <module>
    m=json.load(open(MAP)) if os.path.exists(MAP) else build_map()
      ^^^^^^^^^^^^^^^^^^^^
  File "/usr/lib/python3.12/json/__init__.py", line 293, in load
    return loads(fp.read(),
           ^^^^^^^^^^^^^^^^
  File "/usr/lib/python3.12/json/__init__.py", line 346, in loads
    return _default_decoder.decode(s)
           ^^^^^^^^^^^^^^^^^^^^^^^^^^
  File "/usr/lib/python3.12/json/decoder.py", line 340, in decode
    raise JSONDecodeError("Extra data", s, end)
json.decoder.JSONDecodeError: Extra data: line 1 column 13979 (char 13978)
21:01:12 Traceback (most recent call last):
  File "/root/rocm-tests/bench/smc-read.py", line 12, in <module>
    m=json.load(open(MAP)) if os.path.exists(MAP) else build_map()
      ^^^^^^^^^^^^^^^^^^^^
  File "/usr/lib/python3.12/json/__init__.py", line 293, in load
    return loads(fp.read(),
           ^^^^^^^^^^^^^^^^
  File "/usr/lib/python3.12/json/__init__.py", line 346, in loads
    return _default_decoder.decode(s)
           ^^^^^^^^^^^^^^^^^^^^^^^^^^
  File "/usr/lib/python3.12/json/decoder.py", line 340, in decode
    raise JSONDecodeError("Extra data", s, end)
json.decoder.JSONDecodeError: Extra data: line 1 column 13979 (char 13978)
21:01:17 Traceback (most recent call last):
  File "/root/rocm-tests/bench/smc-read.py", line 12, in <module>
    m=json.load(open(MAP)) if os.path.exists(MAP) else build_map()
      ^^^^^^^^^^^^^^^^^^^^
  File "/usr/lib/python3.12/json/__init__.py", line 293, in load
    return loads(fp.read(),
           ^^^^^^^^^^^^^^^^
  File "/usr/lib/python3.12/json/__init__.py", line 346, in loads
    return _default_decoder.decode(s)
           ^^^^^^^^^^^^^^^^^^^^^^^^^^
  File "/usr/lib/python3.12/json/decoder.py", line 340, in decode
    raise JSONDecodeError("Extra data", s, end)
json.decoder.JSONDecodeError: Extra data: line 1 column 13979 (char 13978)
21:01:23 Traceback (most recent call last):
  File "/root/rocm-tests/bench/smc-read.py", line 12, in <module>
    m=json.load(open(MAP)) if os.path.exists(MAP) else build_map()
      ^^^^^^^^^^^^^^^^^^^^
  File "/usr/lib/python3.12/json/__init__.py", line 293, in load
    return loads(fp.read(),
           ^^^^^^^^^^^^^^^^
  File "/usr/lib/python3.12/json/__init__.py", line 346, in loads
    return _default_decoder.decode(s)
           ^^^^^^^^^^^^^^^^^^^^^^^^^^
  File "/usr/lib/python3.12/json/decoder.py", line 340, in decode
    raise JSONDecodeError("Extra data", s, end)
json.decoder.JSONDecodeError: Extra data: line 1 column 13979 (char 13978)
21:01:28 Traceback (most recent call last):
  File "/root/rocm-tests/bench/smc-read.py", line 12, in <module>
    m=json.load(open(MAP)) if os.path.exists(MAP) else build_map()
      ^^^^^^^^^^^^^^^^^^^^
  File "/usr/lib/python3.12/json/__init__.py", line 293, in load
    return loads(fp.read(),
           ^^^^^^^^^^^^^^^^
  File "/usr/lib/python3.12/json/__init__.py", line 346, in loads
    return _default_decoder.decode(s)
           ^^^^^^^^^^^^^^^^^^^^^^^^^^
  File "/usr/lib/python3.12/json/decoder.py", line 340, in decode
    raise JSONDecodeError("Extra data", s, end)
json.decoder.JSONDecodeError: Extra data: line 1 column 13979 (char 13978)
21:01:33 Traceback (most recent call last):
  File "/root/rocm-tests/bench/smc-read.py", line 12, in <module>
    m=json.load(open(MAP)) if os.path.exists(MAP) else build_map()
      ^^^^^^^^^^^^^^^^^^^^
  File "/usr/lib/python3.12/json/__init__.py", line 293, in load
    return loads(fp.read(),
           ^^^^^^^^^^^^^^^^
  File "/usr/lib/python3.12/json/__init__.py", line 346, in loads
    return _default_decoder.decode(s)
           ^^^^^^^^^^^^^^^^^^^^^^^^^^
  File "/usr/lib/python3.12/json/decoder.py", line 340, in decode
    raise JSONDecodeError("Extra data", s, end)
json.decoder.JSONDecodeError: Extra data: line 1 column 13979 (char 13978)
21:01:38 Traceback (most recent call last):
  File "/root/rocm-tests/bench/smc-read.py", line 12, in <module>
    m=json.load(open(MAP)) if os.path.exists(MAP) else build_map()
      ^^^^^^^^^^^^^^^^^^^^
  File "/usr/lib/python3.12/json/__init__.py", line 293, in load
    return loads(fp.read(),
           ^^^^^^^^^^^^^^^^
  File "/usr/lib/python3.12/json/__init__.py", line 346, in loads
    return _default_decoder.decode(s)
           ^^^^^^^^^^^^^^^^^^^^^^^^^^
  File "/usr/lib/python3.12/json/decoder.py", line 340, in decode
    raise JSONDecodeError("Extra data", s, end)
json.decoder.JSONDecodeError: Extra data: line 1 column 13979 (char 13978)
21:01:43 Traceback (most recent call last):
  File "/root/rocm-tests/bench/smc-read.py", line 12, in <module>
    m=json.load(open(MAP)) if os.path.exists(MAP) else build_map()
      ^^^^^^^^^^^^^^^^^^^^
  File "/usr/lib/python3.12/json/__init__.py", line 293, in load
    return loads(fp.read(),
           ^^^^^^^^^^^^^^^^
  File "/usr/lib/python3.12/json/__init__.py", line 346, in loads
    return _default_decoder.decode(s)
           ^^^^^^^^^^^^^^^^^^^^^^^^^^
  File "/usr/lib/python3.12/json/decoder.py", line 340, in decode
    raise JSONDecodeError("Extra data", s, end)
json.decoder.JSONDecodeError: Extra data: line 1 column 13979 (char 13978)
21:01:48 Traceback (most recent call last):
  File "/root/rocm-tests/bench/smc-read.py", line 12, in <module>
    m=json.load(open(MAP)) if os.path.exists(MAP) else build_map()
      ^^^^^^^^^^^^^^^^^^^^
  File "/usr/lib/python3.12/json/__init__.py", line 293, in load
    return loads(fp.read(),
           ^^^^^^^^^^^^^^^^
  File "/usr/lib/python3.12/json/__init__.py", line 346, in loads
    return _default_decoder.decode(s)
           ^^^^^^^^^^^^^^^^^^^^^^^^^^
  File "/usr/lib/python3.12/json/decoder.py", line 340, in decode
    raise JSONDecodeError("Extra data", s, end)
json.decoder.JSONDecodeError: Extra data: line 1 column 13979 (char 13978)
21:01:53 Traceback (most recent call last):
  File "/root/rocm-tests/bench/smc-read.py", line 12, in <module>
    m=json.load(open(MAP)) if os.path.exists(MAP) else build_map()
      ^^^^^^^^^^^^^^^^^^^^
  File "/usr/lib/python3.12/json/__init__.py", line 293, in load
    return loads(fp.read(),
           ^^^^^^^^^^^^^^^^
  File "/usr/lib/python3.12/json/__init__.py", line 346, in loads
    return _default_decoder.decode(s)
           ^^^^^^^^^^^^^^^^^^^^^^^^^^
  File "/usr/lib/python3.12/json/decoder.py", line 340, in decode
    raise JSONDecodeError("Extra data", s, end)
json.decoder.JSONDecodeError: Extra data: line 1 column 13979 (char 13978)
21:01:58 Traceback (most recent call last):
  File "/root/rocm-tests/bench/smc-read.py", line 12, in <module>
    m=json.load(open(MAP)) if os.path.exists(MAP) else build_map()
      ^^^^^^^^^^^^^^^^^^^^
  File "/usr/lib/python3.12/json/__init__.py", line 293, in load
    return loads(fp.read(),
           ^^^^^^^^^^^^^^^^
  File "/usr/lib/python3.12/json/__init__.py", line 346, in loads
    return _default_decoder.decode(s)
           ^^^^^^^^^^^^^^^^^^^^^^^^^^
  File "/usr/lib/python3.12/json/decoder.py", line 340, in decode
    raise JSONDecodeError("Extra data", s, end)
json.decoder.JSONDecodeError: Extra data: line 1 column 13979 (char 13978)
21:02:03 Traceback (most recent call last):
  File "/root/rocm-tests/bench/smc-read.py", line 12, in <module>
    m=json.load(open(MAP)) if os.path.exists(MAP) else build_map()
      ^^^^^^^^^^^^^^^^^^^^
  File "/usr/lib/python3.12/json/__init__.py", line 293, in load
    return loads(fp.read(),
           ^^^^^^^^^^^^^^^^
  File "/usr/lib/python3.12/json/__init__.py", line 346, in loads
    return _default_decoder.decode(s)
           ^^^^^^^^^^^^^^^^^^^^^^^^^^
  File "/usr/lib/python3.12/json/decoder.py", line 340, in decode
    raise JSONDecodeError("Extra data", s, end)
json.decoder.JSONDecodeError: Extra data: line 1 column 13979 (char 13978)
21:02:08 Traceback (most recent call last):
  File "/root/rocm-tests/bench/smc-read.py", line 12, in <module>
    m=json.load(open(MAP)) if os.path.exists(MAP) else build_map()
      ^^^^^^^^^^^^^^^^^^^^
  File "/usr/lib/python3.12/json/__init__.py", line 293, in load
    return loads(fp.read(),
           ^^^^^^^^^^^^^^^^
  File "/usr/lib/python3.12/json/__init__.py", line 346, in loads
    return _default_decoder.decode(s)
           ^^^^^^^^^^^^^^^^^^^^^^^^^^
  File "/usr/lib/python3.12/json/decoder.py", line 340, in decode
    raise JSONDecodeError("Extra data", s, end)
json.decoder.JSONDecodeError: Extra data: line 1 column 13979 (char 13978)
21:02:13 Traceback (most recent call last):
  File "/root/rocm-tests/bench/smc-read.py", line 12, in <module>
    m=json.load(open(MAP)) if os.path.exists(MAP) else build_map()
      ^^^^^^^^^^^^^^^^^^^^
  File "/usr/lib/python3.12/json/__init__.py", line 293, in load
    return loads(fp.read(),
           ^^^^^^^^^^^^^^^^
  File "/usr/lib/python3.12/json/__init__.py", line 346, in loads
    return _default_decoder.decode(s)
           ^^^^^^^^^^^^^^^^^^^^^^^^^^
  File "/usr/lib/python3.12/json/decoder.py", line 340, in decode
    raise JSONDecodeError("Extra data", s, end)
json.decoder.JSONDecodeError: Extra data: line 1 column 13979 (char 13978)
21:02:19 Traceback (most recent call last):
  File "/root/rocm-tests/bench/smc-read.py", line 12, in <module>
    m=json.load(open(MAP)) if os.path.exists(MAP) else build_map()
      ^^^^^^^^^^^^^^^^^^^^
  File "/usr/lib/python3.12/json/__init__.py", line 293, in load
    return loads(fp.read(),
           ^^^^^^^^^^^^^^^^
  File "/usr/lib/python3.12/json/__init__.py", line 346, in loads
    return _default_decoder.decode(s)
           ^^^^^^^^^^^^^^^^^^^^^^^^^^
  File "/usr/lib/python3.12/json/decoder.py", line 340, in decode
    raise JSONDecodeError("Extra data", s, end)
json.decoder.JSONDecodeError: Extra data: line 1 column 13979 (char 13978)
21:02:24 Traceback (most recent call last):
  File "/root/rocm-tests/bench/smc-read.py", line 12, in <module>
    m=json.load(open(MAP)) if os.path.exists(MAP) else build_map()
      ^^^^^^^^^^^^^^^^^^^^
  File "/usr/lib/python3.12/json/__init__.py", line 293, in load
    return loads(fp.read(),
           ^^^^^^^^^^^^^^^^
  File "/usr/lib/python3.12/json/__init__.py", line 346, in loads
    return _default_decoder.decode(s)
           ^^^^^^^^^^^^^^^^^^^^^^^^^^
  File "/usr/lib/python3.12/json/decoder.py", line 340, in decode
    raise JSONDecodeError("Extra data", s, end)
json.decoder.JSONDecodeError: Extra data: line 1 column 13979 (char 13978)
21:02:29 Traceback (most recent call last):
  File "/root/rocm-tests/bench/smc-read.py", line 12, in <module>
    m=json.load(open(MAP)) if os.path.exists(MAP) else build_map()
      ^^^^^^^^^^^^^^^^^^^^
  File "/usr/lib/python3.12/json/__init__.py", line 293, in load
    return loads(fp.read(),
           ^^^^^^^^^^^^^^^^
  File "/usr/lib/python3.12/json/__init__.py", line 346, in loads
    return _default_decoder.decode(s)
           ^^^^^^^^^^^^^^^^^^^^^^^^^^
  File "/usr/lib/python3.12/json/decoder.py", line 340, in decode
    raise JSONDecodeError("Extra data", s, end)
json.decoder.JSONDecodeError: Extra data: line 1 column 13979 (char 13978)
21:02:34 Traceback (most recent call last):
  File "/root/rocm-tests/bench/smc-read.py", line 12, in <module>
    m=json.load(open(MAP)) if os.path.exists(MAP) else build_map()
      ^^^^^^^^^^^^^^^^^^^^
  File "/usr/lib/python3.12/json/__init__.py", line 293, in load
    return loads(fp.read(),
           ^^^^^^^^^^^^^^^^
  File "/usr/lib/python3.12/json/__init__.py", line 346, in loads
    return _default_decoder.decode(s)
           ^^^^^^^^^^^^^^^^^^^^^^^^^^
  File "/usr/lib/python3.12/json/decoder.py", line 340, in decode
    raise JSONDecodeError("Extra data", s, end)
json.decoder.JSONDecodeError: Extra data: line 1 column 13979 (char 13978)
21:02:39 Traceback (most recent call last):
  File "/root/rocm-tests/bench/smc-read.py", line 12, in <module>
    m=json.load(open(MAP)) if os.path.exists(MAP) else build_map()
      ^^^^^^^^^^^^^^^^^^^^
  File "/usr/lib/python3.12/json/__init__.py", line 293, in load
    return loads(fp.read(),
           ^^^^^^^^^^^^^^^^
  File "/usr/lib/python3.12/json/__init__.py", line 346, in loads
    return _default_decoder.decode(s)
           ^^^^^^^^^^^^^^^^^^^^^^^^^^
  File "/usr/lib/python3.12/json/decoder.py", line 340, in decode
    raise JSONDecodeError("Extra data", s, end)
json.decoder.JSONDecodeError: Extra data: line 1 column 13979 (char 13978)
21:02:44 Traceback (most recent call last):
  File "/root/rocm-tests/bench/smc-read.py", line 12, in <module>
    m=json.load(open(MAP)) if os.path.exists(MAP) else build_map()
      ^^^^^^^^^^^^^^^^^^^^
  File "/usr/lib/python3.12/json/__init__.py", line 293, in load
    return loads(fp.read(),
           ^^^^^^^^^^^^^^^^
  File "/usr/lib/python3.12/json/__init__.py", line 346, in loads
    return _default_decoder.decode(s)
           ^^^^^^^^^^^^^^^^^^^^^^^^^^
  File "/usr/lib/python3.12/json/decoder.py", line 340, in decode
    raise JSONDecodeError("Extra data", s, end)
json.decoder.JSONDecodeError: Extra data: line 1 column 13979 (char 13978)
21:02:49 Traceback (most recent call last):
  File "/root/rocm-tests/bench/smc-read.py", line 12, in <module>
    m=json.load(open(MAP)) if os.path.exists(MAP) else build_map()
      ^^^^^^^^^^^^^^^^^^^^
  File "/usr/lib/python3.12/json/__init__.py", line 293, in load
    return loads(fp.read(),
           ^^^^^^^^^^^^^^^^
  File "/usr/lib/python3.12/json/__init__.py", line 346, in loads
    return _default_decoder.decode(s)
           ^^^^^^^^^^^^^^^^^^^^^^^^^^
  File "/usr/lib/python3.12/json/decoder.py", line 340, in decode
    raise JSONDecodeError("Extra data", s, end)
json.decoder.JSONDecodeError: Extra data: line 1 column 13979 (char 13978)
21:02:54 Traceback (most recent call last):
  File "/root/rocm-tests/bench/smc-read.py", line 12, in <module>
    m=json.load(open(MAP)) if os.path.exists(MAP) else build_map()
      ^^^^^^^^^^^^^^^^^^^^
  File "/usr/lib/python3.12/json/__init__.py", line 293, in load
    return loads(fp.read(),
           ^^^^^^^^^^^^^^^^
  File "/usr/lib/python3.12/json/__init__.py", line 346, in loads
    return _default_decoder.decode(s)
           ^^^^^^^^^^^^^^^^^^^^^^^^^^
  File "/usr/lib/python3.12/json/decoder.py", line 340, in decode
    raise JSONDecodeError("Extra data", s, end)
json.decoder.JSONDecodeError: Extra data: line 1 column 13979 (char 13978)
21:02:59 Traceback (most recent call last):
  File "/root/rocm-tests/bench/smc-read.py", line 12, in <module>
    m=json.load(open(MAP)) if os.path.exists(MAP) else build_map()
      ^^^^^^^^^^^^^^^^^^^^
  File "/usr/lib/python3.12/json/__init__.py", line 293, in load
    return loads(fp.read(),
           ^^^^^^^^^^^^^^^^
  File "/usr/lib/python3.12/json/__init__.py", line 346, in loads
    return _default_decoder.decode(s)
           ^^^^^^^^^^^^^^^^^^^^^^^^^^
  File "/usr/lib/python3.12/json/decoder.py", line 340, in decode
    raise JSONDecodeError("Extra data", s, end)
json.decoder.JSONDecodeError: Extra data: line 1 column 13979 (char 13978)
21:03:04 Traceback (most recent call last):
  File "/root/rocm-tests/bench/smc-read.py", line 12, in <module>
    m=json.load(open(MAP)) if os.path.exists(MAP) else build_map()
      ^^^^^^^^^^^^^^^^^^^^
  File "/usr/lib/python3.12/json/__init__.py", line 293, in load
    return loads(fp.read(),
           ^^^^^^^^^^^^^^^^
  File "/usr/lib/python3.12/json/__init__.py", line 346, in loads
    return _default_decoder.decode(s)
           ^^^^^^^^^^^^^^^^^^^^^^^^^^
  File "/usr/lib/python3.12/json/decoder.py", line 340, in decode
    raise JSONDecodeError("Extra data", s, end)
json.decoder.JSONDecodeError: Extra data: line 1 column 13979 (char 13978)
21:03:10 Traceback (most recent call last):
  File "/root/rocm-tests/bench/smc-read.py", line 12, in <module>
    m=json.load(open(MAP)) if os.path.exists(MAP) else build_map()
      ^^^^^^^^^^^^^^^^^^^^
  File "/usr/lib/python3.12/json/__init__.py", line 293, in load
    return loads(fp.read(),
           ^^^^^^^^^^^^^^^^
  File "/usr/lib/python3.12/json/__init__.py", line 346, in loads
    return _default_decoder.decode(s)
           ^^^^^^^^^^^^^^^^^^^^^^^^^^
  File "/usr/lib/python3.12/json/decoder.py", line 340, in decode
    raise JSONDecodeError("Extra data", s, end)
json.decoder.JSONDecodeError: Extra data: line 1 column 13979 (char 13978)
21:03:15 Traceback (most recent call last):
  File "/root/rocm-tests/bench/smc-read.py", line 12, in <module>
    m=json.load(open(MAP)) if os.path.exists(MAP) else build_map()
      ^^^^^^^^^^^^^^^^^^^^
  File "/usr/lib/python3.12/json/__init__.py", line 293, in load
    return loads(fp.read(),
           ^^^^^^^^^^^^^^^^
  File "/usr/lib/python3.12/json/__init__.py", line 346, in loads
    return _default_decoder.decode(s)
           ^^^^^^^^^^^^^^^^^^^^^^^^^^
  File "/usr/lib/python3.12/json/decoder.py", line 340, in decode
    raise JSONDecodeError("Extra data", s, end)
json.decoder.JSONDecodeError: Extra data: line 1 column 13979 (char 13978)
21:03:20 Traceback (most recent call last):
  File "/root/rocm-tests/bench/smc-read.py", line 12, in <module>
    m=json.load(open(MAP)) if os.path.exists(MAP) else build_map()
      ^^^^^^^^^^^^^^^^^^^^
  File "/usr/lib/python3.12/json/__init__.py", line 293, in load
    return loads(fp.read(),
           ^^^^^^^^^^^^^^^^
  File "/usr/lib/python3.12/json/__init__.py", line 346, in loads
    return _default_decoder.decode(s)
           ^^^^^^^^^^^^^^^^^^^^^^^^^^
  File "/usr/lib/python3.12/json/decoder.py", line 340, in decode
    raise JSONDecodeError("Extra data", s, end)
json.decoder.JSONDecodeError: Extra data: line 1 column 13979 (char 13978)
21:03:25 Traceback (most recent call last):
  File "/root/rocm-tests/bench/smc-read.py", line 12, in <module>
    m=json.load(open(MAP)) if os.path.exists(MAP) else build_map()
      ^^^^^^^^^^^^^^^^^^^^
  File "/usr/lib/python3.12/json/__init__.py", line 293, in load
    return loads(fp.read(),
           ^^^^^^^^^^^^^^^^
  File "/usr/lib/python3.12/json/__init__.py", line 346, in loads
    return _default_decoder.decode(s)
           ^^^^^^^^^^^^^^^^^^^^^^^^^^
  File "/usr/lib/python3.12/json/decoder.py", line 340, in decode
    raise JSONDecodeError("Extra data", s, end)
json.decoder.JSONDecodeError: Extra data: line 1 column 13979 (char 13978)
21:03:30 Traceback (most recent call last):
  File "/root/rocm-tests/bench/smc-read.py", line 12, in <module>
    m=json.load(open(MAP)) if os.path.exists(MAP) else build_map()
      ^^^^^^^^^^^^^^^^^^^^
  File "/usr/lib/python3.12/json/__init__.py", line 293, in load
    return loads(fp.read(),
           ^^^^^^^^^^^^^^^^
  File "/usr/lib/python3.12/json/__init__.py", line 346, in loads
    return _default_decoder.decode(s)
           ^^^^^^^^^^^^^^^^^^^^^^^^^^
  File "/usr/lib/python3.12/json/decoder.py", line 340, in decode
    raise JSONDecodeError("Extra data", s, end)
json.decoder.JSONDecodeError: Extra data: line 1 column 13979 (char 13978)
21:03:35 Traceback (most recent call last):
  File "/root/rocm-tests/bench/smc-read.py", line 12, in <module>
    m=json.load(open(MAP)) if os.path.exists(MAP) else build_map()
      ^^^^^^^^^^^^^^^^^^^^
  File "/usr/lib/python3.12/json/__init__.py", line 293, in load
    return loads(fp.read(),
           ^^^^^^^^^^^^^^^^
  File "/usr/lib/python3.12/json/__init__.py", line 346, in loads
    return _default_decoder.decode(s)
           ^^^^^^^^^^^^^^^^^^^^^^^^^^
  File "/usr/lib/python3.12/json/decoder.py", line 340, in decode
    raise JSONDecodeError("Extra data", s, end)
json.decoder.JSONDecodeError: Extra data: line 1 column 13979 (char 13978)
21:03:40 Traceback (most recent call last):
  File "/root/rocm-tests/bench/smc-read.py", line 12, in <module>
    m=json.load(open(MAP)) if os.path.exists(MAP) else build_map()
      ^^^^^^^^^^^^^^^^^^^^
  File "/usr/lib/python3.12/json/__init__.py", line 293, in load
    return loads(fp.read(),
           ^^^^^^^^^^^^^^^^
  File "/usr/lib/python3.12/json/__init__.py", line 346, in loads
    return _default_decoder.decode(s)
           ^^^^^^^^^^^^^^^^^^^^^^^^^^
  File "/usr/lib/python3.12/json/decoder.py", line 340, in decode
    raise JSONDecodeError("Extra data", s, end)
json.decoder.JSONDecodeError: Extra data: line 1 column 13979 (char 13978)
21:03:45 Traceback (most recent call last):
  File "/root/rocm-tests/bench/smc-read.py", line 12, in <module>
    m=json.load(open(MAP)) if os.path.exists(MAP) else build_map()
      ^^^^^^^^^^^^^^^^^^^^
  File "/usr/lib/python3.12/json/__init__.py", line 293, in load
    return loads(fp.read(),
           ^^^^^^^^^^^^^^^^
  File "/usr/lib/python3.12/json/__init__.py", line 346, in loads
    return _default_decoder.decode(s)
           ^^^^^^^^^^^^^^^^^^^^^^^^^^
  File "/usr/lib/python3.12/json/decoder.py", line 340, in decode
    raise JSONDecodeError("Extra data", s, end)
json.decoder.JSONDecodeError: Extra data: line 1 column 13979 (char 13978)
21:03:50 Traceback (most recent call last):
  File "/root/rocm-tests/bench/smc-read.py", line 12, in <module>
    m=json.load(open(MAP)) if os.path.exists(MAP) else build_map()
      ^^^^^^^^^^^^^^^^^^^^
  File "/usr/lib/python3.12/json/__init__.py", line 293, in load
    return loads(fp.read(),
           ^^^^^^^^^^^^^^^^
  File "/usr/lib/python3.12/json/__init__.py", line 346, in loads
    return _default_decoder.decode(s)
           ^^^^^^^^^^^^^^^^^^^^^^^^^^
  File "/usr/lib/python3.12/json/decoder.py", line 340, in decode
    raise JSONDecodeError("Extra data", s, end)
json.decoder.JSONDecodeError: Extra data: line 1 column 13979 (char 13978)
21:03:55 Traceback (most recent call last):
  File "/root/rocm-tests/bench/smc-read.py", line 12, in <module>
    m=json.load(open(MAP)) if os.path.exists(MAP) else build_map()
      ^^^^^^^^^^^^^^^^^^^^
  File "/usr/lib/python3.12/json/__init__.py", line 293, in load
    return loads(fp.read(),
           ^^^^^^^^^^^^^^^^
  File "/usr/lib/python3.12/json/__init__.py", line 346, in loads
    return _default_decoder.decode(s)
           ^^^^^^^^^^^^^^^^^^^^^^^^^^
  File "/usr/lib/python3.12/json/decoder.py", line 340, in decode
    raise JSONDecodeError("Extra data", s, end)
json.decoder.JSONDecodeError: Extra data: line 1 column 13979 (char 13978)
21:04:00 Traceback (most recent call last):
  File "/root/rocm-tests/bench/smc-read.py", line 12, in <module>
    m=json.load(open(MAP)) if os.path.exists(MAP) else build_map()
      ^^^^^^^^^^^^^^^^^^^^
  File "/usr/lib/python3.12/json/__init__.py", line 293, in load
    return loads(fp.read(),
           ^^^^^^^^^^^^^^^^
  File "/usr/lib/python3.12/json/__init__.py", line 346, in loads
    return _default_decoder.decode(s)
           ^^^^^^^^^^^^^^^^^^^^^^^^^^
  File "/usr/lib/python3.12/json/decoder.py", line 340, in decode
    raise JSONDecodeError("Extra data", s, end)
json.decoder.JSONDecodeError: Extra data: line 1 column 13979 (char 13978)
21:04:06 Traceback (most recent call last):
  File "/root/rocm-tests/bench/smc-read.py", line 12, in <module>
    m=json.load(open(MAP)) if os.path.exists(MAP) else build_map()
      ^^^^^^^^^^^^^^^^^^^^
  File "/usr/lib/python3.12/json/__init__.py", line 293, in load
    return loads(fp.read(),
           ^^^^^^^^^^^^^^^^
  File "/usr/lib/python3.12/json/__init__.py", line 346, in loads
    return _default_decoder.decode(s)
           ^^^^^^^^^^^^^^^^^^^^^^^^^^
  File "/usr/lib/python3.12/json/decoder.py", line 340, in decode
    raise JSONDecodeError("Extra data", s, end)
json.decoder.JSONDecodeError: Extra data: line 1 column 13979 (char 13978)
21:04:11 Traceback (most recent call last):
  File "/root/rocm-tests/bench/smc-read.py", line 12, in <module>
    m=json.load(open(MAP)) if os.path.exists(MAP) else build_map()
      ^^^^^^^^^^^^^^^^^^^^
  File "/usr/lib/python3.12/json/__init__.py", line 293, in load
    return loads(fp.read(),
           ^^^^^^^^^^^^^^^^
  File "/usr/lib/python3.12/json/__init__.py", line 346, in loads
    return _default_decoder.decode(s)
           ^^^^^^^^^^^^^^^^^^^^^^^^^^
  File "/usr/lib/python3.12/json/decoder.py", line 340, in decode
    raise JSONDecodeError("Extra data", s, end)
json.decoder.JSONDecodeError: Extra data: line 1 column 13979 (char 13978)
21:04:16 Traceback (most recent call last):
  File "/root/rocm-tests/bench/smc-read.py", line 12, in <module>
    m=json.load(open(MAP)) if os.path.exists(MAP) else build_map()
      ^^^^^^^^^^^^^^^^^^^^
  File "/usr/lib/python3.12/json/__init__.py", line 293, in load
    return loads(fp.read(),
           ^^^^^^^^^^^^^^^^
  File "/usr/lib/python3.12/json/__init__.py", line 346, in loads
    return _default_decoder.decode(s)
           ^^^^^^^^^^^^^^^^^^^^^^^^^^
  File "/usr/lib/python3.12/json/decoder.py", line 340, in decode
    raise JSONDecodeError("Extra data", s, end)
json.decoder.JSONDecodeError: Extra data: line 1 column 13979 (char 13978)
21:04:21 Traceback (most recent call last):
  File "/root/rocm-tests/bench/smc-read.py", line 12, in <module>
    m=json.load(open(MAP)) if os.path.exists(MAP) else build_map()
      ^^^^^^^^^^^^^^^^^^^^
  File "/usr/lib/python3.12/json/__init__.py", line 293, in load
    return loads(fp.read(),
           ^^^^^^^^^^^^^^^^
  File "/usr/lib/python3.12/json/__init__.py", line 346, in loads
    return _default_decoder.decode(s)
           ^^^^^^^^^^^^^^^^^^^^^^^^^^
  File "/usr/lib/python3.12/json/decoder.py", line 340, in decode
    raise JSONDecodeError("Extra data", s, end)
json.decoder.JSONDecodeError: Extra data: line 1 column 13979 (char 13978)
21:04:26 Traceback (most recent call last):
  File "/root/rocm-tests/bench/smc-read.py", line 12, in <module>
    m=json.load(open(MAP)) if os.path.exists(MAP) else build_map()
      ^^^^^^^^^^^^^^^^^^^^
  File "/usr/lib/python3.12/json/__init__.py", line 293, in load
    return loads(fp.read(),
           ^^^^^^^^^^^^^^^^
  File "/usr/lib/python3.12/json/__init__.py", line 346, in loads
    return _default_decoder.decode(s)
           ^^^^^^^^^^^^^^^^^^^^^^^^^^
  File "/usr/lib/python3.12/json/decoder.py", line 340, in decode
    raise JSONDecodeError("Extra data", s, end)
json.decoder.JSONDecodeError: Extra data: line 1 column 13979 (char 13978)
21:04:31 Traceback (most recent call last):
  File "/root/rocm-tests/bench/smc-read.py", line 12, in <module>
    m=json.load(open(MAP)) if os.path.exists(MAP) else build_map()
      ^^^^^^^^^^^^^^^^^^^^
  File "/usr/lib/python3.12/json/__init__.py", line 293, in load
    return loads(fp.read(),
           ^^^^^^^^^^^^^^^^
  File "/usr/lib/python3.12/json/__init__.py", line 346, in loads
    return _default_decoder.decode(s)
           ^^^^^^^^^^^^^^^^^^^^^^^^^^
  File "/usr/lib/python3.12/json/decoder.py", line 340, in decode
    raise JSONDecodeError("Extra data", s, end)
json.decoder.JSONDecodeError: Extra data: line 1 column 13979 (char 13978)
21:04:36 Traceback (most recent call last):
  File "/root/rocm-tests/bench/smc-read.py", line 12, in <module>
    m=json.load(open(MAP)) if os.path.exists(MAP) else build_map()
      ^^^^^^^^^^^^^^^^^^^^
  File "/usr/lib/python3.12/json/__init__.py", line 293, in load
    return loads(fp.read(),
           ^^^^^^^^^^^^^^^^
  File "/usr/lib/python3.12/json/__init__.py", line 346, in loads
    return _default_decoder.decode(s)
           ^^^^^^^^^^^^^^^^^^^^^^^^^^
  File "/usr/lib/python3.12/json/decoder.py", line 340, in decode
    raise JSONDecodeError("Extra data", s, end)
json.decoder.JSONDecodeError: Extra data: line 1 column 13979 (char 13978)
21:04:41 Traceback (most recent call last):
  File "/root/rocm-tests/bench/smc-read.py", line 12, in <module>
    m=json.load(open(MAP)) if os.path.exists(MAP) else build_map()
      ^^^^^^^^^^^^^^^^^^^^
  File "/usr/lib/python3.12/json/__init__.py", line 293, in load
    return loads(fp.read(),
           ^^^^^^^^^^^^^^^^
  File "/usr/lib/python3.12/json/__init__.py", line 346, in loads
    return _default_decoder.decode(s)
           ^^^^^^^^^^^^^^^^^^^^^^^^^^
  File "/usr/lib/python3.12/json/decoder.py", line 340, in decode
    raise JSONDecodeError("Extra data", s, end)
json.decoder.JSONDecodeError: Extra data: line 1 column 13979 (char 13978)
21:04:46 Traceback (most recent call last):
  File "/root/rocm-tests/bench/smc-read.py", line 12, in <module>
    m=json.load(open(MAP)) if os.path.exists(MAP) else build_map()
      ^^^^^^^^^^^^^^^^^^^^
  File "/usr/lib/python3.12/json/__init__.py", line 293, in load
    return loads(fp.read(),
           ^^^^^^^^^^^^^^^^
  File "/usr/lib/python3.12/json/__init__.py", line 346, in loads
    return _default_decoder.decode(s)
           ^^^^^^^^^^^^^^^^^^^^^^^^^^
  File "/usr/lib/python3.12/json/decoder.py", line 340, in decode
    raise JSONDecodeError("Extra data", s, end)
json.decoder.JSONDecodeError: Extra data: line 1 column 13979 (char 13978)
21:04:51 Traceback (most recent call last):
  File "/root/rocm-tests/bench/smc-read.py", line 12, in <module>
    m=json.load(open(MAP)) if os.path.exists(MAP) else build_map()
      ^^^^^^^^^^^^^^^^^^^^
  File "/usr/lib/python3.12/json/__init__.py", line 293, in load
    return loads(fp.read(),
           ^^^^^^^^^^^^^^^^
  File "/usr/lib/python3.12/json/__init__.py", line 346, in loads
    return _default_decoder.decode(s)
           ^^^^^^^^^^^^^^^^^^^^^^^^^^
  File "/usr/lib/python3.12/json/decoder.py", line 340, in decode
    raise JSONDecodeError("Extra data", s, end)
json.decoder.JSONDecodeError: Extra data: line 1 column 13979 (char 13978)
21:04:56 Traceback (most recent call last):
  File "/root/rocm-tests/bench/smc-read.py", line 12, in <module>
    m=json.load(open(MAP)) if os.path.exists(MAP) else build_map()
      ^^^^^^^^^^^^^^^^^^^^
  File "/usr/lib/python3.12/json/__init__.py", line 293, in load
    return loads(fp.read(),
           ^^^^^^^^^^^^^^^^
  File "/usr/lib/python3.12/json/__init__.py", line 346, in loads
    return _default_decoder.decode(s)
           ^^^^^^^^^^^^^^^^^^^^^^^^^^
  File "/usr/lib/python3.12/json/decoder.py", line 340, in decode
    raise JSONDecodeError("Extra data", s, end)
json.decoder.JSONDecodeError: Extra data: line 1 column 13979 (char 13978)
21:05:02 Traceback (most recent call last):
  File "/root/rocm-tests/bench/smc-read.py", line 12, in <module>
    m=json.load(open(MAP)) if os.path.exists(MAP) else build_map()
      ^^^^^^^^^^^^^^^^^^^^
  File "/usr/lib/python3.12/json/__init__.py", line 293, in load
    return loads(fp.read(),
           ^^^^^^^^^^^^^^^^
  File "/usr/lib/python3.12/json/__init__.py", line 346, in loads
    return _default_decoder.decode(s)
           ^^^^^^^^^^^^^^^^^^^^^^^^^^
  File "/usr/lib/python3.12/json/decoder.py", line 340, in decode
    raise JSONDecodeError("Extra data", s, end)
json.decoder.JSONDecodeError: Extra data: line 1 column 13979 (char 13978)
21:05:07 Traceback (most recent call last):
  File "/root/rocm-tests/bench/smc-read.py", line 12, in <module>
    m=json.load(open(MAP)) if os.path.exists(MAP) else build_map()
      ^^^^^^^^^^^^^^^^^^^^
  File "/usr/lib/python3.12/json/__init__.py", line 293, in load
    return loads(fp.read(),
           ^^^^^^^^^^^^^^^^
  File "/usr/lib/python3.12/json/__init__.py", line 346, in loads
    return _default_decoder.decode(s)
           ^^^^^^^^^^^^^^^^^^^^^^^^^^
  File "/usr/lib/python3.12/json/decoder.py", line 340, in decode
    raise JSONDecodeError("Extra data", s, end)
json.decoder.JSONDecodeError: Extra data: line 1 column 13979 (char 13978)
21:05:12 Traceback (most recent call last):
  File "/root/rocm-tests/bench/smc-read.py", line 12, in <module>
    m=json.load(open(MAP)) if os.path.exists(MAP) else build_map()
      ^^^^^^^^^^^^^^^^^^^^
  File "/usr/lib/python3.12/json/__init__.py", line 293, in load
    return loads(fp.read(),
           ^^^^^^^^^^^^^^^^
  File "/usr/lib/python3.12/json/__init__.py", line 346, in loads
    return _default_decoder.decode(s)
           ^^^^^^^^^^^^^^^^^^^^^^^^^^
  File "/usr/lib/python3.12/json/decoder.py", line 340, in decode
    raise JSONDecodeError("Extra data", s, end)
json.decoder.JSONDecodeError: Extra data: line 1 column 13979 (char 13978)
21:05:17 Traceback (most recent call last):
  File "/root/rocm-tests/bench/smc-read.py", line 12, in <module>
    m=json.load(open(MAP)) if os.path.exists(MAP) else build_map()
      ^^^^^^^^^^^^^^^^^^^^
  File "/usr/lib/python3.12/json/__init__.py", line 293, in load
    return loads(fp.read(),
           ^^^^^^^^^^^^^^^^
  File "/usr/lib/python3.12/json/__init__.py", line 346, in loads
    return _default_decoder.decode(s)
           ^^^^^^^^^^^^^^^^^^^^^^^^^^
  File "/usr/lib/python3.12/json/decoder.py", line 340, in decode
    raise JSONDecodeError("Extra data", s, end)
json.decoder.JSONDecodeError: Extra data: line 1 column 13979 (char 13978)
21:05:22 Traceback (most recent call last):
  File "/root/rocm-tests/bench/smc-read.py", line 12, in <module>
    m=json.load(open(MAP)) if os.path.exists(MAP) else build_map()
      ^^^^^^^^^^^^^^^^^^^^
  File "/usr/lib/python3.12/json/__init__.py", line 293, in load
    return loads(fp.read(),
           ^^^^^^^^^^^^^^^^
  File "/usr/lib/python3.12/json/__init__.py", line 346, in loads
    return _default_decoder.decode(s)
           ^^^^^^^^^^^^^^^^^^^^^^^^^^
  File "/usr/lib/python3.12/json/decoder.py", line 340, in decode
    raise JSONDecodeError("Extra data", s, end)
json.decoder.JSONDecodeError: Extra data: line 1 column 13979 (char 13978)
21:05:27 Traceback (most recent call last):
  File "/root/rocm-tests/bench/smc-read.py", line 12, in <module>
    m=json.load(open(MAP)) if os.path.exists(MAP) else build_map()
      ^^^^^^^^^^^^^^^^^^^^
  File "/usr/lib/python3.12/json/__init__.py", line 293, in load
    return loads(fp.read(),
           ^^^^^^^^^^^^^^^^
  File "/usr/lib/python3.12/json/__init__.py", line 346, in loads
    return _default_decoder.decode(s)
           ^^^^^^^^^^^^^^^^^^^^^^^^^^
  File "/usr/lib/python3.12/json/decoder.py", line 340, in decode
    raise JSONDecodeError("Extra data", s, end)
json.decoder.JSONDecodeError: Extra data: line 1 column 13979 (char 13978)
21:05:32 Traceback (most recent call last):
  File "/root/rocm-tests/bench/smc-read.py", line 12, in <module>
    m=json.load(open(MAP)) if os.path.exists(MAP) else build_map()
      ^^^^^^^^^^^^^^^^^^^^
  File "/usr/lib/python3.12/json/__init__.py", line 293, in load
    return loads(fp.read(),
           ^^^^^^^^^^^^^^^^
  File "/usr/lib/python3.12/json/__init__.py", line 346, in loads
    return _default_decoder.decode(s)
           ^^^^^^^^^^^^^^^^^^^^^^^^^^
  File "/usr/lib/python3.12/json/decoder.py", line 340, in decode
    raise JSONDecodeError("Extra data", s, end)
json.decoder.JSONDecodeError: Extra data: line 1 column 13979 (char 13978)
21:05:37 Traceback (most recent call last):
  File "/root/rocm-tests/bench/smc-read.py", line 12, in <module>
    m=json.load(open(MAP)) if os.path.exists(MAP) else build_map()
      ^^^^^^^^^^^^^^^^^^^^
  File "/usr/lib/python3.12/json/__init__.py", line 293, in load
    return loads(fp.read(),
           ^^^^^^^^^^^^^^^^
  File "/usr/lib/python3.12/json/__init__.py", line 346, in loads
    return _default_decoder.decode(s)
           ^^^^^^^^^^^^^^^^^^^^^^^^^^
  File "/usr/lib/python3.12/json/decoder.py", line 340, in decode
    raise JSONDecodeError("Extra data", s, end)
json.decoder.JSONDecodeError: Extra data: line 1 column 13979 (char 13978)
21:05:42 Traceback (most recent call last):
  File "/root/rocm-tests/bench/smc-read.py", line 12, in <module>
    m=json.load(open(MAP)) if os.path.exists(MAP) else build_map()
      ^^^^^^^^^^^^^^^^^^^^
  File "/usr/lib/python3.12/json/__init__.py", line 293, in load
    return loads(fp.read(),
           ^^^^^^^^^^^^^^^^
  File "/usr/lib/python3.12/json/__init__.py", line 346, in loads
    return _default_decoder.decode(s)
           ^^^^^^^^^^^^^^^^^^^^^^^^^^
  File "/usr/lib/python3.12/json/decoder.py", line 340, in decode
    raise JSONDecodeError("Extra data", s, end)
json.decoder.JSONDecodeError: Extra data: line 1 column 13979 (char 13978)
21:05:47 Traceback (most recent call last):
  File "/root/rocm-tests/bench/smc-read.py", line 12, in <module>
    m=json.load(open(MAP)) if os.path.exists(MAP) else build_map()
      ^^^^^^^^^^^^^^^^^^^^
  File "/usr/lib/python3.12/json/__init__.py", line 293, in load
    return loads(fp.read(),
           ^^^^^^^^^^^^^^^^
  File "/usr/lib/python3.12/json/__init__.py", line 346, in loads
    return _default_decoder.decode(s)
           ^^^^^^^^^^^^^^^^^^^^^^^^^^
  File "/usr/lib/python3.12/json/decoder.py", line 340, in decode
    raise JSONDecodeError("Extra data", s, end)
json.decoder.JSONDecodeError: Extra data: line 1 column 13979 (char 13978)
21:05:52 Traceback (most recent call last):
  File "/root/rocm-tests/bench/smc-read.py", line 12, in <module>
    m=json.load(open(MAP)) if os.path.exists(MAP) else build_map()
      ^^^^^^^^^^^^^^^^^^^^
  File "/usr/lib/python3.12/json/__init__.py", line 293, in load
    return loads(fp.read(),
           ^^^^^^^^^^^^^^^^
  File "/usr/lib/python3.12/json/__init__.py", line 346, in loads
    return _default_decoder.decode(s)
           ^^^^^^^^^^^^^^^^^^^^^^^^^^
  File "/usr/lib/python3.12/json/decoder.py", line 340, in decode
    raise JSONDecodeError("Extra data", s, end)
json.decoder.JSONDecodeError: Extra data: line 1 column 13979 (char 13978)
21:05:58 Traceback (most recent call last):
  File "/root/rocm-tests/bench/smc-read.py", line 12, in <module>
    m=json.load(open(MAP)) if os.path.exists(MAP) else build_map()
      ^^^^^^^^^^^^^^^^^^^^
  File "/usr/lib/python3.12/json/__init__.py", line 293, in load
    return loads(fp.read(),
           ^^^^^^^^^^^^^^^^
  File "/usr/lib/python3.12/json/__init__.py", line 346, in loads
    return _default_decoder.decode(s)
           ^^^^^^^^^^^^^^^^^^^^^^^^^^
  File "/usr/lib/python3.12/json/decoder.py", line 340, in decode
    raise JSONDecodeError("Extra data", s, end)
json.decoder.JSONDecodeError: Extra data: line 1 column 13979 (char 13978)
21:06:03 Traceback (most recent call last):
  File "/root/rocm-tests/bench/smc-read.py", line 12, in <module>
    m=json.load(open(MAP)) if os.path.exists(MAP) else build_map()
      ^^^^^^^^^^^^^^^^^^^^
  File "/usr/lib/python3.12/json/__init__.py", line 293, in load
    return loads(fp.read(),
           ^^^^^^^^^^^^^^^^
  File "/usr/lib/python3.12/json/__init__.py", line 346, in loads
    return _default_decoder.decode(s)
           ^^^^^^^^^^^^^^^^^^^^^^^^^^
  File "/usr/lib/python3.12/json/decoder.py", line 340, in decode
    raise JSONDecodeError("Extra data", s, end)
json.decoder.JSONDecodeError: Extra data: line 1 column 13979 (char 13978)
21:06:08 Traceback (most recent call last):
  File "/root/rocm-tests/bench/smc-read.py", line 12, in <module>
    m=json.load(open(MAP)) if os.path.exists(MAP) else build_map()
      ^^^^^^^^^^^^^^^^^^^^
  File "/usr/lib/python3.12/json/__init__.py", line 293, in load
    return loads(fp.read(),
           ^^^^^^^^^^^^^^^^
  File "/usr/lib/python3.12/json/__init__.py", line 346, in loads
    return _default_decoder.decode(s)
           ^^^^^^^^^^^^^^^^^^^^^^^^^^
  File "/usr/lib/python3.12/json/decoder.py", line 340, in decode
    raise JSONDecodeError("Extra data", s, end)
json.decoder.JSONDecodeError: Extra data: line 1 column 13979 (char 13978)
21:06:13 Traceback (most recent call last):
  File "/root/rocm-tests/bench/smc-read.py", line 12, in <module>
    m=json.load(open(MAP)) if os.path.exists(MAP) else build_map()
      ^^^^^^^^^^^^^^^^^^^^
  File "/usr/lib/python3.12/json/__init__.py", line 293, in load
    return loads(fp.read(),
           ^^^^^^^^^^^^^^^^
  File "/usr/lib/python3.12/json/__init__.py", line 346, in loads
    return _default_decoder.decode(s)
           ^^^^^^^^^^^^^^^^^^^^^^^^^^
  File "/usr/lib/python3.12/json/decoder.py", line 340, in decode
    raise JSONDecodeError("Extra data", s, end)
json.decoder.JSONDecodeError: Extra data: line 1 column 13979 (char 13978)
21:06:18 Traceback (most recent call last):
  File "/root/rocm-tests/bench/smc-read.py", line 12, in <module>
    m=json.load(open(MAP)) if os.path.exists(MAP) else build_map()
      ^^^^^^^^^^^^^^^^^^^^
  File "/usr/lib/python3.12/json/__init__.py", line 293, in load
    return loads(fp.read(),
           ^^^^^^^^^^^^^^^^
  File "/usr/lib/python3.12/json/__init__.py", line 346, in loads
    return _default_decoder.decode(s)
           ^^^^^^^^^^^^^^^^^^^^^^^^^^
  File "/usr/lib/python3.12/json/decoder.py", line 340, in decode
    raise JSONDecodeError("Extra data", s, end)
json.decoder.JSONDecodeError: Extra data: line 1 column 13979 (char 13978)
21:06:23 Traceback (most recent call last):
  File "/root/rocm-tests/bench/smc-read.py", line 12, in <module>
    m=json.load(open(MAP)) if os.path.exists(MAP) else build_map()
      ^^^^^^^^^^^^^^^^^^^^
  File "/usr/lib/python3.12/json/__init__.py", line 293, in load
    return loads(fp.read(),
           ^^^^^^^^^^^^^^^^
  File "/usr/lib/python3.12/json/__init__.py", line 346, in loads
    return _default_decoder.decode(s)
           ^^^^^^^^^^^^^^^^^^^^^^^^^^
  File "/usr/lib/python3.12/json/decoder.py", line 340, in decode
    raise JSONDecodeError("Extra data", s, end)
json.decoder.JSONDecodeError: Extra data: line 1 column 13979 (char 13978)
21:06:28 Traceback (most recent call last):
  File "/root/rocm-tests/bench/smc-read.py", line 12, in <module>
    m=json.load(open(MAP)) if os.path.exists(MAP) else build_map()
      ^^^^^^^^^^^^^^^^^^^^
  File "/usr/lib/python3.12/json/__init__.py", line 293, in load
    return loads(fp.read(),
           ^^^^^^^^^^^^^^^^
  File "/usr/lib/python3.12/json/__init__.py", line 346, in loads
    return _default_decoder.decode(s)
           ^^^^^^^^^^^^^^^^^^^^^^^^^^
  File "/usr/lib/python3.12/json/decoder.py", line 340, in decode
    raise JSONDecodeError("Extra data", s, end)
json.decoder.JSONDecodeError: Extra data: line 1 column 13979 (char 13978)
21:06:33 Traceback (most recent call last):
  File "/root/rocm-tests/bench/smc-read.py", line 12, in <module>
    m=json.load(open(MAP)) if os.path.exists(MAP) else build_map()
      ^^^^^^^^^^^^^^^^^^^^
  File "/usr/lib/python3.12/json/__init__.py", line 293, in load
    return loads(fp.read(),
           ^^^^^^^^^^^^^^^^
  File "/usr/lib/python3.12/json/__init__.py", line 346, in loads
    return _default_decoder.decode(s)
           ^^^^^^^^^^^^^^^^^^^^^^^^^^
  File "/usr/lib/python3.12/json/decoder.py", line 340, in decode
    raise JSONDecodeError("Extra data", s, end)
json.decoder.JSONDecodeError: Extra data: line 1 column 13979 (char 13978)
21:06:38 Traceback (most recent call last):
  File "/root/rocm-tests/bench/smc-read.py", line 12, in <module>
    m=json.load(open(MAP)) if os.path.exists(MAP) else build_map()
      ^^^^^^^^^^^^^^^^^^^^
  File "/usr/lib/python3.12/json/__init__.py", line 293, in load
    return loads(fp.read(),
           ^^^^^^^^^^^^^^^^
  File "/usr/lib/python3.12/json/__init__.py", line 346, in loads
    return _default_decoder.decode(s)
           ^^^^^^^^^^^^^^^^^^^^^^^^^^
  File "/usr/lib/python3.12/json/decoder.py", line 340, in decode
    raise JSONDecodeError("Extra data", s, end)
json.decoder.JSONDecodeError: Extra data: line 1 column 13979 (char 13978)
21:06:43 Traceback (most recent call last):
  File "/root/rocm-tests/bench/smc-read.py", line 12, in <module>
    m=json.load(open(MAP)) if os.path.exists(MAP) else build_map()
      ^^^^^^^^^^^^^^^^^^^^
  File "/usr/lib/python3.12/json/__init__.py", line 293, in load
    return loads(fp.read(),
           ^^^^^^^^^^^^^^^^
  File "/usr/lib/python3.12/json/__init__.py", line 346, in loads
    return _default_decoder.decode(s)
           ^^^^^^^^^^^^^^^^^^^^^^^^^^
  File "/usr/lib/python3.12/json/decoder.py", line 340, in decode
    raise JSONDecodeError("Extra data", s, end)
json.decoder.JSONDecodeError: Extra data: line 1 column 13979 (char 13978)
21:06:49 Traceback (most recent call last):
  File "/root/rocm-tests/bench/smc-read.py", line 12, in <module>
    m=json.load(open(MAP)) if os.path.exists(MAP) else build_map()
      ^^^^^^^^^^^^^^^^^^^^
  File "/usr/lib/python3.12/json/__init__.py", line 293, in load
    return loads(fp.read(),
           ^^^^^^^^^^^^^^^^
  File "/usr/lib/python3.12/json/__init__.py", line 346, in loads
    return _default_decoder.decode(s)
           ^^^^^^^^^^^^^^^^^^^^^^^^^^
  File "/usr/lib/python3.12/json/decoder.py", line 340, in decode
    raise JSONDecodeError("Extra data", s, end)
json.decoder.JSONDecodeError: Extra data: line 1 column 13979 (char 13978)
21:06:54 Traceback (most recent call last):
  File "/root/rocm-tests/bench/smc-read.py", line 12, in <module>
    m=json.load(open(MAP)) if os.path.exists(MAP) else build_map()
      ^^^^^^^^^^^^^^^^^^^^
  File "/usr/lib/python3.12/json/__init__.py", line 293, in load
    return loads(fp.read(),
           ^^^^^^^^^^^^^^^^
  File "/usr/lib/python3.12/json/__init__.py", line 346, in loads
    return _default_decoder.decode(s)
           ^^^^^^^^^^^^^^^^^^^^^^^^^^
  File "/usr/lib/python3.12/json/decoder.py", line 340, in decode
    raise JSONDecodeError("Extra data", s, end)
json.decoder.JSONDecodeError: Extra data: line 1 column 13979 (char 13978)
21:06:59 Traceback (most recent call last):
  File "/root/rocm-tests/bench/smc-read.py", line 12, in <module>
    m=json.load(open(MAP)) if os.path.exists(MAP) else build_map()
      ^^^^^^^^^^^^^^^^^^^^
  File "/usr/lib/python3.12/json/__init__.py", line 293, in load
    return loads(fp.read(),
           ^^^^^^^^^^^^^^^^
  File "/usr/lib/python3.12/json/__init__.py", line 346, in loads
    return _default_decoder.decode(s)
           ^^^^^^^^^^^^^^^^^^^^^^^^^^
  File "/usr/lib/python3.12/json/decoder.py", line 340, in decode
    raise JSONDecodeError("Extra data", s, end)
json.decoder.JSONDecodeError: Extra data: line 1 column 13979 (char 13978)
21:07:04 Traceback (most recent call last):
  File "/root/rocm-tests/bench/smc-read.py", line 12, in <module>
    m=json.load(open(MAP)) if os.path.exists(MAP) else build_map()
      ^^^^^^^^^^^^^^^^^^^^
  File "/usr/lib/python3.12/json/__init__.py", line 293, in load
    return loads(fp.read(),
           ^^^^^^^^^^^^^^^^
  File "/usr/lib/python3.12/json/__init__.py", line 346, in loads
    return _default_decoder.decode(s)
           ^^^^^^^^^^^^^^^^^^^^^^^^^^
  File "/usr/lib/python3.12/json/decoder.py", line 340, in decode
    raise JSONDecodeError("Extra data", s, end)
json.decoder.JSONDecodeError: Extra data: line 1 column 13979 (char 13978)
21:07:09 Traceback (most recent call last):
  File "/root/rocm-tests/bench/smc-read.py", line 12, in <module>
    m=json.load(open(MAP)) if os.path.exists(MAP) else build_map()
      ^^^^^^^^^^^^^^^^^^^^
  File "/usr/lib/python3.12/json/__init__.py", line 293, in load
    return loads(fp.read(),
           ^^^^^^^^^^^^^^^^
  File "/usr/lib/python3.12/json/__init__.py", line 346, in loads
    return _default_decoder.decode(s)
           ^^^^^^^^^^^^^^^^^^^^^^^^^^
  File "/usr/lib/python3.12/json/decoder.py", line 340, in decode
    raise JSONDecodeError("Extra data", s, end)
json.decoder.JSONDecodeError: Extra data: line 1 column 13979 (char 13978)
21:07:14 Traceback (most recent call last):
  File "/root/rocm-tests/bench/smc-read.py", line 12, in <module>
    m=json.load(open(MAP)) if os.path.exists(MAP) else build_map()
      ^^^^^^^^^^^^^^^^^^^^
  File "/usr/lib/python3.12/json/__init__.py", line 293, in load
    return loads(fp.read(),
           ^^^^^^^^^^^^^^^^
  File "/usr/lib/python3.12/json/__init__.py", line 346, in loads
    return _default_decoder.decode(s)
           ^^^^^^^^^^^^^^^^^^^^^^^^^^
  File "/usr/lib/python3.12/json/decoder.py", line 340, in decode
    raise JSONDecodeError("Extra data", s, end)
json.decoder.JSONDecodeError: Extra data: line 1 column 13979 (char 13978)
21:07:19 Traceback (most recent call last):
  File "/root/rocm-tests/bench/smc-read.py", line 12, in <module>
    m=json.load(open(MAP)) if os.path.exists(MAP) else build_map()
      ^^^^^^^^^^^^^^^^^^^^
  File "/usr/lib/python3.12/json/__init__.py", line 293, in load
    return loads(fp.read(),
           ^^^^^^^^^^^^^^^^
  File "/usr/lib/python3.12/json/__init__.py", line 346, in loads
    return _default_decoder.decode(s)
           ^^^^^^^^^^^^^^^^^^^^^^^^^^
  File "/usr/lib/python3.12/json/decoder.py", line 340, in decode
    raise JSONDecodeError("Extra data", s, end)
json.decoder.JSONDecodeError: Extra data: line 1 column 13979 (char 13978)
21:07:24 Traceback (most recent call last):
  File "/root/rocm-tests/bench/smc-read.py", line 12, in <module>
    m=json.load(open(MAP)) if os.path.exists(MAP) else build_map()
      ^^^^^^^^^^^^^^^^^^^^
  File "/usr/lib/python3.12/json/__init__.py", line 293, in load
    return loads(fp.read(),
           ^^^^^^^^^^^^^^^^
  File "/usr/lib/python3.12/json/__init__.py", line 346, in loads
    return _default_decoder.decode(s)
           ^^^^^^^^^^^^^^^^^^^^^^^^^^
  File "/usr/lib/python3.12/json/decoder.py", line 340, in decode
    raise JSONDecodeError("Extra data", s, end)
json.decoder.JSONDecodeError: Extra data: line 1 column 13979 (char 13978)
21:07:29 Traceback (most recent call last):
  File "/root/rocm-tests/bench/smc-read.py", line 12, in <module>
    m=json.load(open(MAP)) if os.path.exists(MAP) else build_map()
      ^^^^^^^^^^^^^^^^^^^^
  File "/usr/lib/python3.12/json/__init__.py", line 293, in load
    return loads(fp.read(),
           ^^^^^^^^^^^^^^^^
  File "/usr/lib/python3.12/json/__init__.py", line 346, in loads
    return _default_decoder.decode(s)
           ^^^^^^^^^^^^^^^^^^^^^^^^^^
  File "/usr/lib/python3.12/json/decoder.py", line 340, in decode
    raise JSONDecodeError("Extra data", s, end)
json.decoder.JSONDecodeError: Extra data: line 1 column 13979 (char 13978)
21:07:34 Traceback (most recent call last):
  File "/root/rocm-tests/bench/smc-read.py", line 12, in <module>
    m=json.load(open(MAP)) if os.path.exists(MAP) else build_map()
      ^^^^^^^^^^^^^^^^^^^^
  File "/usr/lib/python3.12/json/__init__.py", line 293, in load
    return loads(fp.read(),
           ^^^^^^^^^^^^^^^^
  File "/usr/lib/python3.12/json/__init__.py", line 346, in loads
    return _default_decoder.decode(s)
           ^^^^^^^^^^^^^^^^^^^^^^^^^^
  File "/usr/lib/python3.12/json/decoder.py", line 340, in decode
    raise JSONDecodeError("Extra data", s, end)
json.decoder.JSONDecodeError: Extra data: line 1 column 13979 (char 13978)
21:07:39 Traceback (most recent call last):
  File "/root/rocm-tests/bench/smc-read.py", line 12, in <module>
    m=json.load(open(MAP)) if os.path.exists(MAP) else build_map()
      ^^^^^^^^^^^^^^^^^^^^
  File "/usr/lib/python3.12/json/__init__.py", line 293, in load
    return loads(fp.read(),
           ^^^^^^^^^^^^^^^^
  File "/usr/lib/python3.12/json/__init__.py", line 346, in loads
    return _default_decoder.decode(s)
           ^^^^^^^^^^^^^^^^^^^^^^^^^^
  File "/usr/lib/python3.12/json/decoder.py", line 340, in decode
    raise JSONDecodeError("Extra data", s, end)
json.decoder.JSONDecodeError: Extra data: line 1 column 13979 (char 13978)
21:07:45 Traceback (most recent call last):
  File "/root/rocm-tests/bench/smc-read.py", line 12, in <module>
    m=json.load(open(MAP)) if os.path.exists(MAP) else build_map()
      ^^^^^^^^^^^^^^^^^^^^
  File "/usr/lib/python3.12/json/__init__.py", line 293, in load
    return loads(fp.read(),
           ^^^^^^^^^^^^^^^^
  File "/usr/lib/python3.12/json/__init__.py", line 346, in loads
    return _default_decoder.decode(s)
           ^^^^^^^^^^^^^^^^^^^^^^^^^^
  File "/usr/lib/python3.12/json/decoder.py", line 340, in decode
    raise JSONDecodeError("Extra data", s, end)
json.decoder.JSONDecodeError: Extra data: line 1 column 13979 (char 13978)
21:07:50 Traceback (most recent call last):
  File "/root/rocm-tests/bench/smc-read.py", line 12, in <module>
    m=json.load(open(MAP)) if os.path.exists(MAP) else build_map()
      ^^^^^^^^^^^^^^^^^^^^
  File "/usr/lib/python3.12/json/__init__.py", line 293, in load
    return loads(fp.read(),
           ^^^^^^^^^^^^^^^^
  File "/usr/lib/python3.12/json/__init__.py", line 346, in loads
    return _default_decoder.decode(s)
           ^^^^^^^^^^^^^^^^^^^^^^^^^^
  File "/usr/lib/python3.12/json/decoder.py", line 340, in decode
    raise JSONDecodeError("Extra data", s, end)
json.decoder.JSONDecodeError: Extra data: line 1 column 13979 (char 13978)
21:07:55 Traceback (most recent call last):
  File "/root/rocm-tests/bench/smc-read.py", line 12, in <module>
    m=json.load(open(MAP)) if os.path.exists(MAP) else build_map()
      ^^^^^^^^^^^^^^^^^^^^
  File "/usr/lib/python3.12/json/__init__.py", line 293, in load
    return loads(fp.read(),
           ^^^^^^^^^^^^^^^^
  File "/usr/lib/python3.12/json/__init__.py", line 346, in loads
    return _default_decoder.decode(s)
           ^^^^^^^^^^^^^^^^^^^^^^^^^^
  File "/usr/lib/python3.12/json/decoder.py", line 340, in decode
    raise JSONDecodeError("Extra data", s, end)
json.decoder.JSONDecodeError: Extra data: line 1 column 13979 (char 13978)
21:08:00 Traceback (most recent call last):
  File "/root/rocm-tests/bench/smc-read.py", line 12, in <module>
    m=json.load(open(MAP)) if os.path.exists(MAP) else build_map()
      ^^^^^^^^^^^^^^^^^^^^
  File "/usr/lib/python3.12/json/__init__.py", line 293, in load
    return loads(fp.read(),
           ^^^^^^^^^^^^^^^^
  File "/usr/lib/python3.12/json/__init__.py", line 346, in loads
    return _default_decoder.decode(s)
           ^^^^^^^^^^^^^^^^^^^^^^^^^^
  File "/usr/lib/python3.12/json/decoder.py", line 340, in decode
    raise JSONDecodeError("Extra data", s, end)
json.decoder.JSONDecodeError: Extra data: line 1 column 13979 (char 13978)
21:08:05 Traceback (most recent call last):
  File "/root/rocm-tests/bench/smc-read.py", line 12, in <module>
    m=json.load(open(MAP)) if os.path.exists(MAP) else build_map()
      ^^^^^^^^^^^^^^^^^^^^
  File "/usr/lib/python3.12/json/__init__.py", line 293, in load
    return loads(fp.read(),
           ^^^^^^^^^^^^^^^^
  File "/usr/lib/python3.12/json/__init__.py", line 346, in loads
    return _default_decoder.decode(s)
           ^^^^^^^^^^^^^^^^^^^^^^^^^^
  File "/usr/lib/python3.12/json/decoder.py", line 340, in decode
    raise JSONDecodeError("Extra data", s, end)
json.decoder.JSONDecodeError: Extra data: line 1 column 13979 (char 13978)
21:08:10 Traceback (most recent call last):
  File "/root/rocm-tests/bench/smc-read.py", line 12, in <module>
    m=json.load(open(MAP)) if os.path.exists(MAP) else build_map()
      ^^^^^^^^^^^^^^^^^^^^
  File "/usr/lib/python3.12/json/__init__.py", line 293, in load
    return loads(fp.read(),
           ^^^^^^^^^^^^^^^^
  File "/usr/lib/python3.12/json/__init__.py", line 346, in loads
    return _default_decoder.decode(s)
           ^^^^^^^^^^^^^^^^^^^^^^^^^^
  File "/usr/lib/python3.12/json/decoder.py", line 340, in decode
    raise JSONDecodeError("Extra data", s, end)
json.decoder.JSONDecodeError: Extra data: line 1 column 13979 (char 13978)
21:08:15 Traceback (most recent call last):
  File "/root/rocm-tests/bench/smc-read.py", line 12, in <module>
    m=json.load(open(MAP)) if os.path.exists(MAP) else build_map()
      ^^^^^^^^^^^^^^^^^^^^
  File "/usr/lib/python3.12/json/__init__.py", line 293, in load
    return loads(fp.read(),
           ^^^^^^^^^^^^^^^^
  File "/usr/lib/python3.12/json/__init__.py", line 346, in loads
    return _default_decoder.decode(s)
           ^^^^^^^^^^^^^^^^^^^^^^^^^^
  File "/usr/lib/python3.12/json/decoder.py", line 340, in decode
    raise JSONDecodeError("Extra data", s, end)
json.decoder.JSONDecodeError: Extra data: line 1 column 13979 (char 13978)
21:08:20 Traceback (most recent call last):
  File "/root/rocm-tests/bench/smc-read.py", line 12, in <module>
    m=json.load(open(MAP)) if os.path.exists(MAP) else build_map()
      ^^^^^^^^^^^^^^^^^^^^
  File "/usr/lib/python3.12/json/__init__.py", line 293, in load
    return loads(fp.read(),
           ^^^^^^^^^^^^^^^^
  File "/usr/lib/python3.12/json/__init__.py", line 346, in loads
    return _default_decoder.decode(s)
           ^^^^^^^^^^^^^^^^^^^^^^^^^^
  File "/usr/lib/python3.12/json/decoder.py", line 340, in decode
    raise JSONDecodeError("Extra data", s, end)
json.decoder.JSONDecodeError: Extra data: line 1 column 13979 (char 13978)
21:08:25 Traceback (most recent call last):
  File "/root/rocm-tests/bench/smc-read.py", line 12, in <module>
    m=json.load(open(MAP)) if os.path.exists(MAP) else build_map()
      ^^^^^^^^^^^^^^^^^^^^
  File "/usr/lib/python3.12/json/__init__.py", line 293, in load
    return loads(fp.read(),
           ^^^^^^^^^^^^^^^^
  File "/usr/lib/python3.12/json/__init__.py", line 346, in loads
    return _default_decoder.decode(s)
           ^^^^^^^^^^^^^^^^^^^^^^^^^^
  File "/usr/lib/python3.12/json/decoder.py", line 340, in decode
    raise JSONDecodeError("Extra data", s, end)
json.decoder.JSONDecodeError: Extra data: line 1 column 13979 (char 13978)
21:08:30 Traceback (most recent call last):
  File "/root/rocm-tests/bench/smc-read.py", line 12, in <module>
    m=json.load(open(MAP)) if os.path.exists(MAP) else build_map()
      ^^^^^^^^^^^^^^^^^^^^
  File "/usr/lib/python3.12/json/__init__.py", line 293, in load
    return loads(fp.read(),
           ^^^^^^^^^^^^^^^^
  File "/usr/lib/python3.12/json/__init__.py", line 346, in loads
    return _default_decoder.decode(s)
           ^^^^^^^^^^^^^^^^^^^^^^^^^^
  File "/usr/lib/python3.12/json/decoder.py", line 340, in decode
    raise JSONDecodeError("Extra data", s, end)
json.decoder.JSONDecodeError: Extra data: line 1 column 13979 (char 13978)
21:08:35 Traceback (most recent call last):
  File "/root/rocm-tests/bench/smc-read.py", line 12, in <module>
    m=json.load(open(MAP)) if os.path.exists(MAP) else build_map()
      ^^^^^^^^^^^^^^^^^^^^
  File "/usr/lib/python3.12/json/__init__.py", line 293, in load
    return loads(fp.read(),
           ^^^^^^^^^^^^^^^^
  File "/usr/lib/python3.12/json/__init__.py", line 346, in loads
    return _default_decoder.decode(s)
           ^^^^^^^^^^^^^^^^^^^^^^^^^^
  File "/usr/lib/python3.12/json/decoder.py", line 340, in decode
    raise JSONDecodeError("Extra data", s, end)
json.decoder.JSONDecodeError: Extra data: line 1 column 13979 (char 13978)
21:08:41 Traceback (most recent call last):
  File "/root/rocm-tests/bench/smc-read.py", line 12, in <module>
    m=json.load(open(MAP)) if os.path.exists(MAP) else build_map()
      ^^^^^^^^^^^^^^^^^^^^
  File "/usr/lib/python3.12/json/__init__.py", line 293, in load
    return loads(fp.read(),
           ^^^^^^^^^^^^^^^^
  File "/usr/lib/python3.12/json/__init__.py", line 346, in loads
    return _default_decoder.decode(s)
           ^^^^^^^^^^^^^^^^^^^^^^^^^^
  File "/usr/lib/python3.12/json/decoder.py", line 340, in decode
    raise JSONDecodeError("Extra data", s, end)
json.decoder.JSONDecodeError: Extra data: line 1 column 13979 (char 13978)
21:08:46 Traceback (most recent call last):
  File "/root/rocm-tests/bench/smc-read.py", line 12, in <module>
    m=json.load(open(MAP)) if os.path.exists(MAP) else build_map()
      ^^^^^^^^^^^^^^^^^^^^
  File "/usr/lib/python3.12/json/__init__.py", line 293, in load
    return loads(fp.read(),
           ^^^^^^^^^^^^^^^^
  File "/usr/lib/python3.12/json/__init__.py", line 346, in loads
    return _default_decoder.decode(s)
           ^^^^^^^^^^^^^^^^^^^^^^^^^^
  File "/usr/lib/python3.12/json/decoder.py", line 340, in decode
    raise JSONDecodeError("Extra data", s, end)
json.decoder.JSONDecodeError: Extra data: line 1 column 13979 (char 13978)
21:08:51 Traceback (most recent call last):
  File "/root/rocm-tests/bench/smc-read.py", line 12, in <module>
    m=json.load(open(MAP)) if os.path.exists(MAP) else build_map()
      ^^^^^^^^^^^^^^^^^^^^
  File "/usr/lib/python3.12/json/__init__.py", line 293, in load
    return loads(fp.read(),
           ^^^^^^^^^^^^^^^^
  File "/usr/lib/python3.12/json/__init__.py", line 346, in loads
    return _default_decoder.decode(s)
           ^^^^^^^^^^^^^^^^^^^^^^^^^^
  File "/usr/lib/python3.12/json/decoder.py", line 340, in decode
    raise JSONDecodeError("Extra data", s, end)
json.decoder.JSONDecodeError: Extra data: line 1 column 13979 (char 13978)
21:08:56 Traceback (most recent call last):
  File "/root/rocm-tests/bench/smc-read.py", line 12, in <module>
    m=json.load(open(MAP)) if os.path.exists(MAP) else build_map()
      ^^^^^^^^^^^^^^^^^^^^
  File "/usr/lib/python3.12/json/__init__.py", line 293, in load
    return loads(fp.read(),
           ^^^^^^^^^^^^^^^^
  File "/usr/lib/python3.12/json/__init__.py", line 346, in loads
    return _default_decoder.decode(s)
           ^^^^^^^^^^^^^^^^^^^^^^^^^^
  File "/usr/lib/python3.12/json/decoder.py", line 340, in decode
    raise JSONDecodeError("Extra data", s, end)
json.decoder.JSONDecodeError: Extra data: line 1 column 13979 (char 13978)
21:09:01 Traceback (most recent call last):
  File "/root/rocm-tests/bench/smc-read.py", line 12, in <module>
    m=json.load(open(MAP)) if os.path.exists(MAP) else build_map()
      ^^^^^^^^^^^^^^^^^^^^
  File "/usr/lib/python3.12/json/__init__.py", line 293, in load
    return loads(fp.read(),
           ^^^^^^^^^^^^^^^^
  File "/usr/lib/python3.12/json/__init__.py", line 346, in loads
    return _default_decoder.decode(s)
           ^^^^^^^^^^^^^^^^^^^^^^^^^^
  File "/usr/lib/python3.12/json/decoder.py", line 340, in decode
    raise JSONDecodeError("Extra data", s, end)
json.decoder.JSONDecodeError: Extra data: line 1 column 13979 (char 13978)
21:09:06 Traceback (most recent call last):
  File "/root/rocm-tests/bench/smc-read.py", line 12, in <module>
    m=json.load(open(MAP)) if os.path.exists(MAP) else build_map()
      ^^^^^^^^^^^^^^^^^^^^
  File "/usr/lib/python3.12/json/__init__.py", line 293, in load
    return loads(fp.read(),
           ^^^^^^^^^^^^^^^^
  File "/usr/lib/python3.12/json/__init__.py", line 346, in loads
    return _default_decoder.decode(s)
           ^^^^^^^^^^^^^^^^^^^^^^^^^^
  File "/usr/lib/python3.12/json/decoder.py", line 340, in decode
    raise JSONDecodeError("Extra data", s, end)
json.decoder.JSONDecodeError: Extra data: line 1 column 13979 (char 13978)
21:09:11 Traceback (most recent call last):
  File "/root/rocm-tests/bench/smc-read.py", line 12, in <module>
    m=json.load(open(MAP)) if os.path.exists(MAP) else build_map()
      ^^^^^^^^^^^^^^^^^^^^
  File "/usr/lib/python3.12/json/__init__.py", line 293, in load
    return loads(fp.read(),
           ^^^^^^^^^^^^^^^^
  File "/usr/lib/python3.12/json/__init__.py", line 346, in loads
    return _default_decoder.decode(s)
           ^^^^^^^^^^^^^^^^^^^^^^^^^^
  File "/usr/lib/python3.12/json/decoder.py", line 340, in decode
    raise JSONDecodeError("Extra data", s, end)
json.decoder.JSONDecodeError: Extra data: line 1 column 13979 (char 13978)
21:09:16 Traceback (most recent call last):
  File "/root/rocm-tests/bench/smc-read.py", line 12, in <module>
    m=json.load(open(MAP)) if os.path.exists(MAP) else build_map()
      ^^^^^^^^^^^^^^^^^^^^
  File "/usr/lib/python3.12/json/__init__.py", line 293, in load
    return loads(fp.read(),
           ^^^^^^^^^^^^^^^^
  File "/usr/lib/python3.12/json/__init__.py", line 346, in loads
    return _default_decoder.decode(s)
           ^^^^^^^^^^^^^^^^^^^^^^^^^^
  File "/usr/lib/python3.12/json/decoder.py", line 340, in decode
    raise JSONDecodeError("Extra data", s, end)
json.decoder.JSONDecodeError: Extra data: line 1 column 13979 (char 13978)
21:09:21 Traceback (most recent call last):
  File "/root/rocm-tests/bench/smc-read.py", line 12, in <module>
    m=json.load(open(MAP)) if os.path.exists(MAP) else build_map()
      ^^^^^^^^^^^^^^^^^^^^
  File "/usr/lib/python3.12/json/__init__.py", line 293, in load
    return loads(fp.read(),
           ^^^^^^^^^^^^^^^^
  File "/usr/lib/python3.12/json/__init__.py", line 346, in loads
    return _default_decoder.decode(s)
           ^^^^^^^^^^^^^^^^^^^^^^^^^^
  File "/usr/lib/python3.12/json/decoder.py", line 340, in decode
    raise JSONDecodeError("Extra data", s, end)
json.decoder.JSONDecodeError: Extra data: line 1 column 13979 (char 13978)
21:09:26 Traceback (most recent call last):
  File "/root/rocm-tests/bench/smc-read.py", line 12, in <module>
    m=json.load(open(MAP)) if os.path.exists(MAP) else build_map()
      ^^^^^^^^^^^^^^^^^^^^
  File "/usr/lib/python3.12/json/__init__.py", line 293, in load
    return loads(fp.read(),
           ^^^^^^^^^^^^^^^^
  File "/usr/lib/python3.12/json/__init__.py", line 346, in loads
    return _default_decoder.decode(s)
           ^^^^^^^^^^^^^^^^^^^^^^^^^^
  File "/usr/lib/python3.12/json/decoder.py", line 340, in decode
    raise JSONDecodeError("Extra data", s, end)
json.decoder.JSONDecodeError: Extra data: line 1 column 13979 (char 13978)
21:09:32 Traceback (most recent call last):
  File "/root/rocm-tests/bench/smc-read.py", line 12, in <module>
    m=json.load(open(MAP)) if os.path.exists(MAP) else build_map()
      ^^^^^^^^^^^^^^^^^^^^
  File "/usr/lib/python3.12/json/__init__.py", line 293, in load
    return loads(fp.read(),
           ^^^^^^^^^^^^^^^^
  File "/usr/lib/python3.12/json/__init__.py", line 346, in loads
    return _default_decoder.decode(s)
           ^^^^^^^^^^^^^^^^^^^^^^^^^^
  File "/usr/lib/python3.12/json/decoder.py", line 340, in decode
    raise JSONDecodeError("Extra data", s, end)
json.decoder.JSONDecodeError: Extra data: line 1 column 13979 (char 13978)
21:09:37 Traceback (most recent call last):
  File "/root/rocm-tests/bench/smc-read.py", line 12, in <module>
    m=json.load(open(MAP)) if os.path.exists(MAP) else build_map()
      ^^^^^^^^^^^^^^^^^^^^
  File "/usr/lib/python3.12/json/__init__.py", line 293, in load
    return loads(fp.read(),
           ^^^^^^^^^^^^^^^^
  File "/usr/lib/python3.12/json/__init__.py", line 346, in loads
    return _default_decoder.decode(s)
           ^^^^^^^^^^^^^^^^^^^^^^^^^^
  File "/usr/lib/python3.12/json/decoder.py", line 340, in decode
    raise JSONDecodeError("Extra data", s, end)
json.decoder.JSONDecodeError: Extra data: line 1 column 13979 (char 13978)
21:09:42 Traceback (most recent call last):
  File "/root/rocm-tests/bench/smc-read.py", line 12, in <module>
    m=json.load(open(MAP)) if os.path.exists(MAP) else build_map()
      ^^^^^^^^^^^^^^^^^^^^
  File "/usr/lib/python3.12/json/__init__.py", line 293, in load
    return loads(fp.read(),
           ^^^^^^^^^^^^^^^^
  File "/usr/lib/python3.12/json/__init__.py", line 346, in loads
    return _default_decoder.decode(s)
           ^^^^^^^^^^^^^^^^^^^^^^^^^^
  File "/usr/lib/python3.12/json/decoder.py", line 340, in decode
    raise JSONDecodeError("Extra data", s, end)
json.decoder.JSONDecodeError: Extra data: line 1 column 13979 (char 13978)
21:09:47 Traceback (most recent call last):
  File "/root/rocm-tests/bench/smc-read.py", line 12, in <module>
    m=json.load(open(MAP)) if os.path.exists(MAP) else build_map()
      ^^^^^^^^^^^^^^^^^^^^
  File "/usr/lib/python3.12/json/__init__.py", line 293, in load
    return loads(fp.read(),
           ^^^^^^^^^^^^^^^^
  File "/usr/lib/python3.12/json/__init__.py", line 346, in loads
    return _default_decoder.decode(s)
           ^^^^^^^^^^^^^^^^^^^^^^^^^^
  File "/usr/lib/python3.12/json/decoder.py", line 340, in decode
    raise JSONDecodeError("Extra data", s, end)
json.decoder.JSONDecodeError: Extra data: line 1 column 13979 (char 13978)
21:09:52 Traceback (most recent call last):
  File "/root/rocm-tests/bench/smc-read.py", line 12, in <module>
    m=json.load(open(MAP)) if os.path.exists(MAP) else build_map()
      ^^^^^^^^^^^^^^^^^^^^
  File "/usr/lib/python3.12/json/__init__.py", line 293, in load
    return loads(fp.read(),
           ^^^^^^^^^^^^^^^^
  File "/usr/lib/python3.12/json/__init__.py", line 346, in loads
    return _default_decoder.decode(s)
           ^^^^^^^^^^^^^^^^^^^^^^^^^^
  File "/usr/lib/python3.12/json/decoder.py", line 340, in decode
    raise JSONDecodeError("Extra data", s, end)
json.decoder.JSONDecodeError: Extra data: line 1 column 13979 (char 13978)
21:09:57 Traceback (most recent call last):
  File "/root/rocm-tests/bench/smc-read.py", line 12, in <module>
    m=json.load(open(MAP)) if os.path.exists(MAP) else build_map()
      ^^^^^^^^^^^^^^^^^^^^
  File "/usr/lib/python3.12/json/__init__.py", line 293, in load
    return loads(fp.read(),
           ^^^^^^^^^^^^^^^^
  File "/usr/lib/python3.12/json/__init__.py", line 346, in loads
    return _default_decoder.decode(s)
           ^^^^^^^^^^^^^^^^^^^^^^^^^^
  File "/usr/lib/python3.12/json/decoder.py", line 340, in decode
    raise JSONDecodeError("Extra data", s, end)
json.decoder.JSONDecodeError: Extra data: line 1 column 13979 (char 13978)
21:10:02 Traceback (most recent call last):
  File "/root/rocm-tests/bench/smc-read.py", line 12, in <module>
    m=json.load(open(MAP)) if os.path.exists(MAP) else build_map()
      ^^^^^^^^^^^^^^^^^^^^
  File "/usr/lib/python3.12/json/__init__.py", line 293, in load
    return loads(fp.read(),
           ^^^^^^^^^^^^^^^^
  File "/usr/lib/python3.12/json/__init__.py", line 346, in loads
    return _default_decoder.decode(s)
           ^^^^^^^^^^^^^^^^^^^^^^^^^^
  File "/usr/lib/python3.12/json/decoder.py", line 340, in decode
    raise JSONDecodeError("Extra data", s, end)
json.decoder.JSONDecodeError: Extra data: line 1 column 13979 (char 13978)
21:10:07 Traceback (most recent call last):
  File "/root/rocm-tests/bench/smc-read.py", line 12, in <module>
    m=json.load(open(MAP)) if os.path.exists(MAP) else build_map()
      ^^^^^^^^^^^^^^^^^^^^
  File "/usr/lib/python3.12/json/__init__.py", line 293, in load
    return loads(fp.read(),
           ^^^^^^^^^^^^^^^^
  File "/usr/lib/python3.12/json/__init__.py", line 346, in loads
    return _default_decoder.decode(s)
           ^^^^^^^^^^^^^^^^^^^^^^^^^^
  File "/usr/lib/python3.12/json/decoder.py", line 340, in decode
    raise JSONDecodeError("Extra data", s, end)
json.decoder.JSONDecodeError: Extra data: line 1 column 13979 (char 13978)
21:10:12 Traceback (most recent call last):
  File "/root/rocm-tests/bench/smc-read.py", line 12, in <module>
    m=json.load(open(MAP)) if os.path.exists(MAP) else build_map()
      ^^^^^^^^^^^^^^^^^^^^
  File "/usr/lib/python3.12/json/__init__.py", line 293, in load
    return loads(fp.read(),
           ^^^^^^^^^^^^^^^^
  File "/usr/lib/python3.12/json/__init__.py", line 346, in loads
    return _default_decoder.decode(s)
           ^^^^^^^^^^^^^^^^^^^^^^^^^^
  File "/usr/lib/python3.12/json/decoder.py", line 340, in decode
    raise JSONDecodeError("Extra data", s, end)
json.decoder.JSONDecodeError: Extra data: line 1 column 13979 (char 13978)
21:10:17 Traceback (most recent call last):
  File "/root/rocm-tests/bench/smc-read.py", line 12, in <module>
    m=json.load(open(MAP)) if os.path.exists(MAP) else build_map()
      ^^^^^^^^^^^^^^^^^^^^
  File "/usr/lib/python3.12/json/__init__.py", line 293, in load
    return loads(fp.read(),
           ^^^^^^^^^^^^^^^^
  File "/usr/lib/python3.12/json/__init__.py", line 346, in loads
    return _default_decoder.decode(s)
           ^^^^^^^^^^^^^^^^^^^^^^^^^^
  File "/usr/lib/python3.12/json/decoder.py", line 340, in decode
    raise JSONDecodeError("Extra data", s, end)
json.decoder.JSONDecodeError: Extra data: line 1 column 13979 (char 13978)
21:10:22 Traceback (most recent call last):
  File "/root/rocm-tests/bench/smc-read.py", line 12, in <module>
    m=json.load(open(MAP)) if os.path.exists(MAP) else build_map()
      ^^^^^^^^^^^^^^^^^^^^
  File "/usr/lib/python3.12/json/__init__.py", line 293, in load
    return loads(fp.read(),
           ^^^^^^^^^^^^^^^^
  File "/usr/lib/python3.12/json/__init__.py", line 346, in loads
    return _default_decoder.decode(s)
           ^^^^^^^^^^^^^^^^^^^^^^^^^^
  File "/usr/lib/python3.12/json/decoder.py", line 340, in decode
    raise JSONDecodeError("Extra data", s, end)
json.decoder.JSONDecodeError: Extra data: line 1 column 13979 (char 13978)
21:10:28 Traceback (most recent call last):
  File "/root/rocm-tests/bench/smc-read.py", line 12, in <module>
    m=json.load(open(MAP)) if os.path.exists(MAP) else build_map()
      ^^^^^^^^^^^^^^^^^^^^
  File "/usr/lib/python3.12/json/__init__.py", line 293, in load
    return loads(fp.read(),
           ^^^^^^^^^^^^^^^^
  File "/usr/lib/python3.12/json/__init__.py", line 346, in loads
    return _default_decoder.decode(s)
           ^^^^^^^^^^^^^^^^^^^^^^^^^^
  File "/usr/lib/python3.12/json/decoder.py", line 340, in decode
    raise JSONDecodeError("Extra data", s, end)
json.decoder.JSONDecodeError: Extra data: line 1 column 13979 (char 13978)
21:10:33 Traceback (most recent call last):
  File "/root/rocm-tests/bench/smc-read.py", line 12, in <module>
    m=json.load(open(MAP)) if os.path.exists(MAP) else build_map()
      ^^^^^^^^^^^^^^^^^^^^
  File "/usr/lib/python3.12/json/__init__.py", line 293, in load
    return loads(fp.read(),
           ^^^^^^^^^^^^^^^^
  File "/usr/lib/python3.12/json/__init__.py", line 346, in loads
    return _default_decoder.decode(s)
           ^^^^^^^^^^^^^^^^^^^^^^^^^^
  File "/usr/lib/python3.12/json/decoder.py", line 340, in decode
    raise JSONDecodeError("Extra data", s, end)
json.decoder.JSONDecodeError: Extra data: line 1 column 13979 (char 13978)
21:10:38 Traceback (most recent call last):
  File "/root/rocm-tests/bench/smc-read.py", line 12, in <module>
    m=json.load(open(MAP)) if os.path.exists(MAP) else build_map()
      ^^^^^^^^^^^^^^^^^^^^
  File "/usr/lib/python3.12/json/__init__.py", line 293, in load
    return loads(fp.read(),
           ^^^^^^^^^^^^^^^^
  File "/usr/lib/python3.12/json/__init__.py", line 346, in loads
    return _default_decoder.decode(s)
           ^^^^^^^^^^^^^^^^^^^^^^^^^^
  File "/usr/lib/python3.12/json/decoder.py", line 340, in decode
    raise JSONDecodeError("Extra data", s, end)
json.decoder.JSONDecodeError: Extra data: line 1 column 13979 (char 13978)
21:10:43 Traceback (most recent call last):
  File "/root/rocm-tests/bench/smc-read.py", line 12, in <module>
    m=json.load(open(MAP)) if os.path.exists(MAP) else build_map()
      ^^^^^^^^^^^^^^^^^^^^
  File "/usr/lib/python3.12/json/__init__.py", line 293, in load
    return loads(fp.read(),
           ^^^^^^^^^^^^^^^^
  File "/usr/lib/python3.12/json/__init__.py", line 346, in loads
    return _default_decoder.decode(s)
           ^^^^^^^^^^^^^^^^^^^^^^^^^^
  File "/usr/lib/python3.12/json/decoder.py", line 340, in decode
    raise JSONDecodeError("Extra data", s, end)
json.decoder.JSONDecodeError: Extra data: line 1 column 13979 (char 13978)
21:10:48 Traceback (most recent call last):
  File "/root/rocm-tests/bench/smc-read.py", line 12, in <module>
    m=json.load(open(MAP)) if os.path.exists(MAP) else build_map()
      ^^^^^^^^^^^^^^^^^^^^
  File "/usr/lib/python3.12/json/__init__.py", line 293, in load
    return loads(fp.read(),
           ^^^^^^^^^^^^^^^^
  File "/usr/lib/python3.12/json/__init__.py", line 346, in loads
    return _default_decoder.decode(s)
           ^^^^^^^^^^^^^^^^^^^^^^^^^^
  File "/usr/lib/python3.12/json/decoder.py", line 340, in decode
    raise JSONDecodeError("Extra data", s, end)
json.decoder.JSONDecodeError: Extra data: line 1 column 13979 (char 13978)
21:10:53 Traceback (most recent call last):
  File "/root/rocm-tests/bench/smc-read.py", line 12, in <module>
    m=json.load(open(MAP)) if os.path.exists(MAP) else build_map()
      ^^^^^^^^^^^^^^^^^^^^
  File "/usr/lib/python3.12/json/__init__.py", line 293, in load
    return loads(fp.read(),
           ^^^^^^^^^^^^^^^^
  File "/usr/lib/python3.12/json/__init__.py", line 346, in loads
    return _default_decoder.decode(s)
           ^^^^^^^^^^^^^^^^^^^^^^^^^^
  File "/usr/lib/python3.12/json/decoder.py", line 340, in decode
    raise JSONDecodeError("Extra data", s, end)
json.decoder.JSONDecodeError: Extra data: line 1 column 13979 (char 13978)
21:10:58 Traceback (most recent call last):
  File "/root/rocm-tests/bench/smc-read.py", line 12, in <module>
    m=json.load(open(MAP)) if os.path.exists(MAP) else build_map()
      ^^^^^^^^^^^^^^^^^^^^
  File "/usr/lib/python3.12/json/__init__.py", line 293, in load
    return loads(fp.read(),
           ^^^^^^^^^^^^^^^^
  File "/usr/lib/python3.12/json/__init__.py", line 346, in loads
    return _default_decoder.decode(s)
           ^^^^^^^^^^^^^^^^^^^^^^^^^^
  File "/usr/lib/python3.12/json/decoder.py", line 340, in decode
    raise JSONDecodeError("Extra data", s, end)
json.decoder.JSONDecodeError: Extra data: line 1 column 13979 (char 13978)
21:11:03 Traceback (most recent call last):
  File "/root/rocm-tests/bench/smc-read.py", line 12, in <module>
    m=json.load(open(MAP)) if os.path.exists(MAP) else build_map()
      ^^^^^^^^^^^^^^^^^^^^
  File "/usr/lib/python3.12/json/__init__.py", line 293, in load
    return loads(fp.read(),
           ^^^^^^^^^^^^^^^^
  File "/usr/lib/python3.12/json/__init__.py", line 346, in loads
    return _default_decoder.decode(s)
           ^^^^^^^^^^^^^^^^^^^^^^^^^^
  File "/usr/lib/python3.12/json/decoder.py", line 340, in decode
    raise JSONDecodeError("Extra data", s, end)
json.decoder.JSONDecodeError: Extra data: line 1 column 13979 (char 13978)
21:11:08 Traceback (most recent call last):
  File "/root/rocm-tests/bench/smc-read.py", line 12, in <module>
    m=json.load(open(MAP)) if os.path.exists(MAP) else build_map()
      ^^^^^^^^^^^^^^^^^^^^
  File "/usr/lib/python3.12/json/__init__.py", line 293, in load
    return loads(fp.read(),
           ^^^^^^^^^^^^^^^^
  File "/usr/lib/python3.12/json/__init__.py", line 346, in loads
    return _default_decoder.decode(s)
           ^^^^^^^^^^^^^^^^^^^^^^^^^^
  File "/usr/lib/python3.12/json/decoder.py", line 340, in decode
    raise JSONDecodeError("Extra data", s, end)
json.decoder.JSONDecodeError: Extra data: line 1 column 13979 (char 13978)
21:11:13 Traceback (most recent call last):
  File "/root/rocm-tests/bench/smc-read.py", line 12, in <module>
    m=json.load(open(MAP)) if os.path.exists(MAP) else build_map()
      ^^^^^^^^^^^^^^^^^^^^
  File "/usr/lib/python3.12/json/__init__.py", line 293, in load
    return loads(fp.read(),
           ^^^^^^^^^^^^^^^^
  File "/usr/lib/python3.12/json/__init__.py", line 346, in loads
    return _default_decoder.decode(s)
           ^^^^^^^^^^^^^^^^^^^^^^^^^^
  File "/usr/lib/python3.12/json/decoder.py", line 340, in decode
    raise JSONDecodeError("Extra data", s, end)
json.decoder.JSONDecodeError: Extra data: line 1 column 13979 (char 13978)
21:11:18 Traceback (most recent call last):
  File "/root/rocm-tests/bench/smc-read.py", line 12, in <module>
    m=json.load(open(MAP)) if os.path.exists(MAP) else build_map()
      ^^^^^^^^^^^^^^^^^^^^
  File "/usr/lib/python3.12/json/__init__.py", line 293, in load
    return loads(fp.read(),
           ^^^^^^^^^^^^^^^^
  File "/usr/lib/python3.12/json/__init__.py", line 346, in loads
    return _default_decoder.decode(s)
           ^^^^^^^^^^^^^^^^^^^^^^^^^^
  File "/usr/lib/python3.12/json/decoder.py", line 340, in decode
    raise JSONDecodeError("Extra data", s, end)
json.decoder.JSONDecodeError: Extra data: line 1 column 13979 (char 13978)
21:11:24 Traceback (most recent call last):
  File "/root/rocm-tests/bench/smc-read.py", line 12, in <module>
    m=json.load(open(MAP)) if os.path.exists(MAP) else build_map()
      ^^^^^^^^^^^^^^^^^^^^
  File "/usr/lib/python3.12/json/__init__.py", line 293, in load
    return loads(fp.read(),
           ^^^^^^^^^^^^^^^^
  File "/usr/lib/python3.12/json/__init__.py", line 346, in loads
    return _default_decoder.decode(s)
           ^^^^^^^^^^^^^^^^^^^^^^^^^^
  File "/usr/lib/python3.12/json/decoder.py", line 340, in decode
    raise JSONDecodeError("Extra data", s, end)
json.decoder.JSONDecodeError: Extra data: line 1 column 13979 (char 13978)
21:11:29 Traceback (most recent call last):
  File "/root/rocm-tests/bench/smc-read.py", line 12, in <module>
    m=json.load(open(MAP)) if os.path.exists(MAP) else build_map()
      ^^^^^^^^^^^^^^^^^^^^
  File "/usr/lib/python3.12/json/__init__.py", line 293, in load
    return loads(fp.read(),
           ^^^^^^^^^^^^^^^^
  File "/usr/lib/python3.12/json/__init__.py", line 346, in loads
    return _default_decoder.decode(s)
           ^^^^^^^^^^^^^^^^^^^^^^^^^^
  File "/usr/lib/python3.12/json/decoder.py", line 340, in decode
    raise JSONDecodeError("Extra data", s, end)
json.decoder.JSONDecodeError: Extra data: line 1 column 13979 (char 13978)
21:11:34 Traceback (most recent call last):
  File "/root/rocm-tests/bench/smc-read.py", line 12, in <module>
    m=json.load(open(MAP)) if os.path.exists(MAP) else build_map()
      ^^^^^^^^^^^^^^^^^^^^
  File "/usr/lib/python3.12/json/__init__.py", line 293, in load
    return loads(fp.read(),
           ^^^^^^^^^^^^^^^^
  File "/usr/lib/python3.12/json/__init__.py", line 346, in loads
    return _default_decoder.decode(s)
           ^^^^^^^^^^^^^^^^^^^^^^^^^^
  File "/usr/lib/python3.12/json/decoder.py", line 340, in decode
    raise JSONDecodeError("Extra data", s, end)
json.decoder.JSONDecodeError: Extra data: line 1 column 13979 (char 13978)
21:11:39 Traceback (most recent call last):
  File "/root/rocm-tests/bench/smc-read.py", line 12, in <module>
    m=json.load(open(MAP)) if os.path.exists(MAP) else build_map()
      ^^^^^^^^^^^^^^^^^^^^
  File "/usr/lib/python3.12/json/__init__.py", line 293, in load
    return loads(fp.read(),
           ^^^^^^^^^^^^^^^^
  File "/usr/lib/python3.12/json/__init__.py", line 346, in loads
    return _default_decoder.decode(s)
           ^^^^^^^^^^^^^^^^^^^^^^^^^^
  File "/usr/lib/python3.12/json/decoder.py", line 340, in decode
    raise JSONDecodeError("Extra data", s, end)
json.decoder.JSONDecodeError: Extra data: line 1 column 13979 (char 13978)
21:11:44 Traceback (most recent call last):
  File "/root/rocm-tests/bench/smc-read.py", line 12, in <module>
    m=json.load(open(MAP)) if os.path.exists(MAP) else build_map()
      ^^^^^^^^^^^^^^^^^^^^
  File "/usr/lib/python3.12/json/__init__.py", line 293, in load
    return loads(fp.read(),
           ^^^^^^^^^^^^^^^^
  File "/usr/lib/python3.12/json/__init__.py", line 346, in loads
    return _default_decoder.decode(s)
           ^^^^^^^^^^^^^^^^^^^^^^^^^^
  File "/usr/lib/python3.12/json/decoder.py", line 340, in decode
    raise JSONDecodeError("Extra data", s, end)
json.decoder.JSONDecodeError: Extra data: line 1 column 13979 (char 13978)
21:11:49 Traceback (most recent call last):
  File "/root/rocm-tests/bench/smc-read.py", line 12, in <module>
    m=json.load(open(MAP)) if os.path.exists(MAP) else build_map()
      ^^^^^^^^^^^^^^^^^^^^
  File "/usr/lib/python3.12/json/__init__.py", line 293, in load
    return loads(fp.read(),
           ^^^^^^^^^^^^^^^^
  File "/usr/lib/python3.12/json/__init__.py", line 346, in loads
    return _default_decoder.decode(s)
           ^^^^^^^^^^^^^^^^^^^^^^^^^^
  File "/usr/lib/python3.12/json/decoder.py", line 340, in decode
    raise JSONDecodeError("Extra data", s, end)
json.decoder.JSONDecodeError: Extra data: line 1 column 13979 (char 13978)
21:11:54 Traceback (most recent call last):
  File "/root/rocm-tests/bench/smc-read.py", line 12, in <module>
    m=json.load(open(MAP)) if os.path.exists(MAP) else build_map()
      ^^^^^^^^^^^^^^^^^^^^
  File "/usr/lib/python3.12/json/__init__.py", line 293, in load
    return loads(fp.read(),
           ^^^^^^^^^^^^^^^^
  File "/usr/lib/python3.12/json/__init__.py", line 346, in loads
    return _default_decoder.decode(s)
           ^^^^^^^^^^^^^^^^^^^^^^^^^^
  File "/usr/lib/python3.12/json/decoder.py", line 340, in decode
    raise JSONDecodeError("Extra data", s, end)
json.decoder.JSONDecodeError: Extra data: line 1 column 13979 (char 13978)
21:11:59 Traceback (most recent call last):
  File "/root/rocm-tests/bench/smc-read.py", line 12, in <module>
    m=json.load(open(MAP)) if os.path.exists(MAP) else build_map()
      ^^^^^^^^^^^^^^^^^^^^
  File "/usr/lib/python3.12/json/__init__.py", line 293, in load
    return loads(fp.read(),
           ^^^^^^^^^^^^^^^^
  File "/usr/lib/python3.12/json/__init__.py", line 346, in loads
    return _default_decoder.decode(s)
           ^^^^^^^^^^^^^^^^^^^^^^^^^^
  File "/usr/lib/python3.12/json/decoder.py", line 340, in decode
    raise JSONDecodeError("Extra data", s, end)
json.decoder.JSONDecodeError: Extra data: line 1 column 13979 (char 13978)
21:12:04 Traceback (most recent call last):
  File "/root/rocm-tests/bench/smc-read.py", line 12, in <module>
    m=json.load(open(MAP)) if os.path.exists(MAP) else build_map()
      ^^^^^^^^^^^^^^^^^^^^
  File "/usr/lib/python3.12/json/__init__.py", line 293, in load
    return loads(fp.read(),
           ^^^^^^^^^^^^^^^^
  File "/usr/lib/python3.12/json/__init__.py", line 346, in loads
    return _default_decoder.decode(s)
           ^^^^^^^^^^^^^^^^^^^^^^^^^^
  File "/usr/lib/python3.12/json/decoder.py", line 340, in decode
    raise JSONDecodeError("Extra data", s, end)
json.decoder.JSONDecodeError: Extra data: line 1 column 13979 (char 13978)
21:12:09 Traceback (most recent call last):
  File "/root/rocm-tests/bench/smc-read.py", line 12, in <module>
    m=json.load(open(MAP)) if os.path.exists(MAP) else build_map()
      ^^^^^^^^^^^^^^^^^^^^
  File "/usr/lib/python3.12/json/__init__.py", line 293, in load
    return loads(fp.read(),
           ^^^^^^^^^^^^^^^^
  File "/usr/lib/python3.12/json/__init__.py", line 346, in loads
    return _default_decoder.decode(s)
           ^^^^^^^^^^^^^^^^^^^^^^^^^^
  File "/usr/lib/python3.12/json/decoder.py", line 340, in decode
    raise JSONDecodeError("Extra data", s, end)
json.decoder.JSONDecodeError: Extra data: line 1 column 13979 (char 13978)
21:12:15 Traceback (most recent call last):
  File "/root/rocm-tests/bench/smc-read.py", line 12, in <module>
    m=json.load(open(MAP)) if os.path.exists(MAP) else build_map()
      ^^^^^^^^^^^^^^^^^^^^
  File "/usr/lib/python3.12/json/__init__.py", line 293, in load
    return loads(fp.read(),
           ^^^^^^^^^^^^^^^^
  File "/usr/lib/python3.12/json/__init__.py", line 346, in loads
    return _default_decoder.decode(s)
           ^^^^^^^^^^^^^^^^^^^^^^^^^^
  File "/usr/lib/python3.12/json/decoder.py", line 340, in decode
    raise JSONDecodeError("Extra data", s, end)
json.decoder.JSONDecodeError: Extra data: line 1 column 13979 (char 13978)
21:12:20 Traceback (most recent call last):
  File "/root/rocm-tests/bench/smc-read.py", line 12, in <module>
    m=json.load(open(MAP)) if os.path.exists(MAP) else build_map()
      ^^^^^^^^^^^^^^^^^^^^
  File "/usr/lib/python3.12/json/__init__.py", line 293, in load
    return loads(fp.read(),
           ^^^^^^^^^^^^^^^^
  File "/usr/lib/python3.12/json/__init__.py", line 346, in loads
    return _default_decoder.decode(s)
           ^^^^^^^^^^^^^^^^^^^^^^^^^^
  File "/usr/lib/python3.12/json/decoder.py", line 340, in decode
    raise JSONDecodeError("Extra data", s, end)
json.decoder.JSONDecodeError: Extra data: line 1 column 13979 (char 13978)
21:12:25 Traceback (most recent call last):
  File "/root/rocm-tests/bench/smc-read.py", line 12, in <module>
    m=json.load(open(MAP)) if os.path.exists(MAP) else build_map()
      ^^^^^^^^^^^^^^^^^^^^
  File "/usr/lib/python3.12/json/__init__.py", line 293, in load
    return loads(fp.read(),
           ^^^^^^^^^^^^^^^^
  File "/usr/lib/python3.12/json/__init__.py", line 346, in loads
    return _default_decoder.decode(s)
           ^^^^^^^^^^^^^^^^^^^^^^^^^^
  File "/usr/lib/python3.12/json/decoder.py", line 340, in decode
    raise JSONDecodeError("Extra data", s, end)
json.decoder.JSONDecodeError: Extra data: line 1 column 13979 (char 13978)
21:12:30 Traceback (most recent call last):
  File "/root/rocm-tests/bench/smc-read.py", line 12, in <module>
    m=json.load(open(MAP)) if os.path.exists(MAP) else build_map()
      ^^^^^^^^^^^^^^^^^^^^
  File "/usr/lib/python3.12/json/__init__.py", line 293, in load
    return loads(fp.read(),
           ^^^^^^^^^^^^^^^^
  File "/usr/lib/python3.12/json/__init__.py", line 346, in loads
    return _default_decoder.decode(s)
           ^^^^^^^^^^^^^^^^^^^^^^^^^^
  File "/usr/lib/python3.12/json/decoder.py", line 340, in decode
    raise JSONDecodeError("Extra data", s, end)
json.decoder.JSONDecodeError: Extra data: line 1 column 13979 (char 13978)
21:12:35 Traceback (most recent call last):
  File "/root/rocm-tests/bench/smc-read.py", line 12, in <module>
    m=json.load(open(MAP)) if os.path.exists(MAP) else build_map()
      ^^^^^^^^^^^^^^^^^^^^
  File "/usr/lib/python3.12/json/__init__.py", line 293, in load
    return loads(fp.read(),
           ^^^^^^^^^^^^^^^^
  File "/usr/lib/python3.12/json/__init__.py", line 346, in loads
    return _default_decoder.decode(s)
           ^^^^^^^^^^^^^^^^^^^^^^^^^^
  File "/usr/lib/python3.12/json/decoder.py", line 340, in decode
    raise JSONDecodeError("Extra data", s, end)
json.decoder.JSONDecodeError: Extra data: line 1 column 13979 (char 13978)
21:12:40 Traceback (most recent call last):
  File "/root/rocm-tests/bench/smc-read.py", line 12, in <module>
    m=json.load(open(MAP)) if os.path.exists(MAP) else build_map()
      ^^^^^^^^^^^^^^^^^^^^
  File "/usr/lib/python3.12/json/__init__.py", line 293, in load
    return loads(fp.read(),
           ^^^^^^^^^^^^^^^^
  File "/usr/lib/python3.12/json/__init__.py", line 346, in loads
    return _default_decoder.decode(s)
           ^^^^^^^^^^^^^^^^^^^^^^^^^^
  File "/usr/lib/python3.12/json/decoder.py", line 340, in decode
    raise JSONDecodeError("Extra data", s, end)
json.decoder.JSONDecodeError: Extra data: line 1 column 13979 (char 13978)
21:12:45 Traceback (most recent call last):
  File "/root/rocm-tests/bench/smc-read.py", line 12, in <module>
    m=json.load(open(MAP)) if os.path.exists(MAP) else build_map()
      ^^^^^^^^^^^^^^^^^^^^
  File "/usr/lib/python3.12/json/__init__.py", line 293, in load
    return loads(fp.read(),
           ^^^^^^^^^^^^^^^^
  File "/usr/lib/python3.12/json/__init__.py", line 346, in loads
    return _default_decoder.decode(s)
           ^^^^^^^^^^^^^^^^^^^^^^^^^^
  File "/usr/lib/python3.12/json/decoder.py", line 340, in decode
    raise JSONDecodeError("Extra data", s, end)
json.decoder.JSONDecodeError: Extra data: line 1 column 13979 (char 13978)
21:12:50 Traceback (most recent call last):
  File "/root/rocm-tests/bench/smc-read.py", line 12, in <module>
    m=json.load(open(MAP)) if os.path.exists(MAP) else build_map()
      ^^^^^^^^^^^^^^^^^^^^
  File "/usr/lib/python3.12/json/__init__.py", line 293, in load
    return loads(fp.read(),
           ^^^^^^^^^^^^^^^^
  File "/usr/lib/python3.12/json/__init__.py", line 346, in loads
    return _default_decoder.decode(s)
           ^^^^^^^^^^^^^^^^^^^^^^^^^^
  File "/usr/lib/python3.12/json/decoder.py", line 340, in decode
    raise JSONDecodeError("Extra data", s, end)
json.decoder.JSONDecodeError: Extra data: line 1 column 13979 (char 13978)
21:12:55 Traceback (most recent call last):
  File "/root/rocm-tests/bench/smc-read.py", line 12, in <module>
    m=json.load(open(MAP)) if os.path.exists(MAP) else build_map()
      ^^^^^^^^^^^^^^^^^^^^
  File "/usr/lib/python3.12/json/__init__.py", line 293, in load
    return loads(fp.read(),
           ^^^^^^^^^^^^^^^^
  File "/usr/lib/python3.12/json/__init__.py", line 346, in loads
    return _default_decoder.decode(s)
           ^^^^^^^^^^^^^^^^^^^^^^^^^^
  File "/usr/lib/python3.12/json/decoder.py", line 340, in decode
    raise JSONDecodeError("Extra data", s, end)
json.decoder.JSONDecodeError: Extra data: line 1 column 13979 (char 13978)
21:13:00 Traceback (most recent call last):
  File "/root/rocm-tests/bench/smc-read.py", line 12, in <module>
    m=json.load(open(MAP)) if os.path.exists(MAP) else build_map()
      ^^^^^^^^^^^^^^^^^^^^
  File "/usr/lib/python3.12/json/__init__.py", line 293, in load
    return loads(fp.read(),
           ^^^^^^^^^^^^^^^^
  File "/usr/lib/python3.12/json/__init__.py", line 346, in loads
    return _default_decoder.decode(s)
           ^^^^^^^^^^^^^^^^^^^^^^^^^^
  File "/usr/lib/python3.12/json/decoder.py", line 340, in decode
    raise JSONDecodeError("Extra data", s, end)
json.decoder.JSONDecodeError: Extra data: line 1 column 13979 (char 13978)
21:13:05 Traceback (most recent call last):
  File "/root/rocm-tests/bench/smc-read.py", line 12, in <module>
    m=json.load(open(MAP)) if os.path.exists(MAP) else build_map()
      ^^^^^^^^^^^^^^^^^^^^
  File "/usr/lib/python3.12/json/__init__.py", line 293, in load
    return loads(fp.read(),
           ^^^^^^^^^^^^^^^^
  File "/usr/lib/python3.12/json/__init__.py", line 346, in loads
    return _default_decoder.decode(s)
           ^^^^^^^^^^^^^^^^^^^^^^^^^^
  File "/usr/lib/python3.12/json/decoder.py", line 340, in decode
    raise JSONDecodeError("Extra data", s, end)
json.decoder.JSONDecodeError: Extra data: line 1 column 13979 (char 13978)
21:13:11 Traceback (most recent call last):
  File "/root/rocm-tests/bench/smc-read.py", line 12, in <module>
    m=json.load(open(MAP)) if os.path.exists(MAP) else build_map()
      ^^^^^^^^^^^^^^^^^^^^
  File "/usr/lib/python3.12/json/__init__.py", line 293, in load
    return loads(fp.read(),
           ^^^^^^^^^^^^^^^^
  File "/usr/lib/python3.12/json/__init__.py", line 346, in loads
    return _default_decoder.decode(s)
           ^^^^^^^^^^^^^^^^^^^^^^^^^^
  File "/usr/lib/python3.12/json/decoder.py", line 340, in decode
    raise JSONDecodeError("Extra data", s, end)
json.decoder.JSONDecodeError: Extra data: line 1 column 13979 (char 13978)
21:13:16 Traceback (most recent call last):
  File "/root/rocm-tests/bench/smc-read.py", line 12, in <module>
    m=json.load(open(MAP)) if os.path.exists(MAP) else build_map()
      ^^^^^^^^^^^^^^^^^^^^
  File "/usr/lib/python3.12/json/__init__.py", line 293, in load
    return loads(fp.read(),
           ^^^^^^^^^^^^^^^^
  File "/usr/lib/python3.12/json/__init__.py", line 346, in loads
    return _default_decoder.decode(s)
           ^^^^^^^^^^^^^^^^^^^^^^^^^^
  File "/usr/lib/python3.12/json/decoder.py", line 340, in decode
    raise JSONDecodeError("Extra data", s, end)
json.decoder.JSONDecodeError: Extra data: line 1 column 13979 (char 13978)
21:13:21 Traceback (most recent call last):
  File "/root/rocm-tests/bench/smc-read.py", line 12, in <module>
    m=json.load(open(MAP)) if os.path.exists(MAP) else build_map()
      ^^^^^^^^^^^^^^^^^^^^
  File "/usr/lib/python3.12/json/__init__.py", line 293, in load
    return loads(fp.read(),
           ^^^^^^^^^^^^^^^^
  File "/usr/lib/python3.12/json/__init__.py", line 346, in loads
    return _default_decoder.decode(s)
           ^^^^^^^^^^^^^^^^^^^^^^^^^^
  File "/usr/lib/python3.12/json/decoder.py", line 340, in decode
    raise JSONDecodeError("Extra data", s, end)
json.decoder.JSONDecodeError: Extra data: line 1 column 13979 (char 13978)
21:13:26 Traceback (most recent call last):
  File "/root/rocm-tests/bench/smc-read.py", line 12, in <module>
    m=json.load(open(MAP)) if os.path.exists(MAP) else build_map()
      ^^^^^^^^^^^^^^^^^^^^
  File "/usr/lib/python3.12/json/__init__.py", line 293, in load
    return loads(fp.read(),
           ^^^^^^^^^^^^^^^^
  File "/usr/lib/python3.12/json/__init__.py", line 346, in loads
    return _default_decoder.decode(s)
           ^^^^^^^^^^^^^^^^^^^^^^^^^^
  File "/usr/lib/python3.12/json/decoder.py", line 340, in decode
    raise JSONDecodeError("Extra data", s, end)
json.decoder.JSONDecodeError: Extra data: line 1 column 13979 (char 13978)
21:13:31 Traceback (most recent call last):
  File "/root/rocm-tests/bench/smc-read.py", line 12, in <module>
    m=json.load(open(MAP)) if os.path.exists(MAP) else build_map()
      ^^^^^^^^^^^^^^^^^^^^
  File "/usr/lib/python3.12/json/__init__.py", line 293, in load
    return loads(fp.read(),
           ^^^^^^^^^^^^^^^^
  File "/usr/lib/python3.12/json/__init__.py", line 346, in loads
    return _default_decoder.decode(s)
           ^^^^^^^^^^^^^^^^^^^^^^^^^^
  File "/usr/lib/python3.12/json/decoder.py", line 340, in decode
    raise JSONDecodeError("Extra data", s, end)
json.decoder.JSONDecodeError: Extra data: line 1 column 13979 (char 13978)
21:13:36 Traceback (most recent call last):
  File "/root/rocm-tests/bench/smc-read.py", line 12, in <module>
    m=json.load(open(MAP)) if os.path.exists(MAP) else build_map()
      ^^^^^^^^^^^^^^^^^^^^
  File "/usr/lib/python3.12/json/__init__.py", line 293, in load
    return loads(fp.read(),
           ^^^^^^^^^^^^^^^^
  File "/usr/lib/python3.12/json/__init__.py", line 346, in loads
    return _default_decoder.decode(s)
           ^^^^^^^^^^^^^^^^^^^^^^^^^^
  File "/usr/lib/python3.12/json/decoder.py", line 340, in decode
    raise JSONDecodeError("Extra data", s, end)
json.decoder.JSONDecodeError: Extra data: line 1 column 13979 (char 13978)
21:13:41 Traceback (most recent call last):
  File "/root/rocm-tests/bench/smc-read.py", line 12, in <module>
    m=json.load(open(MAP)) if os.path.exists(MAP) else build_map()
      ^^^^^^^^^^^^^^^^^^^^
  File "/usr/lib/python3.12/json/__init__.py", line 293, in load
    return loads(fp.read(),
           ^^^^^^^^^^^^^^^^
  File "/usr/lib/python3.12/json/__init__.py", line 346, in loads
    return _default_decoder.decode(s)
           ^^^^^^^^^^^^^^^^^^^^^^^^^^
  File "/usr/lib/python3.12/json/decoder.py", line 340, in decode
    raise JSONDecodeError("Extra data", s, end)
json.decoder.JSONDecodeError: Extra data: line 1 column 13979 (char 13978)
21:13:46 Traceback (most recent call last):
  File "/root/rocm-tests/bench/smc-read.py", line 12, in <module>
    m=json.load(open(MAP)) if os.path.exists(MAP) else build_map()
      ^^^^^^^^^^^^^^^^^^^^
  File "/usr/lib/python3.12/json/__init__.py", line 293, in load
    return loads(fp.read(),
           ^^^^^^^^^^^^^^^^
  File "/usr/lib/python3.12/json/__init__.py", line 346, in loads
    return _default_decoder.decode(s)
           ^^^^^^^^^^^^^^^^^^^^^^^^^^
  File "/usr/lib/python3.12/json/decoder.py", line 340, in decode
    raise JSONDecodeError("Extra data", s, end)
json.decoder.JSONDecodeError: Extra data: line 1 column 13979 (char 13978)
21:13:51 Traceback (most recent call last):
  File "/root/rocm-tests/bench/smc-read.py", line 12, in <module>
    m=json.load(open(MAP)) if os.path.exists(MAP) else build_map()
      ^^^^^^^^^^^^^^^^^^^^
  File "/usr/lib/python3.12/json/__init__.py", line 293, in load
    return loads(fp.read(),
           ^^^^^^^^^^^^^^^^
  File "/usr/lib/python3.12/json/__init__.py", line 346, in loads
    return _default_decoder.decode(s)
           ^^^^^^^^^^^^^^^^^^^^^^^^^^
  File "/usr/lib/python3.12/json/decoder.py", line 340, in decode
    raise JSONDecodeError("Extra data", s, end)
json.decoder.JSONDecodeError: Extra data: line 1 column 13979 (char 13978)
21:13:56 Traceback (most recent call last):
  File "/root/rocm-tests/bench/smc-read.py", line 12, in <module>
    m=json.load(open(MAP)) if os.path.exists(MAP) else build_map()
      ^^^^^^^^^^^^^^^^^^^^
  File "/usr/lib/python3.12/json/__init__.py", line 293, in load
    return loads(fp.read(),
           ^^^^^^^^^^^^^^^^
  File "/usr/lib/python3.12/json/__init__.py", line 346, in loads
    return _default_decoder.decode(s)
           ^^^^^^^^^^^^^^^^^^^^^^^^^^
  File "/usr/lib/python3.12/json/decoder.py", line 340, in decode
    raise JSONDecodeError("Extra data", s, end)
json.decoder.JSONDecodeError: Extra data: line 1 column 13979 (char 13978)
21:14:01 Traceback (most recent call last):
  File "/root/rocm-tests/bench/smc-read.py", line 12, in <module>
    m=json.load(open(MAP)) if os.path.exists(MAP) else build_map()
      ^^^^^^^^^^^^^^^^^^^^
  File "/usr/lib/python3.12/json/__init__.py", line 293, in load
    return loads(fp.read(),
           ^^^^^^^^^^^^^^^^
  File "/usr/lib/python3.12/json/__init__.py", line 346, in loads
    return _default_decoder.decode(s)
           ^^^^^^^^^^^^^^^^^^^^^^^^^^
  File "/usr/lib/python3.12/json/decoder.py", line 340, in decode
    raise JSONDecodeError("Extra data", s, end)
json.decoder.JSONDecodeError: Extra data: line 1 column 13979 (char 13978)
21:14:07 Traceback (most recent call last):
  File "/root/rocm-tests/bench/smc-read.py", line 12, in <module>
    m=json.load(open(MAP)) if os.path.exists(MAP) else build_map()
      ^^^^^^^^^^^^^^^^^^^^
  File "/usr/lib/python3.12/json/__init__.py", line 293, in load
    return loads(fp.read(),
           ^^^^^^^^^^^^^^^^
  File "/usr/lib/python3.12/json/__init__.py", line 346, in loads
    return _default_decoder.decode(s)
           ^^^^^^^^^^^^^^^^^^^^^^^^^^
  File "/usr/lib/python3.12/json/decoder.py", line 340, in decode
    raise JSONDecodeError("Extra data", s, end)
json.decoder.JSONDecodeError: Extra data: line 1 column 13979 (char 13978)
21:14:12 Traceback (most recent call last):
  File "/root/rocm-tests/bench/smc-read.py", line 12, in <module>
    m=json.load(open(MAP)) if os.path.exists(MAP) else build_map()
      ^^^^^^^^^^^^^^^^^^^^
  File "/usr/lib/python3.12/json/__init__.py", line 293, in load
    return loads(fp.read(),
           ^^^^^^^^^^^^^^^^
  File "/usr/lib/python3.12/json/__init__.py", line 346, in loads
    return _default_decoder.decode(s)
           ^^^^^^^^^^^^^^^^^^^^^^^^^^
  File "/usr/lib/python3.12/json/decoder.py", line 340, in decode
    raise JSONDecodeError("Extra data", s, end)
json.decoder.JSONDecodeError: Extra data: line 1 column 13979 (char 13978)
21:14:17 Traceback (most recent call last):
  File "/root/rocm-tests/bench/smc-read.py", line 12, in <module>
    m=json.load(open(MAP)) if os.path.exists(MAP) else build_map()
      ^^^^^^^^^^^^^^^^^^^^
  File "/usr/lib/python3.12/json/__init__.py", line 293, in load
    return loads(fp.read(),
           ^^^^^^^^^^^^^^^^
  File "/usr/lib/python3.12/json/__init__.py", line 346, in loads
    return _default_decoder.decode(s)
           ^^^^^^^^^^^^^^^^^^^^^^^^^^
  File "/usr/lib/python3.12/json/decoder.py", line 340, in decode
    raise JSONDecodeError("Extra data", s, end)
json.decoder.JSONDecodeError: Extra data: line 1 column 13979 (char 13978)
21:14:22 Traceback (most recent call last):
  File "/root/rocm-tests/bench/smc-read.py", line 12, in <module>
    m=json.load(open(MAP)) if os.path.exists(MAP) else build_map()
      ^^^^^^^^^^^^^^^^^^^^
  File "/usr/lib/python3.12/json/__init__.py", line 293, in load
    return loads(fp.read(),
           ^^^^^^^^^^^^^^^^
  File "/usr/lib/python3.12/json/__init__.py", line 346, in loads
    return _default_decoder.decode(s)
           ^^^^^^^^^^^^^^^^^^^^^^^^^^
  File "/usr/lib/python3.12/json/decoder.py", line 340, in decode
    raise JSONDecodeError("Extra data", s, end)
json.decoder.JSONDecodeError: Extra data: line 1 column 13979 (char 13978)
21:14:27 Traceback (most recent call last):
  File "/root/rocm-tests/bench/smc-read.py", line 12, in <module>
    m=json.load(open(MAP)) if os.path.exists(MAP) else build_map()
      ^^^^^^^^^^^^^^^^^^^^
  File "/usr/lib/python3.12/json/__init__.py", line 293, in load
    return loads(fp.read(),
           ^^^^^^^^^^^^^^^^
  File "/usr/lib/python3.12/json/__init__.py", line 346, in loads
    return _default_decoder.decode(s)
           ^^^^^^^^^^^^^^^^^^^^^^^^^^
  File "/usr/lib/python3.12/json/decoder.py", line 340, in decode
    raise JSONDecodeError("Extra data", s, end)
json.decoder.JSONDecodeError: Extra data: line 1 column 13979 (char 13978)
21:14:32 Traceback (most recent call last):
  File "/root/rocm-tests/bench/smc-read.py", line 12, in <module>
    m=json.load(open(MAP)) if os.path.exists(MAP) else build_map()
      ^^^^^^^^^^^^^^^^^^^^
  File "/usr/lib/python3.12/json/__init__.py", line 293, in load
    return loads(fp.read(),
           ^^^^^^^^^^^^^^^^
  File "/usr/lib/python3.12/json/__init__.py", line 346, in loads
    return _default_decoder.decode(s)
           ^^^^^^^^^^^^^^^^^^^^^^^^^^
  File "/usr/lib/python3.12/json/decoder.py", line 340, in decode
    raise JSONDecodeError("Extra data", s, end)
json.decoder.JSONDecodeError: Extra data: line 1 column 13979 (char 13978)
21:14:37 Traceback (most recent call last):
  File "/root/rocm-tests/bench/smc-read.py", line 12, in <module>
    m=json.load(open(MAP)) if os.path.exists(MAP) else build_map()
      ^^^^^^^^^^^^^^^^^^^^
  File "/usr/lib/python3.12/json/__init__.py", line 293, in load
    return loads(fp.read(),
           ^^^^^^^^^^^^^^^^
  File "/usr/lib/python3.12/json/__init__.py", line 346, in loads
    return _default_decoder.decode(s)
           ^^^^^^^^^^^^^^^^^^^^^^^^^^
  File "/usr/lib/python3.12/json/decoder.py", line 340, in decode
    raise JSONDecodeError("Extra data", s, end)
json.decoder.JSONDecodeError: Extra data: line 1 column 13979 (char 13978)
21:14:42 Traceback (most recent call last):
  File "/root/rocm-tests/bench/smc-read.py", line 12, in <module>
    m=json.load(open(MAP)) if os.path.exists(MAP) else build_map()
      ^^^^^^^^^^^^^^^^^^^^
  File "/usr/lib/python3.12/json/__init__.py", line 293, in load
    return loads(fp.read(),
           ^^^^^^^^^^^^^^^^
  File "/usr/lib/python3.12/json/__init__.py", line 346, in loads
    return _default_decoder.decode(s)
           ^^^^^^^^^^^^^^^^^^^^^^^^^^
  File "/usr/lib/python3.12/json/decoder.py", line 340, in decode
    raise JSONDecodeError("Extra data", s, end)
json.decoder.JSONDecodeError: Extra data: line 1 column 13979 (char 13978)
21:14:47 Traceback (most recent call last):
  File "/root/rocm-tests/bench/smc-read.py", line 12, in <module>
    m=json.load(open(MAP)) if os.path.exists(MAP) else build_map()
      ^^^^^^^^^^^^^^^^^^^^
  File "/usr/lib/python3.12/json/__init__.py", line 293, in load
    return loads(fp.read(),
           ^^^^^^^^^^^^^^^^
  File "/usr/lib/python3.12/json/__init__.py", line 346, in loads
    return _default_decoder.decode(s)
           ^^^^^^^^^^^^^^^^^^^^^^^^^^
  File "/usr/lib/python3.12/json/decoder.py", line 340, in decode
    raise JSONDecodeError("Extra data", s, end)
json.decoder.JSONDecodeError: Extra data: line 1 column 13979 (char 13978)
21:14:52 Traceback (most recent call last):
  File "/root/rocm-tests/bench/smc-read.py", line 12, in <module>
    m=json.load(open(MAP)) if os.path.exists(MAP) else build_map()
      ^^^^^^^^^^^^^^^^^^^^
  File "/usr/lib/python3.12/json/__init__.py", line 293, in load
    return loads(fp.read(),
           ^^^^^^^^^^^^^^^^
  File "/usr/lib/python3.12/json/__init__.py", line 346, in loads
    return _default_decoder.decode(s)
           ^^^^^^^^^^^^^^^^^^^^^^^^^^
  File "/usr/lib/python3.12/json/decoder.py", line 340, in decode
    raise JSONDecodeError("Extra data", s, end)
json.decoder.JSONDecodeError: Extra data: line 1 column 13979 (char 13978)
